station_id,lat,lon,page,details
ISRO0022,11.4,92.64,1,सॉफ्टवेयर User  Order  Processing  Software  Welcome  Bhargav  Gannavarapu  Logout ●    DashBoard ●    Order  ●    Statu
ISRO0276,11.4,92.64,1,"Start  Date End  Date Temporal  Resolution Order  Data 1  ISTRAC,  Dolly  gunj,  port  blair ANDAMAN  &  NICOBAR 15F016 "
ISRO0277,11.4,92.64,1,"11.40 92.64  2007-11-26 2019-02-20 HOURLY 2  INS  Utkroash,Port  Blair ANDAMAN  &  NICOBAR 15F114 ISRO0276 11.40 92.60  "
ISRO0555,11.63,92.74,2,4  Pondicherry  University-Port  Blair  (NON-ISRO) ANDAMAN  &  NICOBAR 15F22B ISRO0555 11.63 92.74  2011-02-16 2016-03-0
ISRO1285,11.63,92.74,2,4  Pondicherry  University-Port  Blair  (NON-ISRO) ANDAMAN  &  NICOBAR 15F22B ISRO0555 11.63 92.74  2011-02-16 2016-03-0
ISRO1286,11.63,92.74,2,4  Pondicherry  University-Port  Blair  (NON-ISRO) ANDAMAN  &  NICOBAR 15F22B ISRO0555 11.63 92.74  2011-02-16 2016-03-0
ISRO1287,9.18,92.82,2,92.74  2011-02-16 2016-03-08 HOURLY 5  Car  Nicobar  ANDAMAN  &  NICOBAR 15F505 ISRO1285 9.18  92.82  NA  NA  HOURLY 6  
ISRO1288,9.18,92.82,2,9.18  92.82  NA  NA  HOURLY 6  Campbellbay  ANDAMAN  &  NICOBAR 15F506 ISRO1286 7.01  93.94  2010-11-28 2016-02-26 HOURL
ISRO1289,7.01,93.94,2,7.01  93.94  2010-11-28 2016-02-26 HOURLY 7  Teressa  ANDAMAN  &  NICOBAR 15F507 ISRO1287 8.30  93.13  2010-12-23 2016-0
ISRO1290,12.04,92.98,3,10  Havelock  ANDAMAN  &  NICOBAR 15F50A ISRO1290 12.04 92.98  2015-11-04 2019-03-14 HOURLY 11  Neil  ANDAMAN  &  NICOBA
ISRO1291,12.04,92.98,3,10  Havelock  ANDAMAN  &  NICOBAR 15F50A ISRO1290 12.04 92.98  2015-11-04 2019-03-14 HOURLY 11  Neil  ANDAMAN  &  NICOBA
ISRO1292,12.04,92.98,3,15F50A ISRO1290 12.04 92.98  2015-11-04 2019-03-14 HOURLY 11  Neil  ANDAMAN  &  NICOBAR 15F50B ISRO1291 11.84 93.02  201
ISRO1293,11.84,93.02,3,15F50B ISRO1291 11.84 93.02  2015-12-16 2020-07-17 HOURLY 12  Rangat  ANDAMAN  &  NICOBAR 15F50C ISRO1292 12.51 92.30  2
ISRO1294,12.51,92.3,3,15F50C ISRO1292 12.51 92.30  2011-01-05 2022-06-18 HOURLY 13  Mayabunder  ANDAMAN  &  NICOBAR 15F50D ISRO1293 12.91 92.9
ISRO0001,12.91,92.9,3,15F50D ISRO1293 12.91 92.90  2016-01-05 2020-09-13 HOURLY 14  Diglipur  ANDAMAN  &  NICOBAR 15F50E ISRO1294 13.26 93.00 
ISRO0002,13.69,80.23,4,"16  METSITE,  SHAR  ANDHRA  PRADESH 15F002 ISRO0002 13.69 80.23  2006-01-07 2019-01-31 HOURLY 17  LPSF,  SHAR  ANDHRA  P"
ISRO0003,13.69,80.23,4,"16  METSITE,  SHAR  ANDHRA  PRADESH 15F002 ISRO0002 13.69 80.23  2006-01-07 2019-01-31 HOURLY 17  LPSF,  SHAR  ANDHRA  P"
ISRO0004,13.69,80.23,4,"ISRO0002 13.69 80.23  2006-01-07 2019-01-31 HOURLY 17  LPSF,  SHAR  ANDHRA  PRADESH 15F003 ISRO0003 13.77 80.24  2006-07"
ISRO0005,13.77,80.24,4,ISRO0003 13.77 80.24  2006-07-07 2018-06-13 HOURLY 18  PULICAT  NAGAR  SHAR-OLD ANDHRA  PRADESH 15F004 ISRO0004 13.70 80
ISRO0006,13.7,80.05,4,ISRO0004 13.70 80.05  2006-07-07 2018-05-10 HOURLY 19  NRSA  Shadnagar  ANDHRA  PRADESH 15F005 ISRO0005 17.02 78.18  200
ISRO0007,17.02,78.18,4,17.02 78.18  2006-01-07 2017-07-01 HOURLY 20  TIFR  Balloon  facility  Hyderabad ANDHRA  PRADESH 15F006 ISRO0006 17.47 7
ISRO0008,17.47,78.58,4,ISRO0006 17.47 78.58  2006-01-07 2017-09-03 HOURLY 21  SKDR  University  Anantapur ANDHRA  PRADESH 15F007 ISRO0007 14.62
ISRO0017,17.47,78.44,5,PRADESH 02-07 03-06 23  NRSA  Hyderabad  ANDHRA  PRADESH 15F011 ISRO0017 17.47 78.44  2006-02-07 2020-01-15 HOURLY 24  S
ISRO0120,17.47,78.44,5,PRADESH 02-07 03-06 23  NRSA  Hyderabad  ANDHRA  PRADESH 15F011 ISRO0017 17.47 78.44  2006-02-07 2020-01-15 HOURLY 24  S
ISRO0121,17.47,78.44,5,ISRO0017 17.47 78.44  2006-02-07 2020-01-15 HOURLY 24  SVUC  Tirupati  AP  ANDHRA  PRADESH 15F078 ISRO0120 13.62 79.53  
ISRO0220,13.62,79.53,5,13.62 79.53  2006-11-07 2017-09-24 HOURLY 25  SPGS  Puttur  Chittor  AP ANDHRA  PRADESH 15F079 ISRO0121 13.48 79.57  200
ISRO0221,13.48,79.57,5,"13.48 79.57  2006-11-07 2018-03-31 HOURLY 26  AF  ACADAMY,DUNDIGUL,HYDERABAD ANDHRA  PRADESH 15F0DC ISRO0220 17.63 78.40"
ISRO0247,17.63,78.4,5,"17.63 78.40  2007-11-26 2018-09-17 HOURLY 27  AF  Stn.  HAKIMPET,  SECUNDERABAD ANDHRA  PRADESH 15F0DD ISRO0221 17.50 78"
ISRO0272,17.72,83.23,6,"29  INS  Dega,Visakhapatnam ANDHRA  PRADESH 15F110 ISRO0272 17.72 83.23  2007-11-26 2018-09-08 HOURLY 30  OoT,Sanapa  vi"
ISRO0388,17.72,83.23,6,"29  INS  Dega,Visakhapatnam ANDHRA  PRADESH 15F110 ISRO0272 17.72 83.23  2007-11-26 2018-09-08 HOURLY 30  OoT,Sanapa  vi"
ISRO0389,17.72,83.23,6,"17.72 83.23  2007-11-26 2018-09-08 HOURLY 30  OoT,Sanapa  village,Atmakur  mandal,ATP ANDHRA  PRADESH 15F184 ISRO0388 14"
ISRO0390,14.6,77.46,6,"14.60 77.46  2008-09-24 2017-12-06 HOURLY 31  OoT,Ragulapadu,Vajrakarur  mandal,ATP ANDHRA  PRADESH 15F185 ISRO0389 14.9"
ISRO0391,14.99,77.36,6,"14.99 77.36  2008-09-24 2017-11-15 HOURLY 32  OoT,Yerraguntla,Garladinne  Mandal,ATP ANDHRA  PRADESH 15F186 ISRO0390 14."
ISRO0392,14.84,77.53,6,"14.84 77.53  2008-09-24 2020-01-31 HOURLY 33  OoT,Jallipalli,Kudair  mandal,ATP ANDHRA  PRADESH 15F187 ISRO0391 14.81 77"
ISRO0393,14.81,77.35,6,"14.81 77.35  2008-09-24 2020-01-29 HOURLY 34  OoT,BK  Samudram  Mandal,Bodiganidoddi,ATP ANDHRA  PRADESH 15F188 ISRO0392"
ISRO0394,14.93,77.86,7,"36  OoT,Peddayekkalur,  Peddapappur  Mandal,ATP ANDHRA  PRADESH 15F18A ISRO0394 14.93 77.86  2008-09-26 2020-01-30 HOURL"
ISRO0395,14.93,77.86,7,"36  OoT,Peddayekkalur,  Peddapappur  Mandal,ATP ANDHRA  PRADESH 15F18A ISRO0394 14.93 77.86  2008-09-26 2020-01-30 HOURL"
ISRO0396,14.93,77.86,7,"14.93 77.86  2008-09-26 2020-01-30 HOURLY 37  OoT,B.Pappur,Narpala  Mandal,ATP ANDHRA  PRADESH 15F18B ISRO0395 14.65 77."
ISRO0397,14.65,77.79,7,"14.65 77.79  2008-09-24 2020-01-29 HOURLY 38  OoT,Gadekal,Vidapanakal  Mandal,ATP ANDHRA  PRADESH 15F18C ISRO0396 15.12 "
ISRO0398,15.12,77.24,7,"15.12 77.24  2008-09-24 2018-11-12 HOURLY 39  OoT,Rapthadu  Mandal,  ATP ANDHRA  PRADESH 15F18D ISRO0397 14.62 77.61  20"
ISRO0399,14.62,77.61,7,"14.62 77.61  2008-09-24 2018-11-06 HOURLY 40  OoT,Yellanur  Mandal,ATP ANDHRA  PRADESH 15F18E ISRO0398 14.70 78.07  2008"
ISRO0400,14.7,78.07,7,"14.70 78.07  2008-09-24 2017-12-01 HOURLY 41  OoT,Dodagatta,  D.Hirehal  Mandal,ATP ANDHRA  PRADESH 15F18F ISRO0399 15.0"
ISRO0401,14.36,77.44,8,"PRADESH 09-24 11-28 43  OoT,Nasanakota,  Ramagiri  Mandal,ATP ANDHRA  PRADESH 15F191 ISRO0401 14.36 77.44  2008-09-24 20"
ISRO0402,14.36,77.44,8,"PRADESH 09-24 11-28 43  OoT,Nasanakota,  Ramagiri  Mandal,ATP ANDHRA  PRADESH 15F191 ISRO0401 14.36 77.44  2008-09-24 20"
ISRO0403,14.36,77.44,8,"14.36 77.44  2008-09-24 2017-11-26 HOURLY 44  OoT,Kanumukkala,  CK  Palli  Mandal,ATP ANDHRA  PRADESH 15F192 ISRO0402 14"
ISRO0404,14.31,77.75,8,"14.31 77.75  2008-09-24 2017-11-18 HOURLY 45  OoT,Avuladatla,  Rayadurg  Mandal,ATP ANDHRA  PRADESH 15F193 ISRO0403 14.7"
ISRO0405,14.7,76.99,8,"14.70 76.99  2008-09-24 2017-11-26 HOURLY 46  OoT,Cherlopalli,Bathalapalli  Mandal,ATP ANDHRA  PRADESH 15F194 ISRO0404 1"
ISRO0406,14.46,77.88,8,"14.46 77.88  2008-09-24 2018-11-07 HOURLY 47  OoT,Nuthimadugu,Kambadur  Mandal,ATP ANDHRA  PRADESH 15F195 ISRO0405 14.49"
ISRO0407,14.38,76.92,9,"49  OoT,Mulakaledu,Setturu  Mandal,ATP ANDHRA  PRADESH 15F197 ISRO0407 14.38 76.92  2008-09-24 2017-11-29 HOURLY 50  OoT"
ISRO0408,14.38,76.92,9,"49  OoT,Mulakaledu,Setturu  Mandal,ATP ANDHRA  PRADESH 15F197 ISRO0407 14.38 76.92  2008-09-24 2017-11-29 HOURLY 50  OoT"
ISRO0409,14.38,76.92,9,"14.38 76.92  2008-09-24 2017-11-29 HOURLY 50  OoT,  Kalyanadurg  Mandal,  ATP ANDHRA  PRADESH 15F198 ISRO0408 14.56 77.1"
ISRO0410,14.56,77.11,9,"14.56 77.11  2008-09-24 2017-11-28 HOURLY 51  OoT,Marala,  Bukkapatnam  Mandal,ATP ANDHRA  PRADESH 15F199 ISRO0409 14.31"
ISRO0411,14.31,77.93,9,"14.31 77.93  2008-09-24 2017-11-19 HOURLY 52  OoT,Kirikera,Gudibanda  Mandal,ATP ANDHRA  PRADESH 15F19A ISRO0410 14.02 7"
ISRO0412,14.02,77.1,9,"14.02 77.10  2008-09-24 2013-12-26 HOURLY 53  OoT,Pedamanthur,  Roddam  Mandal,ATP ANDHRA  PRADESH 15F19B ISRO0411 14.00"
ISRO0413,14.0,77.43,9,"14.00 77.43  2008-09-24 2017-11-24 HOURLY 54  OoT,Pothulakunta,  Kothacheruvu  Mandal,ATP ANDHRA  PRADESH 15F19C ISRO041"
ISRO0414,14.0,79.28,10,"56  OoT,Ubicherla,Nallacheruvu  Mandal,  ATP ANDHRA  PRADESH 15F19E ISRO0414 14.00 79.28  2008-09-24 2012-02-26 HOURLY 5"
ISRO0415,14.0,79.28,10,"56  OoT,Ubicherla,Nallacheruvu  Mandal,  ATP ANDHRA  PRADESH 15F19E ISRO0414 14.00 79.28  2008-09-24 2012-02-26 HOURLY 5"
ISRO0416,14.0,79.28,10,"14.00 79.28  2008-09-24 2012-02-26 HOURLY 57  OoT,  Edula  ballapuram,  Somandepalli  Mandal,ATP ANDHRA  PRADESH 15F19F "
ISRO0417,14.02,77.61,10,"14.02 77.61  2008-09-24 2018-04-25 HOURLY 58  OoT,Koduru,Chilamathur  Mandal,ATP ANDHRA  PRADESH 15F1A0 ISRO0416 13.87 7"
ISRO0418,13.87,77.72,10,"13.87 77.72  2008-09-24 2017-11-23 HOURLY 59  OoT,Godduvelagala,Gandlapenta  Mandal,ATP ANDHRA  PRADESH 15F1A1 ISRO0417 "
ISRO0419,14.09,78.27,10,"14.09 78.27  2008-09-24 2019-08-16 HOURLY 60  OoT,Parigi  Mandal,ATP ANDHRA  PRADESH 15F1A2 ISRO0418 13.89 77.46  2008-0"
ISRO0420,14.95,77.06,11,"62  OoT,Govindawada,Bommnahal  Mandal,  ATP ANDHRA  PRADESH 15F1A4 ISRO0420 14.95 77.06  2008-09-24 2017-11-28 HOURLY 63"
ISRO0561,14.95,77.06,11,"62  OoT,Govindawada,Bommnahal  Mandal,  ATP ANDHRA  PRADESH 15F1A4 ISRO0420 14.95 77.06  2008-09-24 2017-11-28 HOURLY 63"
ISRO0566,14.95,77.06,11,14.95 77.06  2008-09-24 2017-11-28 HOURLY 63  NARL  guest  house  Gadanki  /  Tirupathi  (NON-ISRO) ANDHRA  PRADESH 15F2
ISRO0567,13.62,79.39,11,13.62 79.39  2014-06-05 2016-03-08 HOURLY 64  DMS  SV  Enginerering  collage  Machilipatnam  (ISRO ANDHRA  PRADESH 15F23
ISRO0569,16.21,81.17,11,16.21 81.17  2010-08-15 2017-12-01 HOURLY 65  Padmavathi  Mahila  Kalasala  Machilipatnam  (ISRO ANDHRA  PRADESH 15F237 
ISRO0571,16.19,81.14,11,"16.19 81.14  2010-08-15 2018-11-25 HOURLY 66  Yogi  Vemana  University,  Cuddapa,  A.P  (ISRO  569) ANDHRA  PRADESH 15F2"
ISRO0573,14.47,78.71,11,"14.47 78.71  2010-09-19 2018-11-03 HOURLY 67  SHAR,  SRIHAROKOTA(stn  code  of  ISRO571) ANDHRA  PRADESH 15F23B ISRO0571"
ISRO0601,17.52,83.03,12,"69  BARC-DOSSUR-VIZAG ANDHRA  PRADESH 15F259 ISRO0601 17.52 83.03  2009-08-05 2013-09-27 HOURLY 70  BARC  ,PULIVENDULA,U"
ISRO0602,17.52,83.03,12,"69  BARC-DOSSUR-VIZAG ANDHRA  PRADESH 15F259 ISRO0601 17.52 83.03  2009-08-05 2013-09-27 HOURLY 70  BARC  ,PULIVENDULA,U"
ISRO0789,17.52,83.03,12,"17.52 83.03  2009-08-05 2013-09-27 HOURLY 70  BARC  ,PULIVENDULA,UCIL  CHINTAPALLY ANDHRA  PRADESH 15F25A ISRO0602 14.33"
ISRO0790,14.33,78.27,12,14.33 78.27  2009-08-05 2015-12-05 HOURLY 71  TASILDAR  OFFICE  BEJJUR ANDHRA  PRADESH 15F315 ISRO0789 19.34 79.86  2009
ISRO0791,19.34,79.86,12,19.34 79.86  2009-08-05 2018-12-22 HOURLY 72  TASILDAR  OFFICE  bela  mandal ANDHRA  PRADESH 15F316 ISRO0790 19.72 78.72
ISRO0792,19.72,78.72,12,19.72 78.72  2010-03-05 2018-12-19 HOURLY 73  TASILDAR  OFFICE  boath  mandal ANDHRA  PRADESH 15F317 ISRO0791 19.34 78.3
ISRO0793,19.34,78.32,12,19.34 78.32  2010-03-22 2018-12-20 HOURLY 74  MROOFFICE  KUNTLA  MANDAL ANDHRA  PRADESH 15F318 ISRO0792 19.17 78.10  200
ISRO0794,19.26,77.94,13,PRADESH 03-05 11-04 76  KUBIR  ANDHRA  PRADESH 15F31A ISRO0794 19.26 77.94  2009-08-05 2018-12-21 HOURLY 77  M.R.O  offi
ISRO0795,19.26,77.94,13,PRADESH 03-05 11-04 76  KUBIR  ANDHRA  PRADESH 15F31A ISRO0794 19.26 77.94  2009-08-05 2018-12-21 HOURLY 77  M.R.O  offi
ISRO0796,19.26,77.94,13,19.26 77.94  2009-08-05 2018-12-21 HOURLY 77  M.R.O  office  chennur  mandal ANDHRA  PRADESH 15F31B ISRO0795 18.86 79.79
ISRO0797,18.86,79.79,13,18.86 79.79  2009-08-05 2017-11-03 HOURLY 78  MROOFFICE  TAMSI  MANDAL ANDHRA  PRADESH 15F31C ISRO0796 19.69 78.43  2009
ISRO0798,19.69,78.43,13,19.69 78.43  2009-08-05 2018-12-19 HOURLY 79  MROOFFICE  UTNOOR  MANDAL ANDHRA  PRADESH 15F31D ISRO0797 19.37 78.78  200
ISRO0799,19.37,78.78,13,19.37 78.78  2009-08-13 2018-12-24 HOURLY 80  M.R.O.  Office  Wakdi  Mandal ANDHRA  PRADESH 15F31E ISRO0798 19.49 79.32 
ISRO0800,15.11,78.94,14,82  TASILDAR  OFFICE  KALASAPADU  (MANDAL) ANDHRA  PRADESH 15F320 ISRO0800 15.11 78.94  2009-08-05 2017-11-15 HOURLY 83 
ISRO0801,15.11,78.94,14,82  TASILDAR  OFFICE  KALASAPADU  (MANDAL) ANDHRA  PRADESH 15F320 ISRO0800 15.11 78.94  2009-08-05 2017-11-15 HOURLY 83 
ISRO0802,15.11,78.94,14,15.11 78.94  2009-08-05 2017-11-15 HOURLY 83  M.R.O.  Office  Khaji  pet  Mandal ANDHRA  PRADESH 15F321 ISRO0801 14.66 7
ISRO0803,14.66,78.77,14,14.66 78.77  2009-08-05 2017-11-15 HOURLY 84  M.R.O.  Office  Railway  kodur ANDHRA  PRADESH 15F322 ISRO0802 13.95 79.34
ISRO0804,13.95,79.34,14,13.95 79.34  2009-08-05 2018-11-03 HOURLY 85  M  R  O  OFFICE  KONDAPUR ANDHRA  PRADESH 15F323 ISRO0803 14.78 78.19  200
ISRO0805,14.78,78.19,14,14.78 78.19  2009-08-05 2018-11-04 HOURLY 86  THASILDAR  OFFICE  NANDALUR ANDHRA  PRADESH 15F324 ISRO0804 14.29 79.12  2
ISRO0806,14.29,79.12,14,"ISRO0804 14.29 79.12  2009-08-05 2018-11-03 HOURLY 87  MRO  OFFICE,VEERAPUNAYUNIPALLY ANDHRA  PRADESH 15F325 ISRO0805 14"
ISRO0807,16.95,82.23,15,"89  Tasildar  Office,kakinada ANDHRA  PRADESH 15F327 ISRO0807 16.95 82.23  2009-09-22 2017-11-19 HOURLY 90  MRO  OFFICE,"
ISRO0808,16.95,82.23,15,"89  Tasildar  Office,kakinada ANDHRA  PRADESH 15F327 ISRO0807 16.95 82.23  2009-09-22 2017-11-19 HOURLY 90  MRO  OFFICE,"
ISRO0809,16.95,82.23,15,"16.95 82.23  2009-09-22 2017-11-19 HOURLY 90  MRO  OFFICE,kothapally  mandal ANDHRA  PRADESH 15F328 ISRO0808 17.08 82.32"
ISRO0810,17.08,82.32,15,"17.08 82.32  2009-09-22 2018-12-12 HOURLY 91  MRO  OFFICE,MULKIPURAM ANDHRA  PRADESH 15F329 ISRO0809 16.41 81.81  2009-0"
ISRO0811,16.41,81.81,15,"16.41 81.81  2009-08-05 2018-12-11 HOURLY 92  MRO  OFFICE,Mumidivaram ANDHRA  PRADESH 15F32A ISRO0810 16.64 82.10  2009-"
ISRO0812,16.64,82.1,15,"16.64 82.10  2009-09-22 2018-12-11 HOURLY 93  Tasildar  Office,DeltaGannavaram,gannavaram  Mandal ANDHRA  PRADESH 15F32B"
ISRO0813,16.59,80.9,15,16.59 80.90  2009-10-04 2018-12-12 HOURLY 94  M.R.O.  OFFICE  Peddapuram  mandal ANDHRA  PRADESH 15F32C ISRO0812 17.07 8
ISRO0814,16.1,80.65,16,PRADESH 08-15 12-22 96  M.R.O.  OFFICE  Amruthalur ANDHRA  PRADESH 15F32E ISRO0814 16.10 80.65  2009-09-22 2017-08-01 HO
ISRO0815,16.1,80.65,16,PRADESH 08-15 12-22 96  M.R.O.  OFFICE  Amruthalur ANDHRA  PRADESH 15F32E ISRO0814 16.10 80.65  2009-09-22 2017-08-01 HO
ISRO0816,16.1,80.65,16,16.10 80.65  2009-09-22 2017-08-01 HOURLY 97  Tasildar  office-Nizam  patnam  mandal- ANDHRA  PRADESH 15F32F ISRO0815 15
ISRO0817,15.99,80.66,16,15.99 80.66  2010-08-15 2019-01-19 HOURLY 98  The  Tahsildar-Mahadevpur  Mandal ANDHRA  PRADESH 15F330 ISRO0816 18.73 79
ISRO0818,17.94,80.82,16,79.98  2010-08-15 2024-09-04 HOURLY 99  The  Tahsildar-Manuguru  Mandal ANDHRA  PRADESH 15F331 ISRO0817 17.94 80.82  201
ISRO0819,16.19,81.14,17,●    DashBoard ●    Order  ●    Status  ●    Account  ●    0   ● Datasource:   In-situ   Category:   AMS   AWS   AWSAGRI
ISRO0820,16.19,81.14,17,"Temporal  Resolution Order  Data 101 The  Tahsildar,Machilipatnam  Mandal ANDHRA  PRADESH 15F333 ISRO0819 16.19 81.14  2"
ISRO0821,16.23,80.91,17,2017-11-21 HOURLY 102 M.R.O.  OFFICE  movva ANDHRA  PRADESH 15F334 ISRO0820 16.23 80.91  2010-08-15 2018-11-26 HOURLY 10
ISRO0822,16.42,81.12,17,"2018-11-26 HOURLY 103 The  Tahsildar,Mudinepalli  Mandal ANDHRA  PRADESH 15F335 ISRO0821 16.42 81.12  2009-09-22 2019-01"
ISRO0823,15.39,77.23,18,"105 The  Tahsildar,Alur  Mandal,Kurnool  District. ANDHRA  PRADESH 15F337 ISRO0823 15.39 77.23  2009-08-13 2017-12-05 HO"
ISRO0824,15.39,77.23,18,"105 The  Tahsildar,Alur  Mandal,Kurnool  District. ANDHRA  PRADESH 15F337 ISRO0823 15.39 77.23  2009-08-13 2017-12-05 HO"
ISRO0825,15.48,77.39,18,2017-12-05 HOURLY 106 M.R.O.  OFFICE  ASPARI  MANDAL ANDHRA  PRADESH 15F338 ISRO0824 15.48 77.39  2009-08-13 2018-10-06 
ISRO0826,15.78,77.14,18,2018-10-06 HOURLY 107 m.r.o.  office  kowthlam  mandal ANDHRA  PRADESH 15F339 ISRO0825 15.78 77.14  2009-08-05 2018-11-0
ISRO0827,15.54,77.55,18,2018-11-01 HOURLY 108 DEVARA  KONDA ANDHRA  PRADESH 15F33A ISRO0826 15.54 77.55  2009-08-05 2018-11-01 HOURLY 109 The  T
ISRO0828,15.54,77.55,18,15.54 77.55  2009-08-05 2018-11-01 HOURLY 109 The  Tahsildar-Gadivemula  Mandal ANDHRA  PRADESH 15F33B ISRO0827 15.68 78
ISRO0829,15.68,78.42,18,ISRO0827 15.68 78.42  2010-08-15 2017-11-14 HOURLY 110  BANAGA  PALLY   ANDHRA  PRADESH 15F33C ISRO0828 15.32 78.22  200
ISRO0830,16.4,78.65,19,"112  MRO  ,ACHAMPET ANDHRA  PRADESH 15F33E ISRO0830 16.40 78.65  2009-08-08 2018-11-26 HOURLY 113  MPO  ITIKYAL  ANDHRA "
ISRO0831,16.4,78.65,19,"112  MRO  ,ACHAMPET ANDHRA  PRADESH 15F33E ISRO0830 16.40 78.65  2009-08-08 2018-11-26 HOURLY 113  MPO  ITIKYAL  ANDHRA "
ISRO0832,16.4,78.65,19,ISRO0830 16.40 78.65  2009-08-08 2018-11-26 HOURLY 113  MPO  ITIKYAL  ANDHRA  PRADESH 15F33F ISRO0831 15.09 77.86  2009-
ISRO0833,15.09,77.86,19,"15.09 77.86  2009-08-05 2018-07-01 HOURLY 114  MRO,JADCHERLA ANDHRA  PRADESH 15F340 ISRO0832 16.76 78.14  2009-08-05 201"
ISRO0846,16.76,78.14,19,"16.76 78.14  2009-08-05 2018-10-20 HOURLY 115  MRO,NARVA  MANDAL ANDHRA  PRADESH 15F341 ISRO0833 16.48 77.67  2009-08-05"
ISRO0847,16.48,77.67,19,16.48 77.67  2009-08-05 2018-01-08 HOURLY 116  The  Tahsildar-Vanaparthi  Mandal- ANDHRA  PRADESH 15F34E ISRO0846 16.36 
ISRO0848,16.36,78.06,19,"16.36 78.06  2010-08-15 2017-12-01 HOURLY 117  M.R.O.Office,Kadugal ANDHRA  PRADESH 15F34F ISRO0847 17.11 77.63  2009-08"
ISRO0849,18.04,77.78,20,PRADESH 8-05 2-31 119  M.R.O.Office-Narayana  ked ANDHRA  PRADESH 15F351 ISRO0849 18.04 77.78  2010-08-15 2018-12-25 HOU
ISRO0850,18.04,77.78,20,PRADESH 8-05 2-31 119  M.R.O.Office-Narayana  ked ANDHRA  PRADESH 15F351 ISRO0849 18.04 77.78  2010-08-15 2018-12-25 HOU
ISRO0851,17.68,77.61,20,"2018-12-25 HOURLY 120 MRO  Office,  Zaheerabad ANDHRA  PRADESH 15F352 ISRO0850 17.68 77.61  2009-08-05 2018-12-28 HOURLY"
ISRO0852,14.68,80.05,20,2018-12-28 HOURLY 121 The  Tahsildar-Allur  Mandal- ANDHRA  PRADESH 15F353 ISRO0851 14.68 80.05  2010-08-15 2019-01-23 H
ISRO0853,14.47,80.09,20,2019-01-23 HOURLY 122 MRO  Office-hindupurpet ANDHRA  PRADESH 15F354 ISRO0852 14.47 80.09  2010-08-15 2019-01-24 HOURLY 
ISRO0854,14.91,79.99,20,2019-01-24 HOURLY 123 MRO  Office  Kavali ANDHRA  PRADESH 15F355 ISRO0853 14.91 79.99  2009-08-05 2019-02-07 HOURLY 124 
ISRO0855,13.7,80.02,21,125 The  Tahsildar-Sullurpeta  Mandal- ANDHRA  PRADESH 15F357 ISRO0855 13.70 80.02  2010-08-15 2019-01-25 HOURLY 126 The
ISRO0856,13.7,80.02,21,125 The  Tahsildar-Sullurpeta  Mandal- ANDHRA  PRADESH 15F357 ISRO0855 13.70 80.02  2010-08-15 2019-01-25 HOURLY 126 The
ISRO0857,18.67,78.1,21,2019-01-25 HOURLY 126 The  Tahsildar-Nizamabad  Mandal- ANDHRA  PRADESH 15F358 ISRO0856 18.67 78.10  2010-08-15 2018-12-
ISRO0858,15.83,80.35,21,2018-12-24 HOURLY 127 M.R.O.Office  Chirala ANDHRA  PRADESH 15F359 ISRO0857 15.83 80.35  2009-09-22 2019-01-02 HOURLY 12
ISRO0859,15.08,79.9,21,"2019-01-02 HOURLY 128 M.R.O.Office,gudlur  mandal ANDHRA  PRADESH 15F35A ISRO0858 15.08 79.90  2009-09-22 2019-01-16 HOU"
ISRO0860,15.82,80.11,21,"2019-01-16 HOURLY 129 M.R.O.Office,janakavaram ANDHRA  PRADESH 15F35B ISRO0859 15.82 80.11  2009-09-22 2019-01-13 HOURLY"
ISRO0861,15.22,79.91,21,"2019-01-13 HOURLY 130 M.R.O.Office,kandukur  mandal ANDHRA  PRADESH 15F35C ISRO0860 15.22 79.91  2009-09-22 2017-08-18 H"
ISRO0862,15.45,80.16,22,"132 M.R.O.Office,Kottapatnam ANDHRA  PRADESH 15F35E ISRO0862 15.45 80.16  2009-09-22 2019-01-02 HOURLY 133 M.R.O.Office,"
ISRO0863,15.45,80.16,22,"132 M.R.O.Office,Kottapatnam ANDHRA  PRADESH 15F35E ISRO0862 15.45 80.16  2009-09-22 2019-01-02 HOURLY 133 M.R.O.Office,"
ISRO0864,15.62,80.02,22,"80.16  2009-09-22 2019-01-02 HOURLY 133 M.R.O.Office,  MADHIPADU ANDHRA  PRADESH 15F35F ISRO0863 15.62 80.02  2009-09-22"
ISRO0865,15.17,80.01,22,80.02  2009-09-22 2018-12-30 HOURLY 134 Ulava  padu  ANDHRA  PRADESH 15F360 ISRO0864 15.17 80.01  2010-03-05 2019-01-17 
ISRO0866,17.31,78.13,22,"2019-01-17 HOURLY 135 M.R.O.Office,CHEVELLA  MANDAL ANDHRA  PRADESH 15F361 ISRO0865 17.31 78.13  2009-08-05 2019-03-14 H"
ISRO0867,18.91,83.81,22,2019-03-14 HOURLY 136 The  Tahsildar-Bhamini  Mandal- ANDHRA  PRADESH 15F362 ISRO0866 18.91 83.81  2010-03-05 2017-11-02
ISRO0868,18.67,83.95,22,"83.81  2010-03-05 2017-11-02 HOURLY 137 The  Tahsildar,Hiramandalam  Mandal, ANDHRA  PRADESH 15F363 ISRO0867 18.67 83.95"
ISRO0869,18.42,84.05,23,PRADESH 9-22 0-31 139 M.R.O.Office  Narsannapet ANDHRA  PRADESH 15F365 ISRO0869 18.42 84.05  2009-10-01 2018-05-31 HOURL
ISRO0870,18.42,84.05,23,9-22 0-31 139 M.R.O.Office  Narsannapet ANDHRA  PRADESH 15F365 ISRO0869 18.42 84.05  2009-10-01 2018-05-31 HOURLY 140 M.
ISRO0871,18.78,84.41,23,2018-05-31 HOURLY 140 M.R.O.Office  PALASA ANDHRA  PRADESH 15F366 ISRO0870 18.78 84.41  2010-03-05 2018-12-21 HOURLY 141
ISRO0872,18.74,84.08,23,2018-12-21 HOURLY 141 The  Tahsildar-Pathapatnam  Mandal- ANDHRA  PRADESH 15F367 ISRO0871 18.74 84.08  2010-03-05 2018-1
ISRO0873,18.45,83.66,23,2018-12-22 HOURLY 142 M.R.O.Office  Rajam  mandal ANDHRA  PRADESH 15F368 ISRO0872 18.45 83.66  2010-03-06 2018-12-27 HOU
ISRO0874,18.21,83.69,23,2018-12-27 HOURLY 143 M.R.O.Office  Ranastalam  mandal ANDHRA  PRADESH 15F369 ISRO0873 18.21 83.69  2010-03-05 2017-11-0
ISRO0875,18.94,84.58,24,145 M.R.O.Office  sompet ANDHRA  PRADESH 15F36B ISRO0875 18.94 84.58  2010-03-05 2018-05-19 HOURLY 146 M.R.O.Office  Opp
ISRO0876,18.94,84.58,24,145 M.R.O.Office  sompet ANDHRA  PRADESH 15F36B ISRO0875 18.94 84.58  2010-03-05 2018-05-19 HOURLY 146 M.R.O.Office  Opp
ISRO0877,18.31,83.89,24,"2018-05-19 HOURLY 146 M.R.O.Office  Opp  BusStand,Srikakulam ANDHRA  PRADESH 15F36C ISRO0876 18.31 83.89  2009-08-05 201"
ISRO0878,18.69,83.6,24,2011-10-26 HOURLY 147 M.R.O.Office  Veeraghattam ANDHRA  PRADESH 15F36D ISRO0877 18.69 83.60  2009-08-05 2018-06-17 HOUR
ISRO0879,17.89,83.45,24,2018-06-17 HOURLY 148 The  Tahsildar-Bheemunipatnam  Mandal- ANDHRA  PRADESH 15F36E ISRO0878 17.89 83.45  2010-03-05 201
ISRO0880,18.49,83.39,24,"2017-12-07 HOURLY 149 Tasildar  office,chintapally  mandal ANDHRA  PRADESH 15F36F ISRO0879 18.49 83.39  2009-09-30 2018-"
ISRO0881,17.41,82.73,24,"2018-12-27 HOURLY 150 MRO  OFFICE,NAKKAPALLY ANDHRA  PRADESH 15F370 ISRO0880 17.41 82.73  2009-09-29 2018-12-29 HOURLY 1"
ISRO0882,17.46,82.93,25,"152 TASILDAR  OFFICE  ,rampally ANDHRA  PRADESH 15F372 ISRO0882 17.46 82.93  2009-08-22 2018-12-31 HOURLY 153 The  Tahsi"
ISRO0883,17.46,82.93,25,"152 TASILDAR  OFFICE  ,rampally ANDHRA  PRADESH 15F372 ISRO0882 17.46 82.93  2009-08-22 2018-12-31 HOURLY 153 The  Tahsi"
ISRO0884,17.79,83.13,25,2018-12-31 HOURLY 153 The  Tahsildar-Sabbavaram  Mandal- ANDHRA  PRADESH 15F373 ISRO0883 17.79 83.13  2010-03-05 2018-12
ISRO0885,17.55,82.86,25,2018-12-28 HOURLY 154 Mandal  Revenue  Office  Yelamanchali  Mandal ANDHRA  PRADESH 15F374 ISRO0884 17.55 82.86  2009-08
ISRO0886,18.49,83.39,25,2017-11-10 HOURLY 155 M.R.O.Office  datirajeru  mandal ANDHRA  PRADESH 15F375 ISRO0885 18.49 83.39  2009-09-22 2017-11-0
ISRO0887,18.86,83.55,25,2017-11-08 HOURLY 156 Kurupam  Mandal ANDHRA  PRADESH 15F376 ISRO0886 18.86 83.55  2009-09-22 2018-12-26 HOURLY 157 The 
ISRO0888,18.47,83.11,25,2018-12-26 HOURLY 157 The  Tahsildar-Pachipenta  Mandal- ANDHRA  PRADESH 15F377 ISRO0887 18.47 83.11  2010-03-05 2017-11
ISRO0889,18.52,83.2,26,hipuram  Mandal- PRADESH 3-05 5-19 159 The  Tahsildar-Salur  Mandal- ANDHRA  PRADESH 15F379 ISRO0889 18.52 83.20  2010-0
ISRO0890,18.52,83.2,26,3-05 5-19 159 The  Tahsildar-Salur  Mandal- ANDHRA  PRADESH 15F379 ISRO0889 18.52 83.20  2010-03-05 2019-01-02 HOURLY 16
ISRO0891,18.23,83.37,26,"2019-01-02 HOURLY 160 The  Tahsildar,Seethanagaram  Mandal, ANDHRA  PRADESH 15F37A ISRO0890 18.23 83.37  2009-09-22 2018"
ISRO0892,18.11,83.1,26,2018-12-26 HOURLY 161 The  Tahsildar-Srungavarapukota  Mandal- ANDHRA  PRADESH 15F37B ISRO0891 18.11 83.10  2010-06-26 2
ISRO0893,18.04,83.27,26,2017-11-05 HOURLY 162 The  Tahsildar-Vizianagaram  Mandal- ANDHRA  PRADESH 15F37C ISRO0892 18.04 83.27  2010-03-05 2019-
ISRO0894,18.32,80.42,26,2019-10-16 HOURLY 163 M.R.O.Office  Atur  nagaram ANDHRA  PRADESH 15F37D ISRO0893 18.32 80.42  2009-09-22 2017-10-10 HOU
ISRO0895,17.76,79.58,27,165 The  Tahsildar-Vardannapet  Mandal- ANDHRA  PRADESH 15F37F ISRO0895 17.76 79.58  2010-03-05 2017-11-10 HOURLY 166 M.
ISRO0896,17.76,79.58,27,165 The  Tahsildar-Vardannapet  Mandal- ANDHRA  PRADESH 15F37F ISRO0895 17.76 79.58  2010-03-05 2017-11-10 HOURLY 166 M.
ISRO0897,16.59,81.39,27,2017-11-10 HOURLY 166 M.R.O.Office  Akiveedu ANDHRA  PRADESH 15F380 ISRO0896 16.59 81.39  2009-09-22 2017-11-24 HOURLY 1
ISRO0898,16.43,81.44,27,2017-11-24 HOURLY 167 M.R.O.Office  mogathuru ANDHRA  PRADESH 15F381 ISRO0897 16.43 81.44  2009-09-22 2018-12-15 HOURLY 
ISRO0899,16.64,81.04,27,2018-12-15 HOURLY 168 M.R.O.Office  Pedda  padu  mandal ANDHRA  PRADESH 15F382 ISRO0898 16.64 81.04  2009-09-22 2017-10-
ISRO0900,16.66,81.74,27,2017-10-28 HOURLY 169 M.R.O.Office  Penugonda  taluka ANDHRA  PRADESH 15F383 ISRO0899 16.66 81.74  2009-09-22 2018-12-14
ISRO0990,16.64,81.66,27,2018-12-14 HOURLY 170 The  Tahsildar-Penumantra  Mandal- ANDHRA  PRADESH 15F384 ISRO0900 16.64 81.66  2010-08-15 2018-12
ISRO0991,16.85,79.97,28,"172 ANGRAU  ARS-Kampa  sagar-Miryalguda  ,  site  at  Baba  s ANDHRA  PRADESH 15F3DF ISRO0991 16.85 79.97  2010-03-05 20"
ISRO0992,16.85,79.97,28,"172 ANGRAU  ARS-Kampa  sagar-Miryalguda  ,  site  at  Baba  s ANDHRA  PRADESH 15F3DF ISRO0991 16.85 79.97  2010-03-05 20"
ISRO0993,16.5,80.66,28,2018-12-29 HOURLY 173 DTE-Govt.  Polytechnic ANDHRA  PRADESH 15F3E0 ISRO0992 16.50 80.66  2010-11-27 2014-06-01 HOURLY 1
ISRO1098,17.71,83.27,28,2014-06-01 HOURLY 174 ND  yard  CMO  HQ  Esatern  navel  CNB ANDHRA  PRADESH 15F3E1 ISRO0993 17.71 83.27  2010-03-04 201
ISRO1249,16.48,82.09,28,"83.27  2010-03-04 2018-12-13 HOURLY 175 KG  Basin,  Cain  Energy,  Yanam ANDHRA  PRADESH 15F44A ISRO1098 16.48 82.09  20"
ISRO1250,13.73,80.17,28,82.09  2010-12-30 2018-05-28 HOURLY 176 SHAR-Phase-2  ANDHRA  PRADESH 15F4E1 ISRO1249 13.73 80.17  2013-08-01 2019-02-01
ISRO1307,17.27,78.28,29,178 OBE_TESTING_HYD1 ANDHRA  PRADESH 15F51B ISRO1307 17.27 78.28  2011-01-21 2020-03-17 HOURLY 179 OBE_TESTING_HYD2 ANDH
ISRO1308,17.27,78.28,29,178 OBE_TESTING_HYD1 ANDHRA  PRADESH 15F51B ISRO1307 17.27 78.28  2011-01-21 2020-03-17 HOURLY 179 OBE_TESTING_HYD2 ANDH
ISRO0102,17.27,78.28,29,78.28  2011-01-21 2020-03-17 HOURLY 179 OBE_TESTING_HYD2 ANDHRA  PRADESH 15F51C ISRO1308 17.27 78.28  2019-08-22 2020-03
ISRO0103,17.27,78.28,29,17.27 78.28  2019-08-22 2020-03-17 HOURLY 180 KHONSA  ARUNACHAL 15F066 ISRO0102 27.19 95.47  2006-02-06 2017-07-23 HOURL
ISRO0104,27.19,95.47,29,27.19 95.47  2006-02-06 2017-07-23 HOURLY 181 Roing  ARUNACHAL 15F067 ISRO0103 28.14 95.83  2006-03-29 2011-07-18 HOURLY
ISRO0105,28.14,95.83,29,28.14 95.83  2006-03-29 2011-07-18 HOURLY 182 TEJU  ARUNACHAL 15F068 ISRO0104 27.92 96.17  2008-03-19 2017-07-26 HOURLY 
ISRO0106,27.92,96.17,29,27.92 96.17  2008-03-19 2017-07-26 HOURLY 183 NAMSAI  ARUNACHAL 15F069 ISRO0105 27.67 95.86  2007-11-26 2018-11-01 HOURL
ISRO0108,28.79,95.89,30,185 Anini  ARUNACHAL 15F06C ISRO0108 28.79 95.89  2008-10-01 2018-09-20 HOURLY 186 ITANAGAR  ARUNACHAL 15F06E ISRO0110 2
ISRO0110,28.79,95.89,30,185 Anini  ARUNACHAL 15F06C ISRO0108 28.79 95.89  2008-10-01 2018-09-20 HOURLY 186 ITANAGAR  ARUNACHAL 15F06E ISRO0110 2
ISRO0111,28.79,95.89,30,28.79 95.89  2008-10-01 2018-09-20 HOURLY 186 ITANAGAR  ARUNACHAL 15F06E ISRO0110 27.07 93.59  2008-03-11 2018-11-20 HOU
ISRO0112,27.07,93.59,30,27.07 93.59  2008-03-11 2018-11-20 HOURLY 187 DATORIJO  ARUNACHAL 15F06F ISRO0111 27.99 94.50  2008-03-14 2011-11-01 HOU
ISRO0113,27.99,94.5,30,27.99 94.50  2008-03-14 2011-11-01 HOURLY 188 BASAR  ARUNACHAL 15F070 ISRO0112 27.98 94.70  2008-03-28 2017-08-11 HOURLY
ISRO0114,27.98,94.7,30,27.98 94.70  2008-03-28 2017-08-11 HOURLY 189 PASIGHAT  ARUNACHAL 15F071 ISRO0113 28.07 95.34  2008-03-25 2019-01-22 HOU
ISRO0115,28.07,95.34,30,28.07 95.34  2008-03-25 2019-01-22 HOURLY 190 KOLORIANE  ARUNACHAL 15F072 ISRO0114 27.87 93.35  2009-04-30 2012-03-20 HO
ISRO0116,27.59,91.87,31,4-09 1-27 192 TAWANG  ARUNACHAL 15F074 ISRO0116 27.59 91.87  2007-12-03 2019-01-01 HOURLY 193 YINGKIONG  ARUNACHAL 15F07
ISRO0117,27.59,91.87,31,4-09 1-27 192 TAWANG  ARUNACHAL 15F074 ISRO0116 27.59 91.87  2007-12-03 2019-01-01 HOURLY 193 YINGKIONG  ARUNACHAL 15F07
ISRO0118,27.59,91.87,31,27.59 91.87  2007-12-03 2019-01-01 HOURLY 193 YINGKIONG  ARUNACHAL 15F075 ISRO0117 28.64 95.02  2008-03-10 2019-01-23 HO
ISRO1229,27.56,93.8,31,95.02  2008-03-10 2019-01-23 HOURLY 194 ZIRO  ARUNACHAL 15F076 ISRO0118 27.56 93.80  2007-11-26 2019-01-02 HOURLY 195 NE
ISRO1230,27.4,93.74,31,2019-01-02 HOURLY 195 NEEPCO.  Lower  Subansri. ARUNACHAL 15F4CD ISRO1229 27.40 93.74  2010-12-22 2019-01-02 HOURLY 196 
ISRO1333,27.51,93.54,31,"93.74  2010-12-22 2019-01-02 HOURLY 196 NEEPCO.  BDO  Office,  Mengio. ARUNACHAL 15F4CE ISRO1230 27.51 93.54  2010-12-20"
ISRO1334,27.47,93.75,32,198 Badletam  ARUNACHAL 15F536 ISRO1334 27.47 93.75  2011-01-20 2026-07-23 HOURLY 199 Gyabli  ARUNACHAL 15F537 ISRO1335 
ISRO1335,27.47,93.75,32,198 Badletam  ARUNACHAL 15F536 ISRO1334 27.47 93.75  2011-01-20 2026-07-23 HOURLY 199 Gyabli  ARUNACHAL 15F537 ISRO1335 
ISRO1336,27.47,93.75,32,27.47 93.75  2011-01-20 2026-07-23 HOURLY 199 Gyabli  ARUNACHAL 15F537 ISRO1335 27.54 93.73  2018-11-27 2026-07-24 HOURL
ISRO1337,27.62,93.7,33,201  Seya  ARUNACHAL 15F539 ISRO1337 27.62 93.70  2018-09-06 2026-07-10 HOURLY 202  Dem  ARUNACHAL 15F53A ISRO1338 27.62
ISRO1338,27.62,93.7,33,201  Seya  ARUNACHAL 15F539 ISRO1337 27.62 93.70  2018-09-06 2026-07-10 HOURLY 202  Dem  ARUNACHAL 15F53A ISRO1338 27.62
ISRO1339,27.62,93.7,33,15F539 ISRO1337 27.62 93.70  2018-09-06 2026-07-10 HOURLY 202  Dem  ARUNACHAL 15F53A ISRO1338 27.62 93.66  2018-09-06 20
ISRO1340,27.62,93.66,33,15F53A ISRO1338 27.62 93.66  2018-09-06 2023-09-20 HOURLY 203  Kungitot  ARUNACHAL 15F53B ISRO1339 27.57 93.63  2010-12-
ISRO1341,27.57,93.63,33,15F53B ISRO1339 27.57 93.63  2010-12-26 2026-07-10 HOURLY 204  Dodo  ARUNACHAL 15F53C ISRO1340 27.42 93.77  2011-02-18 2
ISRO1342,27.42,93.77,33,15F53C ISRO1340 27.42 93.77  2011-02-18 2025-03-16 HOURLY 205  Amgi  ARUNACHAL 15F53D ISRO1341 27.37 93.72  2019-02-11 2
ISRO1343,27.37,93.72,33,15F53D ISRO1341 27.37 93.72  2019-02-11 2025-08-04 HOURLY 206  Sima  ARUNACHAL 15F53E ISRO1342 27.35 93.47  2011-01-25 2
ISRO1344,27.41,93.55,34,208  Nakar  ARUNACHAL 15F540 ISRO1344 27.41 93.55  2019-02-11 2026-07-24 HOURLY 209  Searchgai  ARUNACHAL 15F541 ISRO134
ISRO1345,27.41,93.55,34,208  Nakar  ARUNACHAL 15F540 ISRO1344 27.41 93.55  2019-02-11 2026-07-24 HOURLY 209  Searchgai  ARUNACHAL 15F541 ISRO134
ISRO1346,27.41,93.55,34,15F540 ISRO1344 27.41 93.55  2019-02-11 2026-07-24 HOURLY 209  Searchgai  ARUNACHAL 15F541 ISRO1345 27.47 93.58  2019-02
ISRO1347,27.47,93.58,34,15F541 ISRO1345 27.47 93.58  2019-02-17 2025-06-04 HOURLY 210  Comp  ARUNACHAL 15F542 ISRO1346 27.45 93.68  2019-02-18 2
ISRO1348,27.45,93.68,34,15F542 ISRO1346 27.45 93.68  2019-02-18 2026-07-24 HOURLY 211  Kidding  ARUNACHAL 15F543 ISRO1347 27.54 93.46  2019-02-1
ISRO1349,27.54,93.46,34,15F543 ISRO1347 27.54 93.46  2019-02-16 2025-01-16 HOURLY 212  Langik  ARUNACHAL 15F544 ISRO1348 27.53 93.53  2019-02-11
ISRO1361,27.53,93.53,34,15F544 ISRO1348 27.53 93.53  2019-02-11 2025-09-25 HOURLY 213  Pange  ARUNACHAL 15F545 ISRO1349 27.56 93.91  2019-02-11 
ISRO1362,27.43,92.12,35,6-22 7-24 215  Nyukmadung  ARUNACHAL 15F552 ISRO1362 27.43 92.12  2022-06-22 2026-07-24 HOURLY 216  Khasso  ARUNACHAL 15
ISRO1363,27.43,92.12,35,6-22 7-24 215  Nyukmadung  ARUNACHAL 15F552 ISRO1362 27.43 92.12  2022-06-22 2026-07-24 HOURLY 216  Khasso  ARUNACHAL 15
ISRO1364,27.43,92.12,35,15F552 ISRO1362 27.43 92.12  2022-06-22 2026-07-24 HOURLY 216  Khasso  ARUNACHAL 15F553 ISRO1363 27.43 92.32  2022-10-14
ISRO1371,27.43,92.32,35,ISRO1363 27.43 92.32  2022-10-14 2026-07-24 HOURLY 217  Khoitam  ARUNACHAL 15F554 ISRO1364 27.33 92.44  2022-06-22 2026-
ISRO1372,27.33,92.44,35,15F554 ISRO1364 27.33 92.44  2022-06-22 2026-07-21 HOURLY 218  Pach  Hapa  village ARUNACHAL 15F55B ISRO1371 27.21 93.64
ISRO1373,27.21,93.64,35,ARUNACHAL 15F55B ISRO1371 27.21 93.64  2022-12-13 2026-07-24 219  Sagalee  ARUNACHAL 15F55C ISRO1372 27.25 93.49  2022-1
ISRO1380,27.34,96.03,36,"221  Joyrampur,  Changlang ARUNACHAL 15F564 ISRO1380 27.34 96.03  2023-09-27 2026-07-24 222  Segong  ARUNACHAL 15F56A IS"
ISRO1386,27.34,96.03,36,"221  Joyrampur,  Changlang ARUNACHAL 15F564 ISRO1380 27.34 96.03  2023-09-27 2026-07-24 222  Segong  ARUNACHAL 15F56A IS"
ISRO1387,27.34,96.03,36,"221  Joyrampur,  Changlang ARUNACHAL 15F564 ISRO1380 27.34 96.03  2023-09-27 2026-07-24 222  Segong  ARUNACHAL 15F56A IS"
ISRO1388,28.67,93.97,36,2026-07-24 222  Segong  ARUNACHAL 15F56A ISRO1386 28.67 93.97  2025-05-01 2026-07-24 223  Mechuka  ARUNACHAL 15F56B ISRO
ISRO1389,28.6,94.14,36,2026-07-24 223  Mechuka  ARUNACHAL 15F56B ISRO1387 28.60 94.14  2025-05-01 2026-07-24 224  Tato  ARUNACHAL 15F56C ISRO13
ISRO1390,28.52,94.37,36,2026-07-24 224  Tato  ARUNACHAL 15F56C ISRO1388 28.52 94.37  2025-05-01 2026-07-24 225  Chengo  ARUNACHAL 15F56D ISRO138
ISRO0021,28.83,94.24,36,2026-07-24 225  Chengo  ARUNACHAL 15F56D ISRO1389 28.83 94.24  2025-05-01 2026-07-24 226  Taiyong  ARUNACHAL 15F56E ISRO
ISRO0062,27.2,94.11,37,228  LAKHIMPUR  ASSAM  15F03E ISRO0062 27.20 94.11  2007-11-26 2018-12-06 HOURLY 229  Gawahati(KAHIKUCHI) ASSAM  15F040 
ISRO0064,27.2,94.11,37,228  LAKHIMPUR  ASSAM  15F03E ISRO0062 27.20 94.11  2007-11-26 2018-12-06 HOURLY 229  Gawahati(KAHIKUCHI) ASSAM  15F040 
ISRO0065,27.2,94.11,37,228  LAKHIMPUR  ASSAM  15F03E ISRO0062 27.20 94.11  2007-11-26 2018-12-06 HOURLY 229  Gawahati(KAHIKUCHI) ASSAM  15F040 
ISRO0066,26.18,91.72,37,229  Gawahati(KAHIKUCHI) ASSAM  15F040 ISRO0064 26.18 91.72  2006-05-08 2019-09-07 HOURLY 230  BONGAIGAON ASSAM  15F041 
ISRO0067,26.52,90.49,37,HOURLY 230  BONGAIGAON ASSAM  15F041 ISRO0065 26.52 90.49  2007-11-26 2018-11-29 HOURLY 231  GOSSAIGAON  ASSAM  15F042 I
ISRO0068,26.39,89.94,37,2018-11-29 HOURLY 231  GOSSAIGAON  ASSAM  15F042 ISRO0066 26.39 89.94  2007-11-26 2024-04-16 HOURLY 232  NALBARI  ASSAM 
ISRO0069,26.44,91.34,37,2024-04-16 HOURLY 232  NALBARI  ASSAM  15F043 ISRO0067 26.44 91.34  2007-11-26 2019-11-16 HOURLY 233  KARIMGUNJ  ASSAM  
ISRO0073,25.99,91.25,38,1-26 1-28 235  BOKO  ASSAM  15F049 ISRO0073 25.99 91.25  2007-11-26 2019-01-28 HOURLY 236  GOLAPARA  ASSAM  15F04A ISRO0
ISRO0074,25.99,91.25,38,1-26 1-28 235  BOKO  ASSAM  15F049 ISRO0073 25.99 91.25  2007-11-26 2019-01-28 HOURLY 236  GOLAPARA  ASSAM  15F04A ISRO0
ISRO0075,25.99,91.25,38,1-26 1-28 235  BOKO  ASSAM  15F049 ISRO0073 25.99 91.25  2007-11-26 2019-01-28 HOURLY 236  GOLAPARA  ASSAM  15F04A ISRO0
ISRO0076,26.19,90.57,38,2019-01-28 HOURLY 236  GOLAPARA  ASSAM  15F04A ISRO0074 26.19 90.57  2006-03-29 2019-11-06 HOURLY 237  MANGALDOI  ASSAM 
ISRO0077,26.44,92.01,38,2019-11-06 HOURLY 237  MANGALDOI  ASSAM  15F04B ISRO0075 26.44 92.01  2006-03-29 2016-08-25 HOURLY 238  Dhubri  ASSAM  1
ISRO0080,26.02,89.97,38,HOURLY 238  Dhubri  ASSAM  15F04C ISRO0076 26.02 89.97  2007-11-26 2021-10-12 HOURLY 239  Diphu  ASSAM  15F04D ISRO0077 
ISRO0092,26.63,93.13,39,241  SILGHAT  ASSAM  15F05C ISRO0092 26.63 93.13  2009-09-03 2017-07-31 HOURLY 242  MARGHERIETA ASSAM  15F05D ISRO0093 2
ISRO0093,26.63,93.13,39,241  SILGHAT  ASSAM  15F05C ISRO0092 26.63 93.13  2009-09-03 2017-07-31 HOURLY 242  MARGHERIETA ASSAM  15F05D ISRO0093 2
ISRO0094,26.63,93.13,39,241  SILGHAT  ASSAM  15F05C ISRO0092 26.63 93.13  2009-09-03 2017-07-31 HOURLY 242  MARGHERIETA ASSAM  15F05D ISRO0093 2
ISRO0095,27.27,95.65,39,242  MARGHERIETA ASSAM  15F05D ISRO0093 27.27 95.65  2007-11-26 2014-09-11 HOURLY 243  KHAJIRANGA  ASSAM  15F05E ISRO009
ISRO0096,26.57,93.39,39,HOURLY 243  KHAJIRANGA  ASSAM  15F05E ISRO0094 26.57 93.39  2007-11-26 2017-08-05 HOURLY 244  JORHAT(neist) ASSAM  15F05
ISRO0097,26.74,94.16,39,244  JORHAT(neist) ASSAM  15F05F ISRO0095 26.74 94.16  2007-11-26 2019-10-15 HOURLY 245  GOLAGHAT  ASSAM  15F060 ISRO009
ISRO0099,26.49,93.44,39,HOURLY 245  GOLAGHAT  ASSAM  15F060 ISRO0096 26.49 93.44  2007-11-26 2017-08-01 HOURLY 246  VISWANATH  CHARAL ASSAM  15F
ISRO0100,26.08,92.3,40,248  NELI  ASSAM  15F064 ISRO0100 26.08 92.30  2007-11-26 2017-07-16 HOURLY 249  KILLING  ASSAM  15F065 ISRO0101 25.96 9
ISRO0101,26.08,92.3,40,248  NELI  ASSAM  15F064 ISRO0100 26.08 92.30  2007-11-26 2017-07-16 HOURLY 249  KILLING  ASSAM  15F065 ISRO0101 25.96 9
ISRO0107,26.08,92.3,40,248  NELI  ASSAM  15F064 ISRO0100 26.08 92.30  2007-11-26 2017-07-16 HOURLY 249  KILLING  ASSAM  15F065 ISRO0101 25.96 9
ISRO1064,25.96,92.15,40,2017-07-16 HOURLY 249  KILLING  ASSAM  15F065 ISRO0101 25.96 92.15  2006-03-29 2016-07-26 HOURLY 250  TINSUKIA  ASSAM  1
ISRO1065,27.46,95.32,40,"2016-07-26 HOURLY 250  TINSUKIA  ASSAM  15F06B ISRO0107 27.46 95.32  2007-11-26 2018-12-31 HOURLY 251  TRA,  Silcuri  AS"
ISRO1066,24.73,92.79,40,"2018-12-31 HOURLY 251  TRA,  Silcuri  ASSAM  15F428 ISRO1064 24.73 92.79  2010-03-31 2019-01-02 HOURLY 252  Aenakhal  AS"
ISRO1067,24.59,92.55,40,2019-01-02 HOURLY 252  Aenakhal  ASSAM  15F429 ISRO1065 24.59 92.55  2010-03-31 2019-01-02 HOURLY 253  Dullabcherra  ASS
ISRO1068,26.73,94.23,41,"8-15 2-20 255  TRA,  Jorhat  ASSAM  15F42C ISRO1068 26.73 94.23  2010-08-15 2019-01-07 HOURLY 256  TRA,  Dikom  ASSAM  1"
ISRO1069,26.73,94.23,41,"8-15 2-20 255  TRA,  Jorhat  ASSAM  15F42C ISRO1068 26.73 94.23  2010-08-15 2019-01-07 HOURLY 256  TRA,  Dikom  ASSAM  1"
ISRO1070,26.73,94.23,41,"2-20 255  TRA,  Jorhat  ASSAM  15F42C ISRO1068 26.73 94.23  2010-08-15 2019-01-07 HOURLY 256  TRA,  Dikom  ASSAM  15F42D"
ISRO1071,27.47,95.09,41,"HOURLY 256  TRA,  Dikom  ASSAM  15F42D ISRO1069 27.47 95.09  2010-08-15 2019-01-02 HOURLY 257  TRA,  North  Block ASSAM "
ISRO1072,26.81,92.71,41,"HOURLY 257  TRA,  North  Block ASSAM  15F42E ISRO1070 26.81 92.71  2010-11-10 2019-01-02 HOURLY 258  Ananda  ASSAM  15F4"
ISRO1073,27.45,94.23,41,2019-01-02 HOURLY 258  Ananda  ASSAM  15F42F ISRO1071 27.45 94.23  2010-08-15 2019-01-02 HOURLY 259  Nagrijuli  ASSAM  1
ISRO1074,26.45,92.98,42,261  Salonah  ASSAM  15F432 ISRO1074 26.45 92.98  2010-12-12 2019-01-01 HOURLY 262  Borbam  ASSAM  15F434 ISRO1076 26.79
ISRO1076,26.45,92.98,42,261  Salonah  ASSAM  15F432 ISRO1074 26.45 92.98  2010-12-12 2019-01-01 HOURLY 262  Borbam  ASSAM  15F434 ISRO1076 26.79
ISRO1077,26.45,92.98,42,261  Salonah  ASSAM  15F432 ISRO1074 26.45 92.98  2010-12-12 2019-01-01 HOURLY 262  Borbam  ASSAM  15F434 ISRO1076 26.79
ISRO1078,26.79,94.53,42,2019-01-01 HOURLY 262  Borbam  ASSAM  15F434 ISRO1076 26.79 94.53  2011-01-19 2017-07-23 HOURLY 263  Madhuban  ASSAM  15
ISRO1101,27.38,95.34,42,HOURLY 263  Madhuban  ASSAM  15F435 ISRO1077 27.38 95.34  2010-11-24 2019-01-01 HOURLY 264  Bakahola  ASSAM  15F436 ISRO
ISRO1102,26.62,94.21,42,"264  Bakahola  ASSAM  15F436 ISRO1078 26.62 94.21  2014-06-26 2019-01-02 HOURLY 265  Regional  Science  Centre,  Khanpar"
ISRO1103,26.12,91.82,42,"ASSAM  15F44D ISRO1101 26.12 91.82  2010-11-27 2019-01-02 HOURLY 266  North  Guwhathi  College,  North  Guwhathi ASSAM  "
ISRO1104,27.48,94.55,43,"College,Goalpara 1-25 1-05 268  Dhemaji  Degree  College,  Dhemaji ASSAM  15F450 ISRO1104 27.48 94.55  2010-12-22 2018-1"
ISRO1105,27.48,94.55,43,"College,Goalpara 1-25 1-05 268  Dhemaji  Degree  College,  Dhemaji ASSAM  15F450 ISRO1104 27.48 94.55  2010-12-22 2018-1"
ISRO1106,27.48,94.55,43,"ASSAM  15F450 ISRO1104 27.48 94.55  2010-12-22 2018-12-31 HOURLY 269  Jonai  Higher  Secondary  School,  Jonai ASSAM  15"
ISRO1107,27.83,95.23,43,"ASSAM  15F451 ISRO1105 27.83 95.23  2010-11-23 2014-12-16 HOURLY 270  Rangiya  Degree  College,  Rangiya ASSAM  15F452 I"
ISRO1108,26.43,91.61,43,ASSAM  15F452 ISRO1106 26.43 91.61  2010-07-01 2018-12-18 HOURLY 271  Assam  Science  Technology  &  Engironment  Counci
ISRO1109,27.03,95.02,44,"273  Sonari  Degree  College,  Sonari,  Sivsagar ASSAM  15F455 ISRO1109 27.03 95.02  2011-01-07 2020-07-28 HOURLY 274  D"
ISRO1110,27.03,95.02,44,"273  Sonari  Degree  College,  Sonari,  Sivsagar ASSAM  15F455 ISRO1109 27.03 95.02  2011-01-07 2020-07-28 HOURLY 274  D"
ISRO1111,27.03,95.02,44,"ASSAM  15F455 ISRO1109 27.03 95.02  2011-01-07 2020-07-28 HOURLY 274  Duliajan  Degree  College,  Duliajan ASSAM  15F456"
ISRO1112,27.34,95.31,44,"ASSAM  15F456 ISRO1110 27.34 95.31  2010-11-24 2019-01-02 HOURLY 275  Sadiya  Govt  Higher  Secondary  School  ,  Sadiya"
ISRO1113,27.91,95.77,44,"ASSAM  15F457 ISRO1111 27.91 95.77  2010-12-10 2020-06-14 HOURLY 276  President,  Gharowa,  Lumding ASSAM  15F458 ISRO11"
ISRO1114,25.75,93.18,44,"ASSAM  15F458 ISRO1112 25.75 93.18  2010-11-28 2019-05-28 HOURLY 277  Higher  Secondary  School,  Hamren. ASSAM  15F459 "
ISRO1370,25.85,92.59,44,"277  Higher  Secondary  School,  Hamren. ASSAM  15F459 ISRO1113 25.85 92.59  2010-11-23 2018-12-13 HOURLY 278  Sri  Kish"
ISRO1382,26.44,92.04,45,"6-22 7-24 280  KVK,  Darrang  ASSAM  15F566 ISRO1382 26.44 92.04  2023-10-07 2026-04-15 281  Lampi,  Boko,  Kamrup  rura"
ISRO1383,26.44,92.04,45,"6-22 7-24 280  KVK,  Darrang  ASSAM  15F566 ISRO1382 26.44 92.04  2023-10-07 2026-04-15 281  Lampi,  Boko,  Kamrup  rura"
ISRO0463,26.44,92.04,45,"6-22 7-24 280  KVK,  Darrang  ASSAM  15F566 ISRO1382 26.44 92.04  2023-10-07 2026-04-15 281  Lampi,  Boko,  Kamrup  rura"
ISRO0516,25.74,91.23,45,"281  Lampi,  Boko,  Kamrup  rural ASSAM  15F567 ISRO1383 25.74 91.23  2023-09-26 2024-12-02 282  GD,SEOG-D,DES,N.Delhi D"
ISRO0024,28.61,77.18,45,DELHI  15F1CF ISRO0463 28.61 77.18  2008-09-24 2019-08-29 HOURLY 283  DSAC  ASI  Red  fort  Delhi DELHI  15F204 ISRO0516
ISRO0267,28.65,77.24,45,DELHI  15F204 ISRO0516 28.65 77.24  2008-09-24 2020-02-19 HOURLY 284  Taleigao  Plateau  Goa GOA  15F018 ISRO0024 15.43 
ISRO0268,15.38,73.83,46,"286  INS  Hansa,  Dabolim GOA  15F10C ISRO0268 15.38 73.83  2007-12-08 2019-08-11 HOURLY 287  Old  Goa  Monuments,  Old "
ISRO0308,15.38,73.83,46,"286  INS  Hansa,  Dabolim GOA  15F10C ISRO0268 15.38 73.83  2007-12-08 2019-08-11 HOURLY 287  Old  Goa  Monuments,  Old "
ISRO0422,15.38,73.83,46,"GOA  15F10C ISRO0268 15.38 73.83  2007-12-08 2019-08-11 HOURLY 287  Old  Goa  Monuments,  Old  Goa GOA  15F134 ISRO0308 "
ISRO0423,15.5,73.9,46,GOA  15F134 ISRO0308 15.50 73.90  2008-04-22 2019-08-11 HOURLY 288  VVMSSHSS  Bicholim GOA  15F1A6 ISRO0422 15.60 73.94 
ISRO0424,15.6,73.94,46,GOA  15F1A6 ISRO0422 15.60 73.94  2008-10-16 2019-07-27 HOURLY 289  GCAC  Virnoda  Pernem GOA  15F1A7 ISRO0423 15.70 73.
ISRO0425,15.7,73.82,46,GOA  15F1A7 ISRO0423 15.70 73.82  2008-09-24 2016-06-14 HOURLY 290  DMSCA  SC  Assagao GOA  15F1A8 ISRO0424 15.59 73.79 
ISRO0426,15.59,73.79,46,GOA  15F1A8 ISRO0424 15.59 73.79  2008-09-24 2020-09-25 HOURLY 291  Dhempe  CAS  Panjim GOA  15F1A9 ISRO0425 15.48 73.81
ISRO0427,15.31,73.95,47,293  CCA  SCW  Nuvem  Salcete GOA  15F1AB ISRO0427 15.31 73.95  2008-09-24 2019-06-30 HOURLY 294  GCASC  Quepem GOA  15F
ISRO0428,15.31,73.95,47,293  CCA  SCW  Nuvem  Salcete GOA  15F1AB ISRO0427 15.31 73.95  2008-09-24 2019-06-30 HOURLY 294  GCASC  Quepem GOA  15F
ISRO0429,15.31,73.95,47,GOA  15F1AB ISRO0427 15.31 73.95  2008-09-24 2019-06-30 HOURLY 294  GCASC  Quepem GOA  15F1AC ISRO0428 15.23 74.08  2008
ISRO0430,15.23,74.08,47,GOA  15F1AC ISRO0428 15.23 74.08  2008-09-24 2011-01-24 HOURLY 295  SPCCFCAS  Margoa GOA  15F1AD ISRO0429 15.29 73.98  2
ISRO0431,15.29,73.98,47,GOA  15F1AD ISRO0429 15.29 73.98  2008-09-24 2019-08-23 HOURLY 296  SMC  Canacona GOA  15F1AE ISRO0430 15.00 74.06  2008
ISRO0009,15.0,74.06,47,ISRO0430 15.00 74.06  2008-09-24 2021-04-15 HOURLY 297  GCASC  Khandola GOA  15F1AF ISRO0431 15.52 73.95  2008-09-24 201
ISRO0246,23.04,72.45,48,"299  MOG  BOPAL  SAC,  Ahmedabad. GUJARAT 15F0F6 ISRO0246 23.04 72.45  2007-11-26 2019-04-13 HOURLY 300  INS  Dwarka,Okh"
ISRO0264,23.04,72.45,48,"299  MOG  BOPAL  SAC,  Ahmedabad. GUJARAT 15F0F6 ISRO0246 23.04 72.45  2007-11-26 2019-04-13 HOURLY 300  INS  Dwarka,Okh"
ISRO0265,22.53,70.04,48,सॉफ्टवेयर User  Order  Processing  Software  Welcome  Bhargav  Gannavarapu  Logout ●    DashBoard ●    Order  ●    Statu
ISRO0301,22.48,73.53,49,"302  ASI  Pavagadh  Hallol  Godhra GUJARAT 15F12D ISRO0301 22.48 73.53  2008-09-04 2019-08-28 HOURLY 303  SAC,  Ahmedaba"
ISRO0303,22.48,73.53,49,"302  ASI  Pavagadh  Hallol  Godhra GUJARAT 15F12D ISRO0301 22.48 73.53  2008-09-04 2019-08-28 HOURLY 303  SAC,  Ahmedaba"
ISRO1001,22.48,73.53,49,"22.48 73.53  2008-09-04 2019-08-28 HOURLY 303  SAC,  Ahmedabad GUJARAT 15F12F ISRO0303 23.02 72.52  2008-04-22 2019-08-0"
ISRO1002,23.02,72.52,49,23.02 72.52  2008-04-22 2019-08-01 HOURLY 304  Sanand  (Tobacco  Res.  Station) GUJARAT 15F3E9 ISRO1001 23.00 72.38  200
ISRO1003,23.0,72.38,49,23.00 72.38  2009-12-24 2023-06-15 HOURLY 305  Talod  (Agricultural  Research  Station) GUJARAT 15F3EA ISRO1002 22.36 72
ISRO1004,22.36,72.93,49,22.36 72.93  2010-02-05 2023-11-18 HOURLY 306  Dehgam  (Fruit  Research  Station) GUJARAT 15F3EB ISRO1003 23.14 72.82  2
ISRO1005,23.14,72.82,49,23.14 72.82  2009-12-24 2020-09-27 HOURLY 307  Navsari  (  N.M.  College  of  Agricultural GUJARAT 15F3EC ISRO1004 20.93
ISRO1006,20.81,73.02,50,309  Gandevi  (  Fruit  Research  Station) GUJARAT 15F3EE ISRO1006 20.81 73.02  2009-12-31 2020-03-15 HOURLY 310  Paria 
ISRO1007,20.81,73.02,50,309  Gandevi  (  Fruit  Research  Station) GUJARAT 15F3EE ISRO1006 20.81 73.02  2009-12-31 2020-03-15 HOURLY 310  Paria 
ISRO1008,20.81,73.02,50,20.81 73.02  2009-12-31 2020-03-15 HOURLY 310  Paria  (Agricultural  Research  Station) GUJARAT 15F3EF ISRO1007 20.44 72
ISRO1009,20.44,72.95,50,20.44 72.95  2009-12-31 2020-10-16 HOURLY 311  Vyara  (  Regional  Paddy  Research) GUJARAT 15F3F0 ISRO1008 21.10 73.39 
ISRO1010,21.1,73.39,50,21.10 73.39  2009-12-29 2019-07-02 HOURLY 312  Surat  (  Main  Cotton  Research  Station) GUJARAT 15F3F1 ISRO1009 21.17 
ISRO1011,21.17,72.8,50,21.17 72.80  2009-12-30 2020-11-05 HOURLY 313  Bharuch  (  Regional  Cotton  Research  Station) GUJARAT 15F3F2 ISRO1010 
ISRO1012,21.9,72.9,51,315  Tanchha  (Cotton  Research  Station) GUJARAT 15F3F4 ISRO1012 21.90 72.90  2009-12-29 2024-11-14 HOURLY 316  Dediapa
ISRO1013,21.9,72.9,51,315  Tanchha  (Cotton  Research  Station) GUJARAT 15F3F4 ISRO1012 21.90 72.90  2009-12-29 2024-11-14 HOURLY 316  Dediapa
ISRO1014,21.9,72.9,51,21.90 72.90  2009-12-29 2024-11-14 HOURLY 316  Dediapada  (  Dept.  of  Agri.  Engineering) GUJARAT 15F3F5 ISRO1013 21.6
ISRO1015,21.65,73.58,51,21.65 73.58  2010-01-06 2019-08-12 HOURLY 317  Bardoli  (  Wheat  Research  Station) GUJARAT 15F3F6 ISRO1014 21.15 73.10
ISRO1016,21.15,73.1,51,21.15 73.10  2010-01-06 2023-08-25 HOURLY 318  Nawagam  (  Main  Rice  Research  Station) GUJARAT 15F3F7 ISRO1015 22.80 
ISRO1017,22.8,72.58,51,22.80 72.58  2010-02-01 2020-06-13 HOURLY 319  Derol  (  Agricultural  Research  Station) GUJARAT 15F3F8 ISRO1016 22.62 
ISRO1018,22.62,73.46,51,22.62 73.46  2010-02-04 2021-03-12 HOURLY 320  Dabhoi  (  Paddy  Research  Station) GUJARAT 15F3F9 ISRO1017 22.14 73.44 
ISRO1019,22.44,72.79,52,Training  Center) 322  Dharmaj  (  Tobbaco  Research  Station) GUJARAT 15F3FB ISRO1019 22.44 72.79  2010-02-02 2024-10-1
ISRO1020,22.44,72.79,52,Training  Center) 322  Dharmaj  (  Tobbaco  Research  Station) GUJARAT 15F3FB ISRO1019 22.44 72.79  2010-02-02 2024-10-1
ISRO1021,22.44,72.79,52,22.44 72.79  2010-02-02 2024-10-13 HOURLY 323  Khandha  (  Narmada  Irrigation  Res.  Station) GUJARAT 15F3FC ISRO1020 2
ISRO1022,22.06,73.07,52,22.06 73.07  2010-02-02 2020-08-31 HOURLY 324  Dhandhuka  (Agricultural  Research  Station) GUJARAT 15F3FD ISRO1021 22.3
ISRO1023,22.35,71.97,52,22.35 71.97  2010-01-11 2022-12-03 HOURLY 325  Jabugam  (Bio-Fertilizer  Project  Off.) GUJARAT 15F3FE ISRO1022 22.29 73
ISRO1024,22.29,73.78,52,22.29 73.78  2010-01-30 2020-11-14 HOURLY 326  Vijapur  (  Main  Wheat  Research  Station) GUJARAT 15F3FF ISRO1023 23.57
ISRO1025,23.64,72.7,53,328  Ladol  (Agricultural  Research  Station) GUJARAT 15F401 ISRO1025 23.64 72.70  2009-12-08 2021-03-02 HOURLY 329  Dee
ISRO1026,23.64,72.7,53,328  Ladol  (Agricultural  Research  Station) GUJARAT 15F401 ISRO1025 23.64 72.70  2009-12-08 2021-03-02 HOURLY 329  Dee
ISRO1027,23.64,72.7,53,23.64 72.70  2009-12-08 2021-03-02 HOURLY 329  Deesa  (  Potato  Research  Station) GUJARAT 15F402 ISRO1026 24.26 72.19 
ISRO1028,24.26,72.19,53,24.26 72.19  2009-12-14 2020-10-08 HOURLY 330  S  K  Nagar  (  C.P.  College  of  Agriculture) GUJARAT 15F403 ISRO1027 2
ISRO1029,24.32,72.3,53,24.32 72.30  2009-12-17 2019-01-02 HOURLY 331  Radhanpur  (  Dry  Farming  Research  Station) GUJARAT 15F404 ISRO1028 23
ISRO1030,23.83,71.54,53,23.83 71.54  2009-12-24 2020-05-18 HOURLY 332  Kholwad  (Agricultural  Research  Station) GUJARAT 15F405 ISRO1029 23.93 
ISRO1031,23.93,72.35,53,23.93 72.35  2010-01-06 2019-01-01 HOURLY 333  Adiya  (Agricultural  Research  Station) GUJARAT 15F406 ISRO1030 23.78 72
ISRO1032,23.14,68.96,54,335  Kothara  (Agricultural  Research  Station) GUJARAT 15F408 ISRO1032 23.14 68.96  2009-12-24 2018-05-02 HOURLY 336  B
ISRO1033,23.14,68.96,54,335  Kothara  (Agricultural  Research  Station) GUJARAT 15F408 ISRO1032 23.14 68.96  2009-12-24 2018-05-02 HOURLY 336  B
ISRO1034,23.14,68.96,54,23.14 68.96  2009-12-24 2018-05-02 HOURLY 336  Bhachau  (Agricultural  Research  Station) GUJARAT 15F409 ISRO1033 23.30 
ISRO1035,23.3,70.35,54,23.30 70.35  2009-12-28 2017-11-04 HOURLY 337  Rapar  (  Resource  Conservation  Technology) GUJARAT 15F40A ISRO1034 23.
ISRO1036,23.55,70.64,54,23.55 70.64  2010-01-06 2019-01-02 HOURLY 338  Khedbrahma  (  Krushi  Vigyan  Kendra) GUJARAT 15F40B ISRO1035 24.02 73.0
ISRO1037,24.02,73.05,54,24.02 73.05  2009-12-01 2017-11-10 HOURLY 339  Jamkhambaliya  (  Dry  Land  research  Station) GUJARAT 15F40C ISRO1036 2
ISRO1038,22.23,69.63,54,22.23 69.63  2010-01-28 2019-02-18 HOURLY 340  Halvad  (  Agri.  Diploma  School) GUJARAT 15F40D ISRO1037 23.01 71.19  2
ISRO1039,21.13,70.12,55,Research  Station) 1-21 0-11 342  Mangrol  (  Fruit  Research  Station) GUJARAT 15F40F ISRO1039 21.13 70.12  2010-01-25 
ISRO1040,21.13,70.12,55,Research  Station) 1-21 0-11 342  Mangrol  (  Fruit  Research  Station) GUJARAT 15F40F ISRO1039 21.13 70.12  2010-01-25 
ISRO1041,21.13,70.12,55,21.13 70.12  2010-01-25 2019-09-08 HOURLY 343  Kodinar  (  Main  Sugarcane  Research  Station) GUJARAT 15F410 ISRO1040 2
ISRO1042,20.82,70.69,55,20.82 70.69  2010-01-22 2019-04-11 HOURLY 344  Manavadar  (  oil  seeds  Research  Stations) GUJARAT 15F411 ISRO1041 21.
ISRO1043,21.51,70.14,55,21.51 70.14  2010-01-23 2019-09-08 HOURLY 345  Vallabhipur  (  Dry  land  Research  Station) GUJARAT 15F412 ISRO1042 21.
ISRO1081,21.88,71.88,55,ISRO1042 21.88 71.88  2009-12-29 2019-07-08 HOURLY 346  Ratia  (  Dry  Land  Research  Station) GUJARAT 15F413 ISRO1043 
ISRO1082,24.23,69.19,56,348  Vigokot  GUJARAT 15F43A ISRO1082 24.23 69.19  2010-04-29 2019-01-01 HOURLY 349  Suigam  GUJARAT 15F43B ISRO1083 24.
ISRO1083,24.23,69.19,56,348  Vigokot  GUJARAT 15F43A ISRO1082 24.23 69.19  2010-04-29 2019-01-01 HOURLY 349  Suigam  GUJARAT 15F43B ISRO1083 24.
ISRO1097,24.23,69.19,56,ISRO1082 24.23 69.19  2010-04-29 2019-01-01 HOURLY 349  Suigam  GUJARAT 15F43B ISRO1083 24.15 71.35  2010-04-29 2019-01-
ISRO1501,24.15,71.35,56,"24.15 71.35  2010-04-29 2019-01-01 HOURLY 350  ISRO-Observatory,  Desalpur,  Kutch GUJARAT 15F449 ISRO1097 23.74 70.69  "
ISRO0023,23.74,70.69,56,"23.74 70.69  2010-12-14 2019-01-02 HOURLY 351  Agricultural  Research  Station,  AAU,  Sansoli GUJARAT 15F5DD ISRO1501 2"
ISRO0682,21.86,72.75,56,21.86 72.75  2011-02-01 2020-08-16 HOURLY 352  GBP  Pant  Inst.Mohal-Kullu HIMACHAL  PRADESH 15F017 ISRO0023 31.90 77.12
ISRO0683,31.9,77.12,56,"31.90 77.12  2006-11-07 2022-03-09 HOURLY 353  UCIL  Turamdih  Mines,  Jaduguda-1 JHARKHAND 15F2AA ISRO0682 22.75 86.17 "
ISRO0928,24.17,85.03,57,"Mines,  Jaduguda-2 2-04 1-15 355  BDO-D.C.Office-Gidhapur- JHARKHAND 15F3A0 ISRO0928 24.17 85.03  2010-05-10 2019-01-04 "
ISRO0929,24.17,85.03,57,"Mines,  Jaduguda-2 2-04 1-15 355  BDO-D.C.Office-Gidhapur- JHARKHAND 15F3A0 ISRO0928 24.17 85.03  2010-05-10 2019-01-04 "
ISRO0930,24.17,85.03,57,24.17 85.03  2010-05-10 2019-01-04 HOURLY 356  BDO-D.C.OfficeDevipur JHARKHAND 15F3A1 ISRO0929 24.40 86.59  2010-08-15 2
ISRO0931,24.4,86.59,57,24.40 86.59  2010-08-15 2018-11-06 HOURLY 357  DESE-ISM  Dhanbad- JHARKHAND 15F3A2 ISRO0930 23.81 86.44  2010-05-10 2019
ISRO0932,23.81,86.44,57,23.81 86.44  2010-05-10 2019-01-02 HOURLY 358  BDO-Dhumka-D.C.Office- JHARKHAND 15F3A3 ISRO0931 24.28 87.26  2010-11-25 
ISRO0933,24.28,87.26,57,24.28 87.26  2010-11-25 2018-02-28 HOURLY 359  BDO-BhandariaD.C.Office JHARKHAND 15F3A4 ISRO0932 23.73 83.82  2010-05-10
ISRO0934,24.05,83.63,58,361  BDO-Chinia   JHARKHAND 15F3A6 ISRO0934 24.05 83.63  2010-08-15 2019-01-02 HOURLY 362  BDO-Dandai   JHARKHAND 15F3A7
ISRO0935,24.05,83.63,58,361  BDO-Chinia   JHARKHAND 15F3A6 ISRO0934 24.05 83.63  2010-08-15 2019-01-02 HOURLY 362  BDO-Dandai   JHARKHAND 15F3A7
ISRO0936,24.05,83.63,58,15F3A6 ISRO0934 24.05 83.63  2010-08-15 2019-01-02 HOURLY 362  BDO-Dandai   JHARKHAND 15F3A7 ISRO0935 24.12 83.62  2010-
ISRO0937,24.12,83.62,58,15F3A7 ISRO0935 24.12 83.62  2010-05-10 2018-12-20 HOURLY 363  BDO-Dhurki   JHARKHAND 15F3A8 ISRO0936 24.14 83.45  2010-
ISRO0938,24.14,83.45,58,363  BDO-Dhurki   JHARKHAND 15F3A8 ISRO0936 24.14 83.45  2010-05-10 2018-01-08 HOURLY 364  BDO-Kandi   JHARKHAND 15F3A9 
ISRO0939,24.47,83.77,58,15F3A9 ISRO0937 24.47 83.77  NA  NA  HOURLY 365  BDO-Kharaundhi JHARKHAND 15F3AA ISRO0938 24.42 83.43  2010-05-10 2019-0
ISRO0940,24.42,83.43,58,24.42 83.43  2010-05-10 2019-01-02 HOURLY 366  Block  Developmwent  Officer-Majhiaon JHARKHAND 15F3AB ISRO0939 24.32 83.
ISRO0941,24.29,83.51,59,368  BDO-Nagaruntari JHARKHAND 15F3AD ISRO0941 24.29 83.51  2010-08-15 2011-11-01 HOURLY 369  BDO-Ramkanda JHARKHAND 15F
ISRO0942,24.29,83.51,59,368  BDO-Nagaruntari JHARKHAND 15F3AD ISRO0941 24.29 83.51  2010-08-15 2011-11-01 HOURLY 369  BDO-Ramkanda JHARKHAND 15F
ISRO0943,24.29,83.51,59,ISRO0941 24.29 83.51  2010-08-15 2011-11-01 HOURLY 369  BDO-Ramkanda JHARKHAND 15F3AE ISRO0942 23.87 83.88  2010-05-10 2
ISRO0944,23.87,83.88,59,15F3AE ISRO0942 23.87 83.88  2010-05-10 2011-02-21 HOURLY 370  BDO-Ramna   JHARKHAND 15F3AF ISRO0943 24.24 83.59  2010-0
ISRO0945,24.24,83.59,59,ISRO0943 24.24 83.59  2010-05-10 2019-01-02 HOURLY 371  BDO-Ranka   JHARKHAND 15F3B0 ISRO0944 24.00 83.79  2010-05-10 20
ISRO0946,24.0,83.79,59,24.00 83.79  2010-05-10 2019-01-02 HOURLY 372  BDO-Jamua-D.C.Office- JHARKHAND 15F3B1 ISRO0945 24.20 86.15  2010-07-20 2
ISRO0947,24.2,86.15,59,24.20 86.15  2010-07-20 2018-12-31 HOURLY 373  BDO-Mahagama-D.C.Office- JHARKHAND 15F3B2 ISRO0946 25.02 87.32  2010-05-1
ISRO0948,24.02,85.38,60,3-05 1-01 375  Vinobha  Bhave  University-Hazaribagh- JHARKHAND 15F3B4 ISRO0948 24.02 85.38  2010-10-12 2019-01-02 HOURL
ISRO0949,24.02,85.38,60,3-05 1-01 375  Vinobha  Bhave  University-Hazaribagh- JHARKHAND 15F3B4 ISRO0948 24.02 85.38  2010-10-12 2019-01-02 HOURL
ISRO0950,24.02,85.38,60,24.02 85.38  2010-10-12 2019-01-02 HOURLY 376  BDO-Narayanpur-D.C.Office- JHARKHAND 15F3B5 ISRO0949 24.05 86.61  2010-05
ISRO0951,24.05,86.61,60,24.05 86.61  2010-05-30 2019-01-02 HOURLY 377  BDO-Chandwara-D.C.Office- JHARKHAND 15F3B6 ISRO0950 24.40 85.49  2011-01-
ISRO0952,24.4,85.49,60,24.40 85.49  2011-01-29 2018-12-31 HOURLY 378  IFP-Nucleus  Brood  Lac  Farm-Turhamu-Chandwa  Latehar JHARKHAND 15F3B7 I
ISRO0953,23.67,84.73,60,23.67 84.73  2010-03-05 2019-01-02 HOURLY 379  BDO-D.C.OfficeKisko JHARKHAND 15F3B8 ISRO0952 23.52 84.50  2010-08-04 201
ISRO0954,24.26,83.93,61,381  BDO-D.C.Office-Bishrampur- JHARKHAND 15F3BA ISRO0954 24.26 83.93  2010-03-05 2017-08-14 HOURLY 382  BDO-D.C.Office-
ISRO0955,24.26,83.93,61,381  BDO-D.C.Office-Bishrampur- JHARKHAND 15F3BA ISRO0954 24.26 83.93  2010-03-05 2017-08-14 HOURLY 382  BDO-D.C.Office-
ISRO0956,24.26,83.93,61,24.26 83.93  2010-03-05 2017-08-14 HOURLY 382  BDO-D.C.Office-Chainpur- JHARKHAND 15F3BB ISRO0955 24.02 84.05  2010-03-0
ISRO0957,24.02,84.05,61,24.02 84.05  2010-03-05 2019-01-02 HOURLY 383  BDO-D.C.Office-Chhatarpur- JHARKHAND 15F3BC ISRO0956 24.38 84.20  2010-08
ISRO0958,24.38,84.2,61,24.38 84.20  2010-08-15 2011-07-27 HOURLY 384  BDO-D.C.Office-Hariharganj- JHARKHAND 15F3BD ISRO0957 24.56 84.28  2010-0
ISRO0959,24.56,84.28,61,24.56 84.28  2010-08-15 2018-07-30 HOURLY 385  BDO-D.C.Office-Hussainabad- JHARKHAND 15F3BE ISRO0958 24.16 84.05  2010-1
ISRO0960,24.16,84.05,61,24.16 84.05  2010-12-11 2017-08-16 HOURLY 386  BDO-D.C.Office-Leslieganj- JHARKHAND 15F3BF ISRO0959 24.04 84.21  2010-03
ISRO0961,24.33,83.97,62,1-10 1-02 388  BDO-D.C.Office-Pandu- JHARKHAND 15F3C1 ISRO0961 24.33 83.97  2010-12-24 2019-01-02 HOURLY 389  BDO-D.C.Of
ISRO0962,24.33,83.97,62,1-10 1-02 388  BDO-D.C.Office-Pandu- JHARKHAND 15F3C1 ISRO0961 24.33 83.97  2010-12-24 2019-01-02 HOURLY 389  BDO-D.C.Of
ISRO0963,24.33,83.97,62,24.33 83.97  2010-12-24 2019-01-02 HOURLY 389  BDO-D.C.Office-Panki- JHARKHAND 15F3C2 ISRO0962 24.03 84.47  2010-11-10 2
ISRO0964,24.03,84.47,62,24.03 84.47  2010-11-10 2018-11-02 HOURLY 390  BDO-D.C.Office-Patan- JHARKHAND 15F3C3 ISRO0963 24.20 84.19  2011-01-14 2
ISRO0965,24.2,84.19,62,24.20 84.19  2011-01-14 2011-02-18 HOURLY 391  BDO-D.C.Office-Satbarwa- JHARKHAND 15F3C4 ISRO0964 23.92 84.26  2010-11-1
ISRO0966,23.92,84.26,62,23.92 84.26  2010-11-10 2019-01-02 HOURLY 392  BDO-D.C.Office-Chakradharpur- JHARKHAND 15F3C5 ISRO0965 22.68 85.61  2010
ISRO0967,23.61,85.52,63,394  BDO-D.C.Office-Ramgarh  Post:Ramgarh JHARKHAND 15F3C7 ISRO0967 23.61 85.52  2010-03-05 2019-01-02 HOURLY 395  BDO-D
ISRO0968,23.61,85.52,63,394  BDO-D.C.Office-Ramgarh  Post:Ramgarh JHARKHAND 15F3C7 ISRO0967 23.61 85.52  2010-03-05 2019-01-02 HOURLY 395  BDO-D
ISRO0969,23.61,85.52,63,23.61 85.52  2010-03-05 2019-01-02 HOURLY 395  BDO-D.C.Office-Angara JHARKHAND 15F3C8 ISRO0968 23.40 85.51  2010-03-05 2
ISRO0970,23.4,85.51,63,23.40 85.51  2010-03-05 2019-01-02 HOURLY 396  DIFP-FRC  Mandar JHARKHAND 15F3C9 ISRO0969 23.41 85.10  2010-03-05 2018-1
ISRO0971,23.41,85.1,63,23.41 85.10  2010-03-05 2018-12-31 HOURLY 397  BDO  Bero  Ranchi JHARKHAND 15F3CA ISRO0970 23.30 85.02  2010-05-10 2017-
ISRO0972,23.3,85.02,63,23.30 85.02  2010-05-10 2017-08-04 HOURLY 398  CTR&TI-CTRTI  Ratu- JHARKHAND 15F3CB ISRO0971 23.42 85.21  2010-05-10 201
ISRO0973,23.42,85.21,63,ISRO0971 23.42 85.21  2010-05-10 2019-01-02 HOURLY 399  JSAC-Engineers  Hostel-II-Namkum-Dhurwa JHARKHAND 15F3CC ISRO097
ISRO0974,23.57,85.13,64,सॉफ्टवेयर User  Order  Processing  Software  Welcome  Bhargav  Gannavarapu  Logout ●    DashBoard ●    Order  ●    Statu
ISRO0975,23.57,85.13,64,End  Date Temporal  Resolution Order  Data 401 BDO-Burmu.   JHARKHAND 15F3CE ISRO0974 23.57 85.13 2010-03-05 2019-01-02 
ISRO0976,23.22,85.05,65,403 BDO-Lapung   JHARKHAND 15F3D0 ISRO0976 23.22 85.05 2010-11-16 2019-01-02 HOURLY 404 BDO-Ormanjhi   JHARKHAND 15F3D1 
ISRO0977,23.22,85.05,65,403 BDO-Lapung   JHARKHAND 15F3D0 ISRO0976 23.22 85.05 2010-11-16 2019-01-02 HOURLY 404 BDO-Ormanjhi   JHARKHAND 15F3D1 
ISRO0978,23.47,85.47,65,2010-11-16 2019-01-02 HOURLY 404 BDO-Ormanjhi   JHARKHAND 15F3D1 ISRO0977 23.47 85.47 2011-01-01 2011-02-13 HOURLY 405 B
ISRO0979,23.36,85.85,65,2011-01-01 2011-02-13 HOURLY 405 BDO-Silli   JHARKHAND 15F3D2 ISRO0978 23.36 85.85 2010-05-10 2019-04-27 HOURLY 406 BDO-
ISRO0980,23.18,85.71,65,2010-05-10 2019-04-27 HOURLY 406 BDO-Sonahatu   JHARKHAND 15F3D3 ISRO0979 23.18 85.71 2010-03-07 2011-10-28 HOURLY 407 B
ISRO0981,23.06,85.66,65,2010-03-07 2011-10-28 HOURLY 407 BDO-Tamar   JHARKHAND 15F3D4 ISRO0980 23.06 85.66 2010-03-05 2020-03-09 HOURLY 408 BDO-
ISRO0982,23.01,85.53,66,409 BDO-Arki  JHARKHAND 15F3D6 ISRO0982 23.01 85.53 2010-05-10 2019-01-02 HOURLY 410 BDO-Khunti   JHARKHAND 15F3D7 ISRO0
ISRO0983,23.01,85.53,66,409 BDO-Arki  JHARKHAND 15F3D6 ISRO0982 23.01 85.53 2010-05-10 2019-01-02 HOURLY 410 BDO-Khunti   JHARKHAND 15F3D7 ISRO0
ISRO0984,23.06,85.29,66,2019-01-02 HOURLY 410 BDO-Khunti   JHARKHAND 15F3D7 ISRO0983 23.06 85.29 2010-08-06 2017-09-11 HOURLY 411 BDO-D.C  Offic
ISRO0985,25.04,87.84,66,HOURLY 411 BDO-D.C  Office-Rajmahal JHARKHAND 15F3D8 ISRO0984 25.04 87.84 2010-12-29 2017-07-16 HOURLY 412 BDO-D.C  Offi
ISRO0986,22.78,85.82,66,2017-07-16 HOURLY 412 BDO-D.C  Office-Khar  sawan JHARKHAND 15F3D9 ISRO0985 22.78 85.82 2010-11-10 2018-12-31 HOURLY 413
ISRO0015,22.71,84.7,66,2010-11-10 2018-12-31 HOURLY 413 BDO-D.C.Office-Kolebira   JHARKHAND 15F3DA ISRO0986 22.71 84.70 2010-03-05 2017-08-08 H
ISRO0018,13.03,77.56,67,4-28 1-05 415 IISc.  Bangalore  KARNATAKA 15F012 ISRO0018 13.03 77.56 2006-01-07 2018-01-02 HOURLY 416 RV  COLLEGE  OF  
ISRO0123,13.03,77.56,67,4-28 1-05 415 IISc.  Bangalore  KARNATAKA 15F012 ISRO0018 13.03 77.56 2006-01-07 2018-01-02 HOURLY 416 RV  COLLEGE  OF  
ISRO0124,12.92,77.5,67,HOURLY 416 RV  COLLEGE  OF  ENGG.  BANGALORE KARNATAKA 15F07B ISRO0123 12.92 77.50 2007-11-26 2017-12-30 HOURLY 417 AICR
ISRO0216,13.09,77.57,67,"HOURLY 417 AICRP  AGR.,  UAS  GKVK  BANGALORE KARNATAKA 15F07C ISRO0124 13.09 77.57 2006-11-07 2019-04-25 HOURLY 418 AF "
ISRO0222,13.13,77.61,67,"2019-04-25 HOURLY 418 AF  Stn.  YELAHANKA,  BANGALORE KARNATAKA 15F0D8 ISRO0216 13.13 77.61 2007-11-26 2012-12-20 HOURLY"
ISRO0223,13.04,77.57,68,"420 ISRO  HQ  Banglore  KARNATAKA 15F0DF ISRO0223 13.04 77.57 2006-11-07 2018-01-02 HOURLY 421 Chandrayaan  Site,Bylalu "
ISRO0224,13.04,77.57,68,"420 ISRO  HQ  Banglore  KARNATAKA 15F0DF ISRO0223 13.04 77.57 2006-11-07 2018-01-02 HOURLY 421 Chandrayaan  Site,Bylalu "
ISRO0225,13.31,77.52,68,"HOURLY 421 Chandrayaan  Site,Bylalu  Villa  1 KARNATAKA 15F0E0 ISRO0224 13.31 77.52 2009-01-01 2018-01-03 HOURLY 422 Cha"
ISRO0244,13.19,77.81,68,"2018-01-03 HOURLY 422 Chandrayaan  Site,Bylalu  Villa  2 KARNATAKA 15F0E1 ISRO0225 13.19 77.81 2008-09-30 2018-01-02 HOU"
ISRO0269,17.9,77.5,68,2008-09-30 2018-01-02 HOURLY 423 AF  Stn.  BIDAR  KARNATAKA 15F0F4 ISRO0244 17.90 77.50 2007-11-26 2018-09-27 HOURLY 424
ISRO0315,14.76,74.14,68,"2018-09-27 HOURLY 424 INS  Kadamba,  Karwar  KARNATAKA 15F10D ISRO0269 14.76 74.14 2007-12-31 2016-12-06 HOURLY 425 HQ,T"
ISRO0317,14.6,74.83,69,"426 ARS,Sirsi,Uttar  Kannada  KARNATAKA 15F13D ISRO0317 14.60 74.83 2008-05-01 2019-04-11 HOURLY 427 ARS,Arbhavi,Gokak,B"
ISRO0318,14.6,74.83,69,"426 ARS,Sirsi,Uttar  Kannada  KARNATAKA 15F13D ISRO0317 14.60 74.83 2008-05-01 2019-04-11 HOURLY 427 ARS,Arbhavi,Gokak,B"
ISRO0319,16.23,74.82,69,"HOURLY 427 ARS,Arbhavi,Gokak,Belgaum KARNATAKA 15F13E ISRO0318 16.23 74.82 2008-04-07 2019-06-28 HOURLY 428 ARS,Nippani,"
ISRO0320,16.41,74.37,69,"2019-06-28 HOURLY 428 ARS,Nippani,Chikkodi,Belgaum KARNATAKA 15F13F ISRO0319 16.41 74.37 2008-04-08 2018-02-24 HOURLY 42"
ISRO0321,16.34,75.25,69,"2008-04-08 2018-02-24 HOURLY 429 ARS,Mudhol,Bagalkot  KARNATAKA 15F140 ISRO0320 16.34 75.25 2008-08-11 2017-12-09 HOURLY"
ISRO0322,15.63,76.91,69,"2017-12-09 HOURLY 430 ARS,Siruguppa,Bellary  KARNATAKA 15F141 ISRO0321 15.63 76.91 2008-04-07 2017-12-26 HOURLY 431 CSRT"
ISRO0323,12.92,75.76,70,"4-25 4-24 432 ICRI,RS,Donigal,Sakleshpur KARNATAKA 15F143 ISRO0323 12.92 75.76 2008-04-29 2019-04-11 HOURLY 433 IAHSPL,H"
ISRO0324,12.92,75.76,70,"4-24 432 ICRI,RS,Donigal,Sakleshpur KARNATAKA 15F143 ISRO0323 12.92 75.76 2008-04-29 2019-04-11 HOURLY 433 IAHSPL,Hobli,"
ISRO0325,12.87,77.42,70,"HOURLY 433 IAHSPL,Hobli,Channasandra,Subramanyapura  ,Banglore KARNATAKA 15F144 ISRO0324 12.87 77.42 2008-04-07 2019-04-"
ISRO0326,12.75,77.66,70,"HOURLY 434 IIHR,Hessaraghatta  lake  post,Banglore KARNATAKA 15F145 ISRO0325 12.75 77.66 2009-01-03 2018-01-01 HOURLY 43"
ISRO0327,13.79,75.73,70,"HOURLY 435 DATC,Hallikere,Bhadravathi KARNATAKA 15F146 ISRO0326 13.79 75.73 2009-01-01 2017-12-12 HOURLY 436 DCS,KSSRDI,"
ISRO0328,15.17,74.64,71,"437 DCF,WD.Dandeli  KARNATAKA 15F148 ISRO0328 15.17 74.64 2008-04-07 2018-01-06 HOURLY 438 Anshi  National  Park,Anshi,J"
ISRO0329,15.17,74.64,71,"437 DCF,WD.Dandeli  KARNATAKA 15F148 ISRO0328 15.17 74.64 2008-04-07 2018-01-06 HOURLY 438 Anshi  National  Park,Anshi,J"
ISRO0330,15.01,74.39,71,"HOURLY 438 Anshi  National  Park,Anshi,Joida,UK KARNATAKA 15F149 ISRO0329 15.01 74.39 2010-11-30 2018-01-06 HOURLY 439 U"
ISRO0331,15.5,74.99,71,"HOURLY 439 UAS,Krishinagar,Dharwad KARNATAKA 15F14A ISRO0330 15.50 74.99 2009-01-01 2017-12-10 HOURLY 440 NIRM,Champion "
ISRO0332,12.95,78.25,71,"HOURLY 440 NIRM,Champion  Reefs,Kolar  GF KARNATAKA 15F14B ISRO0331 12.95 78.25 2008-04-07 2019-04-26 HOURLY 441 Taluk  "
ISRO0333,13.78,77.79,71,"HOURLY 441 Taluk  Office,Bagepalli,Kolar KARNATAKA 15F14C ISRO0332 13.78 77.79 2008-04-07 2018-01-04 HOURLY 442 Pathapal"
ISRO0334,13.67,77.71,72,"443 VAA,PWD-IB,Gudibande  town,Kolar KARNATAKA 15F14E ISRO0334 13.67 77.71 2008-08-19 2017-09-18 HOURLY 444 Indiranagar "
ISRO0337,13.67,77.71,72,"443 VAA,PWD-IB,Gudibande  town,Kolar KARNATAKA 15F14E ISRO0334 13.67 77.71 2008-08-19 2017-09-18 HOURLY 444 Indiranagar "
ISRO0338,13.51,77.51,72,"HOURLY 444 Indiranagar  Extn,Thondebavi  post,Hobli KARNATAKA 15F151 ISRO0337 13.51 77.51 2009-01-21 2018-01-03 HOURLY 4"
ISRO0339,13.6,77.73,72,"HOURLY 445 PWD,Mandikal  cross,Chikkaballapura KARNATAKA 15F152 ISRO0338 13.60 77.73 2008-04-07 2017-09-17 HOURLY 446 Ta"
ISRO0367,13.44,77.73,72,"HOURLY 446 Taluk  Office,  Chikkaballapur KARNATAKA 15F153 ISRO0339 13.44 77.73 2008-04-07 2017-09-14 HOURLY 447 Ganji  "
ISRO0368,13.49,77.98,72,"HOURLY 447 Ganji  Kunte,Siddalaghatta  Taluk,Kolar KARNATAKA 15F16F ISRO0367 13.49 77.98 2009-03-10 2017-09-15 HOURLY 44"
ISRO0369,13.58,78.13,73,"2-27 9-16 449 GH,Battlahalli  Village,Chitanmani  taluk,Kolar KARNATAKA 15F171 ISRO0369 13.58 78.13 2008-09-24 2017-12-3"
ISRO0370,13.58,78.13,73,"9-16 449 GH,Battlahalli  Village,Chitanmani  taluk,Kolar KARNATAKA 15F171 ISRO0369 13.58 78.13 2008-09-24 2017-12-31 HOU"
ISRO0371,13.4,78.05,73,"HOURLY 450 TO,chitanmani  Taluk,Kolar KARNATAKA 15F172 ISRO0370 13.40 78.05 2008-09-24 2017-09-14 HOURLY 451 PGHC,Kaiwar"
ISRO0372,13.34,77.99,73,"HOURLY 451 PGHC,Kaiwara  Hobli,Chitanmani  Taluk,Kolar KARNATAKA 15F173 ISRO0371 13.34 77.99 2008-09-24 2017-09-19 HOURL"
ISRO0373,13.53,78.34,73,"HOURLY 452 VAA,Rayalpadu,Srinivasapura  Taluk,Kolar KARNATAKA 15F174 ISRO0372 13.53 78.34 2008-09-24 2017-09-20 HOURLY 4"
ISRO0375,13.25,78.21,74,"454 GR,Holuru,Kolar  KARNATAKA 15F177 ISRO0375 13.25 78.21 2008-09-24 2017-12-31 HOURLY 455 Vemagal,Hobli  HQ,Kolar  KAR"
ISRO0376,13.25,78.21,74,"454 GR,Holuru,Kolar  KARNATAKA 15F177 ISRO0375 13.25 78.21 2008-09-24 2017-12-31 HOURLY 455 Vemagal,Hobli  HQ,Kolar  KAR"
ISRO0378,13.19,78.01,74,"2017-12-31 HOURLY 455 Vemagal,Hobli  HQ,Kolar  KARNATAKA 15F178 ISRO0376 13.19 78.01 2008-09-24 2017-09-19 HOURLY 456 Mu"
ISRO0379,13.3,78.41,74,"HOURLY 456 Mulbagilu  Taluk,Gukuntee,Kolar KARNATAKA 15F17A ISRO0378 13.30 78.41 2008-09-24 2017-09-22 HOURLY 457 RI,Nag"
ISRO0380,13.2,78.52,74,"HOURLY 457 RI,Nagli  Village,Mulbagilu  Taluk,Kolar KARNATAKA 15F17B ISRO0379 13.20 78.52 2008-09-24 2013-12-13 HOURLY 4"
ISRO0381,13.11,78.33,74,"HOURLY 458 Avani,Hobli  HQ,Mulbagilu  Taluk,Kolar KARNATAKA 15F17C ISRO0380 13.11 78.33 2009-03-01 2017-09-21 HOURLY 459"
ISRO0382,13.0,77.94,75,"460 GR,Taluk  Officer,Malur  Taluk,Kolar KARNATAKA 15F17E ISRO0382 13.00 77.94 2008-09-24 2017-09-25 HOURLY 461 RGR,Mast"
ISRO0383,13.0,77.94,75,"460 GR,Taluk  Officer,Malur  Taluk,Kolar KARNATAKA 15F17E ISRO0382 13.00 77.94 2008-09-24 2017-09-25 HOURLY 461 RGR,Mast"
ISRO0384,12.87,78.0,75,"HOURLY 461 RGR,Masthi,Hobli  HQ,Malur,Kolar KARNATAKA 15F17F ISRO0383 12.87 78.00 2008-09-24 2019-01-02 HOURLY 462 IB,Me"
ISRO0385,12.95,78.27,75,"2019-01-02 HOURLY 462 IB,Metti,KGF,Bangapet  Taluk,Kolar KARNATAKA 15F180 ISRO0384 12.95 78.27 2009-07-11 2017-09-23 HOU"
ISRO0386,12.8,77.71,75,"2017-09-23 HOURLY 463 DOS,Chandapura  KARNATAKA 15F181 ISRO0385 12.80 77.71 2009-02-27 2015-07-11 HOURLY 464 HC,KPS,Kama"
ISRO0387,12.88,78.2,75,"HOURLY 464 HC,KPS,Kamasamudra,Bangarpet  Taluk,Kolar KARNATAKA 15F182 ISRO0386 12.88 78.20 2008-09-24 2017-09-23 HOURLY "
ISRO0447,14.87,74.44,76,7-02 2-24 466 ESL  KGS  Kaiga-1  KARNATAKA 15F1BF ISRO0447 14.87 74.44 2008-09-25 2017-11-28 HOURLY 467 ESL  KGS  Kaiga-
ISRO0448,14.87,74.44,76,7-02 2-24 466 ESL  KGS  Kaiga-1  KARNATAKA 15F1BF ISRO0447 14.87 74.44 2008-09-25 2017-11-28 HOURLY 467 ESL  KGS  Kaiga-
ISRO0449,14.87,74.44,76,2008-09-25 2017-11-28 HOURLY 467 ESL  KGS  Kaiga-2  KARNATAKA 15F1C0 ISRO0448 14.87 74.44 2008-09-24 2017-11-29 HOURLY 4
ISRO0450,14.86,74.43,76,2008-09-24 2017-11-29 HOURLY 468 ESL  KGS  Kaiga-3  KARNATAKA 15F1C1 ISRO0449 14.86 74.43 2008-09-24 2018-01-11 HOURLY 4
ISRO0451,14.86,74.43,76,2018-01-11 HOURLY 469 ESL  KGS  Kaiga-4  KARNATAKA 15F1C2 ISRO0450 14.86 74.43 2008-10-16 2018-03-20 HOURLY 470 GS  Hanu
ISRO0452,15.04,76.05,77,471 GS  Hanumasagar  Koppal KARNATAKA 15F1C4 ISRO0452 15.04 76.05 2009-02-27 2019-04-27 HOURLY 472 GS  Tavaragera  Kusht
ISRO0453,15.04,76.05,77,471 GS  Hanumasagar  Koppal KARNATAKA 15F1C4 ISRO0452 15.04 76.05 2009-02-27 2019-04-27 HOURLY 472 GS  Tavaragera  Kusht
ISRO0454,15.76,76.4,77,HOURLY 472 GS  Tavaragera  Kushtagi  Koppal KARNATAKA 15F1C5 ISRO0453 15.76 76.40 2009-04-19 2012-04-08 HOURLY 473 Karat
ISRO0455,15.6,76.66,77,HOURLY 473 Karatagi  Gangavathi  Koppal KARNATAKA 15F1C6 ISRO0454 15.60 76.66 2009-02-27 2019-04-27 HOURLY 474 Kanakagir
ISRO0456,15.58,76.42,77,HOURLY 474 Kanakagiri  Gangavathi  Koppal KARNATAKA 15F1C7 ISRO0455 15.58 76.42 2009-02-27 2019-04-27 HOURLY 475 Siddapu
ISRO0457,15.53,76.64,77,2019-04-27 HOURLY 475 Siddapur  Gangavathi  Koppal KARNATAKA 15F1C8 ISRO0456 15.53 76.64 2008-09-24 2014-01-24 HOURLY 47
ISRO0458,15.61,76.01,78,477 FDA  Yelburga  Koppal  KARNATAKA 15F1CA ISRO0458 15.61 76.01 2009-02-28 2019-04-28 HOURLY 478 GSO  Kuknur  Yelburga 
ISRO0459,15.61,76.01,78,477 FDA  Yelburga  Koppal  KARNATAKA 15F1CA ISRO0458 15.61 76.01 2009-02-28 2019-04-28 HOURLY 478 GSO  Kuknur  Yelburga 
ISRO0460,15.49,75.99,78,HOURLY 478 GSO  Kuknur  Yelburga  Koppal KARNATAKA 15F1CB ISRO0459 15.49 75.99 2009-02-27 2019-04-28 HOURLY 479 DSO  Hos
ISRO0461,15.35,76.18,78,2019-04-28 HOURLY 479 DSO  Hospet  Road  Koppal KARNATAKA 15F1CC ISRO0460 15.35 76.18 2009-02-27 2019-04-27 HOURLY 480 J
ISRO0462,15.23,75.98,78,2019-04-27 HOURLY 480 JE  PWDSD  Koppal  KARNATAKA 15F1CD ISRO0461 15.23 75.98 2008-09-24 2019-04-28 HOURLY 481 AEE  JAS
ISRO0470,21.85,76.32,78,HOURLY 481 AEE  JASD  Munirabad  Koppal KARNATAKA 15F1CE ISRO0462 21.85 76.32 2008-09-25 2019-04-28 HOURLY 482 ESL  KGS 
ISRO0471,14.87,74.43,79,9-24 5-21 483 ESL  KGS  Kaiga  -6  KARNATAKA 15F1D7 ISRO0471 14.87 74.43 2008-09-24 2017-11-30 HOURLY 484 ESL  KGS  Kaig
ISRO0472,14.87,74.43,79,9-24 5-21 483 ESL  KGS  Kaiga  -6  KARNATAKA 15F1D7 ISRO0471 14.87 74.43 2008-09-24 2017-11-30 HOURLY 484 ESL  KGS  Kaig
ISRO0515,14.86,74.44,79,2008-09-24 2017-11-30 HOURLY 484 ESL  KGS  Kaiga  -7  KARNATAKA 15F1D8 ISRO0472 14.86 74.44 2008-09-24 2011-02-17 HOURLY
ISRO0521,14.85,74.43,79,2011-02-17 HOURLY 485 ESL  KGS  Kaiga  8  KARNATAKA 15F203 ISRO0515 14.85 74.43 2008-09-24 2019-01-02 HOURLY 486 ASA  AS
ISRO0574,15.95,75.81,79,2019-01-02 HOURLY 486 ASA  ASI  Badami  Bagalkot KARNATAKA 15F209 ISRO0521 15.95 75.81 2008-09-24 2017-12-08 HOURLY 487 
ISRO0607,12.57,75.85,80,488 KOVER  COLLY  TEA  ESTATE  SOMWARIPET KARNATAKA 15F25F ISRO0607 12.57 75.85 2009-08-05 2019-04-12 HOURLY 489 Elk  Hi
ISRO0608,12.57,75.85,80,488 KOVER  COLLY  TEA  ESTATE  SOMWARIPET KARNATAKA 15F25F ISRO0607 12.57 75.85 2009-08-05 2019-04-12 HOURLY 489 Elk  Hi
ISRO0609,12.48,75.79,80,"HOURLY 489 Elk  Hill  Estates,  TBBTCL,  Sodapur KARNATAKA 15F260 ISRO0608 12.48 75.79 2009-08-17 2019-04-12 HOURLY 490 "
ISRO0610,12.43,75.73,80,HOURLY 490 PALANGALA-Kandanakolly  post-Madikeri KARNATAKA 15F261 ISRO0609 12.43 75.73 2010-08-15 2020-03-08 HOURLY 491 
ISRO0611,12.28,75.9,80,HOURLY 491 Durgadevi  Estate-Makkandur-Madikeri KARNATAKA 15F262 ISRO0610 12.28 75.90 2010-08-15 2019-04-12 HOURLY 492 K
ISRO0612,12.46,75.8,80,"HOURLY 492 Kottoli  Village,  K.Boikeri,Virajpet KARNATAKA 15F263 ISRO0611 12.46 75.80 2009-08-05 2017-12-17 HOURLY 493 "
ISRO0613,12.3,75.88,81,494 Co-op  Bank-Maldare-Sidapur KARNATAKA 15F265 ISRO0613 12.30 75.88 2010-11-19 2017-12-19 HOURLY 495 Kolagundy  Estate
ISRO0614,12.3,75.88,81,494 Co-op  Bank-Maldare-Sidapur KARNATAKA 15F265 ISRO0613 12.30 75.88 2010-11-19 2017-12-19 HOURLY 495 Kolagundy  Estate
ISRO0615,12.24,75.93,81,HOURLY 495 Kolagundy  Estate-Pollibetta KARNATAKA 15F266 ISRO0614 12.24 75.93 2010-08-15 2019-04-12 HOURLY 496 Coffee  P
ISRO0616,12.12,76.07,81,HOURLY 496 Coffee  Planter-Nittor-Balele KARNATAKA 15F267 ISRO0615 12.12 76.07 2010-11-17 2013-09-30 HOURLY 497 Kailasa 
ISRO0617,12.39,75.5,81,2013-09-30 HOURLY 497 Kailasa  Ashram-Thalacauvery  Temple-Bhagamandala KARNATAKA 15F268 ISRO0616 12.39 75.50 2010-08-15
ISRO0618,11.97,76.06,81,2017-12-18 HOURLY 498 Sukhaliya  Estate  Kutta  KARNATAKA 15F269 ISRO0617 11.97 76.06 2010-12-05 2017-12-20 HOURLY 499 S
ISRO0619,12.38,75.84,82,8-05 2-16 500 CRSS  Coffee  Board-Chettally KARNATAKA 15F26B ISRO0619 12.38 75.84 2010-08-15 2019-04-12 HOURLY Items  pe
ISRO0620,12.33,75.7,82,User  Order  Processing  Software  Welcome  Bhargav  Gannavarapu  Logout ●    DashBoard ●    Order  ●    Status  ●    Ac
ISRO0621,12.42,75.75,83,"502 Codagu  Planters  Association,  GT  Road,  Madikeri KARNATAKA 15F26D ISRO0621 12.42 75.75  2009-10-28 2018-11-07 HOU"
ISRO0834,12.42,75.75,83,"502 Codagu  Planters  Association,  GT  Road,  Madikeri KARNATAKA 15F26D ISRO0621 12.42 75.75  2009-10-28 2018-11-07 HOU"
ISRO0835,12.8,77.38,83,"2018-11-07 HOURLY 503 scientist,silk  farm  breeding  kssrdi  bidadi  ramanag KARNATAKA 15F342 ISRO0834 12.80 77.38  200"
ISRO0836,12.68,77.32,83,77.38  2009-08-05 2021-10-18 HOURLY 504 silk  farm  department  of  seri  culture  kp  doddi  ram KARNATAKA 15F343 ISRO0
ISRO0837,12.68,77.32,83,12.68 77.32  2009-08-05 2020-05-28 HOURLY 505 DoS  Chenna  Patna  KARNATAKA 15F344 ISRO0836 12.67 77.22  2009-10-24 2020
ISRO0838,12.59,77.04,83,77.22  2009-10-24 2020-07-25 HOURLY 506 MADDUR   KARNATAKA 15F345 ISRO0837 12.59 77.04  2009-08-05 2021-02-12 HOURLY 507
ISRO0839,12.42,76.69,83,2021-02-12 HOURLY 507 SRI  RANGA  PATNAM KARNATAKA 15F346 ISRO0838 12.42 76.69  2009-10-27 2021-02-12 HOURLY 508 DD  OF 
ISRO0840,11.93,76.95,84,509 Deputy  Director  of  Sericutlure  Govt.  Model  Grainag KARNATAKA 15F348 ISRO0840 11.93 76.95  2010-12-24 2019-04-2
ISRO0841,11.93,76.95,84,509 Deputy  Director  of  Sericutlure  Govt.  Model  Grainag KARNATAKA 15F348 ISRO0840 11.93 76.95  2010-12-24 2019-04-2
ISRO0842,12.15,77.09,84,2019-04-24 HOURLY 510 KOLLEGALA  MANDAL  SERICULTURE KARNATAKA 15F349 ISRO0841 12.15 77.09  2009-08-05 2017-12-23 HOURLY
ISRO0843,12.0,77.14,84,2017-12-23 HOURLY 511 KSSRDI  Sub  Division-B.R.  Hills-Yalandur  Taluk KARNATAKA 15F34A ISRO0842 12.00 77.14  2010-12-1
ISRO0844,12.11,76.67,84,"2017-12-23 HOURLY 512 seri  culture,  nandanagoud  taluk, KARNATAKA 15F34B ISRO0843 12.11 76.67  2009-08-05 2017-12-22 H"
ISRO0845,12.96,77.23,84,"2017-12-22 HOURLY 513 dy.Director,sericulture.govt.sil  farm  (m)magadi  ra KARNATAKA 15F34C ISRO0844 12.96 77.23  2009-"
ISRO0996,13.25,75.59,85,515 Tarigudda  Estate-  ALDUR  -  577111-  Chikmaglur  Dist KARNATAKA 15F3E4 ISRO0996 13.25 75.59  2010-11-25 2018-08-10
ISRO0997,13.25,75.59,85,515 Tarigudda  Estate-  ALDUR  -  577111-  Chikmaglur  Dist KARNATAKA 15F3E4 ISRO0996 13.25 75.59  2010-11-25 2018-08-10
ISRO0998,13.4,75.4,85,2018-08-10 HOURLY 516 Hiregudda  Estate-  JAYAPURA  -  577123 KARNATAKA 15F3E5 ISRO0997 13.40 75.40  2010-05-10 2018-06-
ISRO0999,13.44,75.81,85,2018-06-10 HOURLY 517 Mahaveer  Estate  -  MALLENA  HALLI  -  577131 KARNATAKA 15F3E6 ISRO0998 13.44 75.81  2010-05-10 2
ISRO1079,12.11,75.85,85,"75.81  2010-05-10 2017-12-12 HOURLY 518 V.Badaga  Village,  Virajpet. KARNATAKA 15F3E7 ISRO0999 12.11 75.85  2010-11-03 "
ISRO1080,12.11,75.85,85,12.11 75.85  2010-11-03 2017-12-20 HOURLY 519 Tumkur  KARNATAKA 15F437 ISRO1079 13.34 77.12  2010-05-02 2017-12-25 HOURL
ISRO1087,13.34,77.12,85,13.34 77.12  2010-05-02 2017-12-25 HOURLY 520 Mysore  KARNATAKA 15F438 ISRO1080 12.31 76.65  2010-05-15 2017-12-21 HOURL
ISRO1088,12.21,75.81,86,"522 Virajpet  KARNATAKA 15F440 ISRO1088 12.21 75.81  2010-11-26 2014-12-07 HOURLY 523 Channangoli  Estate,  Devapura,  G"
ISRO1226,12.21,75.81,86,"522 Virajpet  KARNATAKA 15F440 ISRO1088 12.21 75.81  2010-11-26 2014-12-07 HOURLY 523 Channangoli  Estate,  Devapura,  G"
ISRO1227,12.21,75.96,86,"2014-12-07 HOURLY 523 Channangoli  Estate,  Devapura,  Ganicoppal. KARNATAKA 15F4CA ISRO1226 12.21 75.96  2010-11-24 201"
ISRO1228,12.32,75.79,86,"2011-04-29 HOURLY 524 Kattemad  Estate,  Margodu,  Madikeri KARNATAKA 15F4CB ISRO1227 12.32 75.79  2010-11-23 2018-03-13"
ISRO1235,12.48,75.84,86,"2018-03-13 HOURLY 525 Nakoor  Bledfa  Estate,  Suntikoppa. KARNATAKA 15F4CC ISRO1228 12.48 75.84  2010-11-29 2018-10-30 "
ISRO1237,12.95,77.5,86,"75.84  2010-11-29 2018-10-30 HOURLY 526 Bangalore  University,Dept.  of  Physics,Bangalore, KARNATAKA 15F4D3 ISRO1235 12"
ISRO1238,12.36,76.53,86,77.50  2010-12-10 2017-12-30 HOURLY 527 ERC-Yelwal-  Mysore  KARNATAKA 15F4D5 ISRO1237 12.36 76.53  2012-09-27 2015-06-0
ISRO1251,14.63,74.85,87,"12-17 11-26 529 MM  Arts&Science  College,  Sirsi KARNATAKA 15F4E3 ISRO1251 14.63 74.85  2013-10-25 2017-12-10 HOURLY 53"
ISRO1252,14.63,74.85,87,"12-17 11-26 529 MM  Arts&Science  College,  Sirsi KARNATAKA 15F4E3 ISRO1251 14.63 74.85  2013-10-25 2017-12-10 HOURLY 53"
ISRO1253,12.78,75.18,87,"2017-12-10 HOURLY 530 VCET,  Puttur,  Dakshina  Kanada KARNATAKA 15F4E4 ISRO1252 12.78 75.18  2010-11-27 2017-12-15 HOUR"
ISRO1254,13.4,77.7,87,"2017-12-15 HOURLY 531 Satya  Sai  Loka  Seva  Trust,  Muddenahalli,  Chickballapur KARNATAKA 15F4E5 ISRO1253 13.40 77.70"
ISRO1255,12.73,75.1,87,"2017-09-16 HOURLY 532 Satya  Sai  Loka  Seva  Trust,  Alike,Buntwal,  Dakshina  Kanada KARNATAKA 15F4E6 ISRO1254 12.73 7"
ISRO1256,14.83,74.13,87,"2017-12-14 HOURLY 533 PG  Centre  of  Karnataka  University,  Kodaibag,  Karwar KARNATAKA 15F4E7 ISRO1255 14.83 74.13  2"
ISRO1258,16.83,75.64,88,"535 Karanataka  State  Womens  University,  Bijapur KARNATAKA 15F4EA ISRO1258 16.83 75.64  2010-12-15 2017-12-08 HOURLY "
ISRO1259,16.83,75.64,88,"535 Karanataka  State  Womens  University,  Bijapur KARNATAKA 15F4EA ISRO1258 16.83 75.64  2010-12-15 2017-12-08 HOURLY "
ISRO1260,16.83,75.64,88,16.83 75.64  2010-12-15 2017-12-08 HOURLY 536 NIT-Suratkal  KARNATAKA 15F4EB ISRO1259 13.01 74.80  2011-01-13 2017-12-15
ISRO1295,14.63,74.85,88,74.80  2011-01-13 2017-12-15 HOURLY 537 MysoreUniversity  KARNATAKA 15F4EC ISRO1260 14.63 74.85  2013-11-21 2018-01-05 H
ISRO1296,12.93,77.58,88,"2018-01-05 HOURLY 538 National  Degree  College,  Jayanagar,  Bengaluru KARNATAKA 15F50F ISRO1295 12.93 77.58  2017-01-0"
ISRO1297,14.39,75.96,88,"2018-04-06 HOURLY 539 Davangere  University,  Davangere KARNATAKA 15F510 ISRO1296 14.39 75.96  2016-12-27 2018-02-15 HOU"
ISRO1328,12.55,77.42,88,"2018-02-15 HOURLY 540 Rural  College,Kanakapura,  Bengaluru KARNATAKA 15F511 ISRO1297 12.55 77.42  2018-02-02 2018-02-19"
ISRO0026,8.48,76.95,89,542 VSSC-Trivendrum  KERALA 15F01A ISRO0026 8.48  76.95  2006-11-07 2018-03-10 HOURLY 543 GPO  Vithura  Trivendrum KERAL
ISRO0028,8.48,76.95,89,542 VSSC-Trivendrum  KERALA 15F01A ISRO0026 8.48  76.95  2006-11-07 2018-03-10 HOURLY 543 GPO  Vithura  Trivendrum KERAL
ISRO0029,8.48,76.95,89,8.48  76.95  2006-11-07 2018-03-10 HOURLY 543 GPO  Vithura  Trivendrum KERALA 15F01C ISRO0028 8.48  76.95  2006-11-07 20
ISRO0030,10.27,76.47,89,2018-04-16 HOURLY 544 DAF  MAVELIKKARA  ALAPPUZHA KERALA 15F01D ISRO0029 10.27 76.47  2006-01-07 2019-04-23 HOURLY 545 P
ISRO0031,9.44,76.43,89,76.47  2006-01-07 2019-04-23 HOURLY 545 PSU  MANKOMBU  ALAPPUZHA KERALA 15F01E ISRO0030 9.44  76.43  2006-01-07 2017-12-
ISRO0032,9.44,76.43,89,9.44  76.43  2006-01-07 2017-12-23 HOURLY 546 PHC  CHERIYAND  ALAPPUZHA KERALA 15F01F ISRO0031 9.30  76.60  2006-01-07 2
ISRO0033,9.3,76.6,89,9.30  76.60  2006-01-07 2017-12-23 HOURLY 547 SSF  VEEYAPURAM  ALAPPUZHA KERALA 15F020 ISRO0032 9.50  76.60  2006-01-07 
ISRO0034,11.67,76.27,90,07-10 04-15 549 VP  Sulthan  bathey  Wayanad KERALA 15F022 ISRO0034 11.67 76.27  2006-07-07 2019-04-16 HOURLY 550 AD  No
ISRO0035,11.67,76.27,90,07-10 04-15 549 VP  Sulthan  bathey  Wayanad KERALA 15F022 ISRO0034 11.67 76.27  2006-07-07 2019-04-16 HOURLY 550 AD  No
ISRO0036,11.8,76.2,90,2019-04-16 HOURLY 550 AD  Noolpuzha  Wayanad KERALA 15F023 ISRO0035 11.80 76.20  2006-07-07 2019-04-16 HOURLY 551 Priyad
ISRO0037,11.73,76.08,90,2019-04-16 HOURLY 551 Priyad.Est  Kunhome  Wayanad KERALA 15F024 ISRO0036 11.73 76.08  2006-11-07 2019-04-16 HOURLY 552 
ISRO0038,10.65,76.53,90,2019-04-16 HOURLY 552 SSF  ALATHUR  PALAKKAD KERALA 15F025 ISRO0037 10.65 76.53  2006-01-07 2019-04-18 HOURLY 553 Vellay
ISRO0039,8.43,76.99,90,76.53  2006-01-07 2019-04-18 HOURLY 553 Vellayani  Agri  Uni.  Trivendram KERALA 15F026 ISRO0038 8.43  76.99  2007-11-26
ISRO0144,8.72,76.72,91,555 SSF  Chirayinkeezhu  Trivendrum KERALA 15F090 ISRO0144 8.72  76.72  2006-11-07 2017-12-25 HOURLY 556 SSF  Adoor  Pat
ISRO0145,8.72,76.72,91,555 SSF  Chirayinkeezhu  Trivendrum KERALA 15F090 ISRO0144 8.72  76.72  2006-11-07 2017-12-25 HOURLY 556 SSF  Adoor  Pat
ISRO0146,8.72,76.72,91,8.72  76.72  2006-11-07 2017-12-25 HOURLY 556 SSF  Adoor  Pathanamthitta KERALA 15F091 ISRO0145 9.17  76.72  2006-11-07 
ISRO0147,9.17,76.72,91,9.17  76.72  2006-11-07 2017-12-24 HOURLY 557 SF  Pullad  Pathanamthitta KERALA 15F092 ISRO0146 9.37  76.57  2006-11-07 
ISRO0148,9.37,76.57,91,9.37  76.57  2006-11-07 2019-04-23 HOURLY 558 DAF  Neriyamangalam  Eranakulam KERALA 15F093 ISRO0147 9.97  76.57  2006-1
ISRO0149,10.17,76.43,91,2019-04-21 HOURLY 559 SSF  Okkal  Ernakulam KERALA 15F094 ISRO0148 10.17 76.43  2006-11-07 2019-04-19 HOURLY 560 SSF  Al
ISRO0150,9.9,76.2,91,76.43  2006-11-07 2019-04-19 HOURLY 560 SSF  Aluvathuruth  Ernakulam KERALA 15F095 ISRO0149 9.90  76.20  2006-11-07 2018
ISRO0151,11.48,75.62,92,562 CN  Thikkody  Kozhikode KERALA 15F097 ISRO0151 11.48 75.62  2006-05-04 2019-04-17 HOURLY 563 SSF  Puthupaddy  Kozhik
ISRO0152,11.48,75.62,92,562 CN  Thikkody  Kozhikode KERALA 15F097 ISRO0151 11.48 75.62  2006-05-04 2019-04-17 HOURLY 563 SSF  Puthupaddy  Kozhik
ISRO0153,11.45,75.97,92,2019-04-17 HOURLY 563 SSF  Puthupaddy  Kozhikodse KERALA 15F098 ISRO0152 11.45 75.97  2006-11-07 2019-06-05 HOURLY 564 D
ISRO0154,11.6,75.82,92,2019-06-05 HOURLY 564 DAF  Peruvannamozhi  Kozhikode KERALA 15F099 ISRO0153 11.60 75.82  2006-11-07 2019-04-17 HOURLY 56
ISRO0155,10.53,76.7,92,2019-04-17 HOURLY 565 OSF  Nellampathy  Palakad KERALA 15F09A ISRO0154 10.53 76.70  2006-11-03 2017-12-17 HOURLY 566 SSF
ISRO0156,10.8,76.34,92,2017-12-17 HOURLY 566 SSF  Ananganadi  Palakad KERALA 15F09B ISRO0155 10.80 76.34  2006-11-07 2021-06-16 HOURLY 567 HDF 
ISRO0157,10.77,76.65,92,2021-06-16 HOURLY 567 HDF  Malampuzha  Palakkad KERALA 15F09C ISRO0156 10.77 76.65  2006-11-07 2019-04-18 HOURLY 568 ISD
ISRO0158,11.32,76.25,93,11-09 09-23 569 DAF  Chunkathara  Malappuram KERALA 15F09E ISRO0158 11.32 76.25  2007-11-26 2019-04-18 HOURLY 570 SSF  V
ISRO0159,11.32,76.25,93,11-09 09-23 569 DAF  Chunkathara  Malappuram KERALA 15F09E ISRO0158 11.32 76.25  2007-11-26 2019-04-18 HOURLY 570 SSF  V
ISRO0160,11.75,75.52,93,76.25  2007-11-26 2019-04-18 HOURLY 570 SSF  Vengad  Kannur  KERALA 15F09F ISRO0159 11.75 75.52  2006-05-04 2019-04-15 H
ISRO0161,11.8,75.47,93,"75.52  2006-05-04 2019-04-15 HOURLY 571 CN,PALAYAD,KANNUR KERALA 15F0A0 ISRO0160 11.80 75.47  2007-11-26 2019-04-15 HOUR"
ISRO0162,12.15,75.23,93,75.47  2007-11-26 2019-04-15 HOURLY 572 AF  Kankol  Kannur  KERALA 15F0A1 ISRO0161 12.15 75.23  2006-11-07 2019-04-14 HO
ISRO0217,12.05,75.38,93,2019-04-14 HOURLY 573 DF  Thallparamba  Kannur KERALA 15F0A2 ISRO0162 12.05 75.38  2006-11-03 2020-06-30 HOURLY 574 SNOM
ISRO0218,9.94,76.27,94,"575 SNOM,  NAVY,  COCHI  (MET  SECTION) KERALA 15F0DA ISRO0218 9.94  76.27  2007-11-26 2019-01-02 HOURLY 576 INS  Zamori"
ISRO0270,9.94,76.27,94,"575 SNOM,  NAVY,  COCHI  (MET  SECTION) KERALA 15F0DA ISRO0218 9.94  76.27  2007-11-26 2019-01-02 HOURLY 576 INS  Zamori"
ISRO0359,9.94,76.27,94,"9.94  76.27  2007-11-26 2019-01-02 HOURLY 576 INS  Zamorin,Kannur  KERALA 15F10E ISRO0270 12.04 75.19  2007-11-26 2019-0"
ISRO0360,12.04,75.19,94,"12.04 75.19  2007-11-26 2019-01-02 HOURLY 577 FS,DAF,Kozha,Kottayam KERALA 15F167 ISRO0359 9.77  76.57  2008-09-24 2019-"
ISRO0361,9.77,76.57,94,"ISRO0359 9.77  76.57  2008-09-24 2019-04-22 HOURLY 578 FS,SVF,Idukki  KERALA 15F168 ISRO0360 9.58  77.12  2008-09-24 201"
ISRO0362,9.58,77.12,94,"9.58  77.12  2008-09-24 2019-06-19 HOURLY 579 AO,SSF,Karimanur,Idukki KERALA 15F169 ISRO0361 9.91  76.36  2008-09-24 201"
ISRO0363,10.71,76.77,94,"2019-04-21 HOURLY 580 DAF,Chelakkara,Venganeelur,Trissur KERALA 15F16A ISRO0362 10.71 76.77  2008-09-24 2019-04-19 HOURL"
ISRO0364,12.35,75.09,95,"582 AO,SSF,Pullur,Haripuram,Kasargode KERALA 15F16C ISRO0364 12.35 75.09  2008-09-24 2019-04-14 HOURLY 583 AO,CPO,Kuntar"
ISRO0365,12.35,75.09,95,"582 AO,SSF,Pullur,Haripuram,Kasargode KERALA 15F16C ISRO0364 12.35 75.09  2008-09-24 2019-04-14 HOURLY 583 AO,CPO,Kuntar"
ISRO0366,12.56,75.2,95,"2019-04-14 HOURLY 583 AO,CPO,Kuntar,Adhur  Mulleria,Kasargod KERALA 15F16D ISRO0365 12.56 75.20  2008-09-24 2019-04-13 H"
ISRO0432,8.83,76.92,95,"75.20  2008-09-24 2019-04-13 HOURLY 584 AO,SSF,Kadakkel,Kadakkel  Post KERALA 15F16E ISRO0366 8.83  76.92  2008-09-24 20"
ISRO0433,12.75,74.95,95,2017-12-26 HOURLY 585 KVK  Majeshwaram  Kasargod KERALA 15F1B0 ISRO0432 12.75 74.95  2008-09-24 2022-01-05 HOURLY 586 KV
ISRO0434,12.08,75.38,95,2022-01-05 HOURLY 586 KVK  Panniyur  Kannur KERALA 15F1B1 ISRO0433 12.08 75.38  2008-09-24 2019-04-14 HOURLY 587 RARS  A
ISRO0435,11.62,76.21,95,2019-04-14 HOURLY 587 RARS  Ambalavayal  Wayanad KERALA 15F1B2 ISRO0434 11.62 76.21  2008-09-24 2019-04-16 HOURLY 588 CV
ISRO0436,11.09,76.12,96,09-24 12-19 589 CRS  Anakkayam  Malappuram KERALA 15F1B4 ISRO0436 11.09 76.12  2008-09-24 2019-04-17 HOURLY 590 KVK  KAU
ISRO0437,11.09,76.12,96,09-24 12-19 589 CRS  Anakkayam  Malappuram KERALA 15F1B4 ISRO0436 11.09 76.12  2008-09-24 2019-04-17 HOURLY 590 KVK  KAU
ISRO0438,10.55,76.27,96,76.12  2008-09-24 2019-04-17 HOURLY 590 KVK  KAU  Trissur  KERALA 15F1B5 ISRO0437 10.55 76.27  2008-09-24 2019-04-19 HOU
ISRO0439,10.31,76.34,96,2019-04-19 HOURLY 591 ARS  Chalakudy  Trissur KERALA 15F1B6 ISRO0438 10.31 76.34  2008-09-24 2019-06-12 HOURLY 592 FS  P
ISRO0440,10.31,76.34,96,10.31 76.34  2008-09-24 2019-06-12 HOURLY 592 FS  Puduveypu  Kochi KERALA 15F1B7 ISRO0439 9.98  76.23  2008-09-24 2019-0
ISRO0441,9.98,76.23,96,ISRO0439 9.98  76.23  2008-09-24 2019-04-20 HOURLY 593 RRS  Vyttila  Kochi  KERALA 15F1B8 ISRO0440 9.98  76.32  2008-09-
ISRO0442,10.54,76.16,97,"595 COH,  KAU  Trissur  KERALA 15F1BA ISRO0442 10.54 76.16  2009-03-26 2016-03-03 HOURLY 596 President  MGO  Marayoor  I"
ISRO0443,10.54,76.16,97,"595 COH,  KAU  Trissur  KERALA 15F1BA ISRO0442 10.54 76.16  2009-03-26 2016-03-03 HOURLY 596 President  MGO  Marayoor  I"
ISRO0444,10.28,77.16,97,2016-03-03 HOURLY 596 President  MGO  Marayoor  Idukki KERALA 15F1BB ISRO0443 10.28 77.16  2009-02-27 2016-02-01 HOURLY 
ISRO0445,10.15,77.17,97,2016-02-01 HOURLY 597 KDHPCPL  MUNNAR  IDUKKI KERALA 15F1BC ISRO0444 10.15 77.17  2008-09-24 2017-12-21 HOURLY 598 PCE  
ISRO0446,9.36,76.56,97,77.17  2008-09-24 2017-12-21 HOURLY 598 PCE  TANNITHODU  KONNI KERALA 15F1BD ISRO0445 9.36  76.56  2009-02-27 2018-03-26
ISRO0994,9.36,76.56,97,9.36  76.56  2009-02-27 2018-03-26 HOURLY 599 ICRI  SB  MYLADUMPARA  IDUKKI KERALA 15F1BE ISRO0446 9.89  77.16  2008-09-
ISRO0995,10.09,77.06,98,Welcome  Bhargav  Gannavarapu  Logout ●    DashBoard ●    Order  ●    Status  ●    Account  ●    0   ● Datasource:   In-
ISRO1093,10.09,77.06,98,Longitude Start  Date End  Date Temporal  Resolution Order  Data 601 Anthoniar  Colony-  Munnar KERALA  15F3E3 ISRO0995 
ISRO1303,10.09,77.06,98,KERALA  15F3E3 ISRO0995 10.09 77.06  2010-02-05 2018-09-04 HOURLY 602 Cochin  Port  KERALA  15F445 ISRO1093 9.95  76.27 
ISRO1309,9.95,76.27,98,ISRO1093 9.95  76.27  2010-12-05 2024-01-22 HOURLY 603 PWD_MULLAPERYR_DAM KERALA  15F517 ISRO1303 10.53 76.22  2010-11-2
ISRO1310,9.57,77.25,99,605 METHAKANAM_ARG KERALA  15F51E ISRO1310 9.57  77.25  2019-11-21 2023-09-16 HOURLY 606 MULLAKUDY_ARG KERALA  15F51F IS
ISRO1311,9.57,77.25,99,605 METHAKANAM_ARG KERALA  15F51E ISRO1310 9.57  77.25  2019-11-21 2023-09-16 HOURLY 606 MULLAKUDY_ARG KERALA  15F51F IS
ISRO1312,9.57,77.25,99,KERALA  15F51E ISRO1310 9.57  77.25  2019-11-21 2023-09-16 HOURLY 606 MULLAKUDY_ARG KERALA  15F51F ISRO1311 9.52  77.26 
ISRO1313,9.52,77.26,99,KERALA  15F51F ISRO1311 9.52  77.26  2010-12-01 2022-05-18 HOURLY 607 RANDATTINKARA_ARG KERALA  15F520 ISRO1312 9.52  77
ISRO1314,9.52,77.32,99,KERALA  15F520 ISRO1312 9.52  77.32  2020-12-24 2021-06-25 HOURLY 608 THAMARA_ARG KERALA  15F521 ISRO1313 9.49  77.36  2
ISRO1315,9.49,77.36,99,KERALA  15F521 ISRO1313 9.49  77.36  2020-12-25 2023-08-06 HOURLY 609 MANALAR_AWS KERALA  15F522 ISRO1314 9.57  77.34  2
ISRO1316,9.57,77.34,99,MANALAR_AWS KERALA  15F522 ISRO1314 9.57  77.34  2019-12-05 2022-01-03 HOURLY 610 ARUVIYODA_AWS KERALA  15F523 ISRO1315 
ISRO1317,9.56,77.15,100,2-07 5-29 612 ANCHURULY_ARG KERALA  15F525 ISRO1317 9.56  77.15  2010-12-11 2021-08-27 HOURLY 613 VALLIMALIE_ARG KERALA 
ISRO1318,9.56,77.15,100,2-07 5-29 612 ANCHURULY_ARG KERALA  15F525 ISRO1317 9.56  77.15  2010-12-11 2021-08-27 HOURLY 613 VALLIMALIE_ARG KERALA 
ISRO1319,9.56,77.15,100,KERALA  15F525 ISRO1317 9.56  77.15  2010-12-11 2021-08-27 HOURLY 613 VALLIMALIE_ARG KERALA  15F526 ISRO1318 9.44  77.31
ISRO1320,9.44,77.31,100,KERALA  15F526 ISRO1318 9.44  77.31  2011-01-06 2025-06-14 HOURLY 614 VALLAKADAVU_ARG KERALA  15F527 ISRO1319 9.53  77.1
ISRO1321,9.53,77.11,100,KERALA  15F527 ISRO1319 9.53  77.11  2010-12-19 2022-08-10 HOURLY 615 MLAPPARA_ARG KERALA  15F528 ISRO1320 9.44  77.31  
ISRO0570,9.44,77.31,100,ISRO1320 9.44  77.31  2010-12-31 2021-06-18 HOURLY 616 THANIKUDI_ARG KERALA  15F529 ISRO1321 9.48  77.28  2011-01-11 202
ISRO1261,10.57,72.64,101,618 Kavaratti(Jetty)  LAKSHWADEEP 15F4ED ISRO1261 10.57 72.64  2014-09-02 2016-01-23 HOURLY 619 Kavaratti-Helipad LAKSHW
ISRO1262,10.57,72.64,101,618 Kavaratti(Jetty)  LAKSHWADEEP 15F4ED ISRO1261 10.57 72.64  2014-09-02 2016-01-23 HOURLY 619 Kavaratti-Helipad LAKSHW
ISRO1263,10.52,72.62,101,72.64  2014-09-02 2016-01-23 HOURLY 619 Kavaratti-Helipad LAKSHWADEEP 15F4EE ISRO1262 10.52 72.62  2015-01-20 2017-01-02
ISRO1264,10.52,72.62,101,10.52 72.62  2015-01-20 2017-01-02 HOURLY 620 Amini  LAKSHWADEEP 15F4EF ISRO1263 11.13 72.73  2016-06-14 2017-08-26 HOUR
ISRO1265,11.13,72.73,101,11.13 72.73  2016-06-14 2017-08-26 HOURLY 621 Kadmat  LAKSHWADEEP 15F4F0 ISRO1264 11.22 72.77  2017-04-29 2017-08-30 HOU
ISRO1266,11.22,72.77,101,11.22 72.77  2017-04-29 2017-08-30 HOURLY 622 Bitra  LAKSHWADEEP 15F4F1 ISRO1265 11.60 72.19  2010-12-07 2018-07-02 HOUR
ISRO1267,11.6,72.19,101,11.60 72.19  2010-12-07 2018-07-02 HOURLY 623 Chetlat  LAKSHWADEEP 15F4F2 ISRO1266 11.69 72.71  2016-03-14 2019-10-11 HO
ISRO1268,10.87,72.2,102,625 Agatti-Jetty  LAKSHWADEEP 15F4F4 ISRO1268 10.87 72.20  2016-02-15 2017-03-01 HOURLY 626 Bangaram   LAKSHWADEEP 15F4F
ISRO1269,10.87,72.2,102,625 Agatti-Jetty  LAKSHWADEEP 15F4F4 ISRO1268 10.87 72.20  2016-02-15 2017-03-01 HOURLY 626 Bangaram   LAKSHWADEEP 15F4F
ISRO1270,10.94,72.29,102,72.20  2016-02-15 2017-03-01 HOURLY 626 Bangaram   LAKSHWADEEP 15F4F5 ISRO1269 10.94 72.29  2016-02-15 2017-02-21 HOURLY
ISRO1271,10.56,72.65,102,72.29  2016-02-15 2017-02-21 HOURLY 627 Eastern  Jetty-Kavaratti LAKSHWADEEP 15F4F6 ISRO1270 10.56 72.65  2016-04-01 201
ISRO1272,10.56,72.65,102,10.56 72.65  2016-04-01 2018-04-29 HOURLY 628 Kalpeni  LAKSHWADEEP 15F4F7 ISRO1271 10.07 73.65  2016-03-14 2017-08-12 HO
ISRO1273,10.07,73.65,102,ISRO1271 10.07 73.65  2016-03-14 2017-08-12 HOURLY 629 Minicoy  LAKSHWADEEP 15F4F8 ISRO1272 8.28  73.06  2016-04-01 2017
ISRO0310,23.83,78.77,103,"631 Rangali  Camp,  Bargarh  District MADHYA  PRADESH 15F136 ISRO0310 23.83 78.77  2008-09-26 2019-04-22 HOURLY 632 Bhed"
ISRO0311,23.83,78.77,103,"631 Rangali  Camp,  Bargarh  District MADHYA  PRADESH 15F136 ISRO0310 23.83 78.77  2008-09-26 2019-04-22 HOURLY 632 Bhed"
ISRO0312,22.63,75.79,103,"2019-04-22 HOURLY 632 Bheden,  Bargarh  District MADHYA  PRADESH 15F137 ISRO0311 22.63 75.79  2008-10-04 2019-04-29 HOUR"
ISRO0313,24.57,81.33,103,"2019-04-29 HOURLY 633 Rampur,  Sonepur  District MADHYA  PRADESH 15F138 ISRO0312 24.57 81.33  2006-05-04 2019-04-25 HOUR"
ISRO0314,26.2,78.2,103,"2019-04-25 HOURLY 634 Maneswar,  Sambalpur  District MADHYA  PRADESH 15F139 ISRO0313 26.20 78.20  2010-12-23 2010-12-23 "
ISRO0421,23.16,75.81,103,"2010-12-23 HOURLY 635 Chiplima,  Sambalpur  District MADHYA  PRADESH 15F13A ISRO0314 23.16 75.81  2008-09-18 2019-04-19 "
ISRO0464,23.29,77.47,103,"2019-04-19 HOURLY 636 Dy.Director,MCF,  Ayodhyanagar,Bhopal MADHYA  PRADESH 15F1A5 ISRO0421 23.29 77.47  2008-09-24 2012"
ISRO0465,24.05,75.13,104,"638 Mandsour,KVK  Collage(Guest  House) MADHYA  PRADESH 15F1D1 ISRO0465 24.05 75.13  2008-09-24 2023-02-04 HOURLY 639 MC"
ISRO0466,24.05,75.13,104,"638 Mandsour,KVK  Collage(Guest  House) MADHYA  PRADESH 15F1D1 ISRO0465 24.05 75.13  2008-09-24 2023-02-04 HOURLY 639 MC"
ISRO0467,23.31,77.36,104,"2023-02-04 HOURLY 639 MCF,  AYN8,Bhopal MADHYA  PRADESH 15F1D2 ISRO0466 23.31 77.36  2008-09-24 2019-04-20 HOURLY 640 PA"
ISRO0468,21.79,80.19,104,2019-04-20 HOURLY 640 PATWARI  TRAINING  CENTER  BALAGHAT MADHYA  PRADESH 15F1D3 ISRO0467 21.79 80.19  2009-02-27 2016-0
ISRO0469,23.21,77.4,104,"2016-03-29 HOURLY 641 MCF,  AYN10,Bhopal MADHYA  PRADESH 15F1D4 ISRO0468 23.21 77.40  2009-03-07 2019-04-20 HOURLY 642 R"
ISRO0622,23.52,77.81,104,2019-04-20 HOURLY 642 RH  Vidisha  Collectorate MADHYA  PRADESH 15F1D5 ISRO0469 23.52 77.81  2006-05-04 2019-04-22 HOURL
ISRO0623,24.39,80.54,105,644 Satna  Pahadi  Range  (F) MADHYA  PRADESH 15F26F ISRO0623 24.39 80.54  2010-11-29 2019-04-24 HOURLY 645 Singrouli  (
ISRO0624,24.39,80.54,105,644 Satna  Pahadi  Range  (F) MADHYA  PRADESH 15F26F ISRO0623 24.39 80.54  2010-11-29 2019-04-24 HOURLY 645 Singrouli  (
ISRO0625,24.2,82.66,105,80.54  2010-11-29 2019-04-24 HOURLY 645 Singrouli  (F)  MADHYA  PRADESH 15F270 ISRO0624 24.20 82.66  2010-09-28 2019-04-
ISRO0626,23.81,79.46,105,"2019-04-25 HOURLY 646 DAMOH,FRH  (F) MADHYA  PRADESH 15F271 ISRO0625 23.81 79.46  2009-07-10 2017-10-01 HOURLY 647 Anoop"
ISRO0627,23.01,81.61,105,2017-10-01 HOURLY 647 Anooppur  Kirar  Check  post  (F) MADHYA  PRADESH 15F272 ISRO0626 23.01 81.61  2010-02-07 2021-07-
ISRO0628,23.15,79.93,105,2021-07-20 HOURLY 648 Jabalpur  Katanga  FRH  (F) MADHYA  PRADESH 15F273 ISRO0627 23.15 79.93  2009-07-10 2013-06-25 HOU
ISRO0629,24.27,80.16,105,2013-06-25 HOURLY 649 Sonth  Panna  FRH  Pawai  (F) MADHYA  PRADESH 15F274 ISRO0628 24.27 80.16  2010-12-01 2020-08-30 H
ISRO0630,22.1,80.61,106,651 North  Balaghat  Baihar  Depot  (F) MADHYA  PRADESH 15F276 ISRO0630 22.10 80.61  2009-07-10 2019-04-23 HOURLY 652 Vi
ISRO0631,22.1,80.61,106,651 North  Balaghat  Baihar  Depot  (F) MADHYA  PRADESH 15F276 ISRO0630 22.10 80.61  2009-07-10 2019-04-23 HOURLY 652 Vi
ISRO0632,24.84,81.36,106,2019-04-23 HOURLY 652 Village  Sirmor  (F) MADHYA  PRADESH 15F277 ISRO0631 24.84 81.36  2010-11-24 2019-04-25 HOURLY 653
ISRO0633,21.77,78.66,106,2019-04-25 HOURLY 653 South  Chhindhada  (F) MADHYA  PRADESH 15F278 ISRO0632 21.77 78.66  2009-07-10 2019-04-22 HOURLY 6
ISRO0634,23.99,81.37,106,"2019-04-22 HOURLY 654 North  Shahdon,  Biohari  Depot  (F) MADHYA  PRADESH 15F279 ISRO0633 23.99 81.37  2010-12-28 2019-"
ISRO0635,24.8,80.32,106,"2019-04-26 HOURLY 655 North  Panna,  Range  Vishramganj  (F) MADHYA  PRADESH 15F27A ISRO0634 24.80 80.32  2009-07-10 201"
ISRO0636,22.34,78.65,107,657 West  Chindwara  Tamiya  FRH  (F) MADHYA  PRADESH 15F27C ISRO0636 22.34 78.65  2009-07-22 2019-04-25 HOURLY 658 Nort
ISRO0637,22.34,78.65,107,657 West  Chindwara  Tamiya  FRH  (F) MADHYA  PRADESH 15F27C ISRO0636 22.34 78.65  2009-07-22 2019-04-25 HOURLY 658 Nort
ISRO0638,22.49,79.73,107,2019-04-25 HOURLY 658 North  Seoni  FV  Gadarware  (F) MADHYA  PRADESH 15F27D ISRO0637 22.49 79.73  2010-10-06 2019-04-2
ISRO0639,22.66,73.69,107,2019-04-25 HOURLY 659 Narsingpur  Jamgaon  (F) MADHYA  PRADESH 15F27E ISRO0638 22.66 73.69  2010-12-09 2019-04-26 HOURLY
ISRO0640,22.63,80.35,107,2019-04-26 HOURLY 660 West  Mandla  Katra  Village  (F) MADHYA  PRADESH 15F27F ISRO0639 22.63 80.35  2009-07-10 2019-04-
ISRO0641,23.8,80.36,107,2019-04-25 HOURLY 661 Katni  Division  Office  (F) MADHYA  PRADESH 15F280 ISRO0640 23.80 80.36  2010-08-15 2023-12-14 HO
ISRO0642,24.75,78.81,107,2023-12-14 HOURLY 662 Tikamgarh  Eco  Centre  (F) MADHYA  PRADESH 15F281 ISRO0641 24.75 78.81  2010-11-28 2019-04-23 HOU
ISRO0643,21.77,79.29,108,"664 Alikatta  Forest  Range  Office,Seoni  Dist. MADHYA  PRADESH 15F283 ISRO0643 21.77 79.29  2010-11-29 2019-04-22 HOUR"
ISRO0644,21.77,79.29,108,"664 Alikatta  Forest  Range  Office,Seoni  Dist. MADHYA  PRADESH 15F283 ISRO0643 21.77 79.29  2010-11-29 2019-04-22 HOUR"
ISRO0645,21.55,75.68,108,2019-04-22 HOURLY 665 Khargaon  FV  Pipaljhopa  (F) MADHYA  PRADESH 15F284 ISRO0644 21.55 75.68  2010-08-15 2019-04-20 H
ISRO0646,22.81,81.34,108,"2019-04-20 HOURLY 666 Dhindori,  Gadasaroai  Depot  (F) MADHYA  PRADESH 15F285 ISRO0645 22.81 81.34  2010-03-05 2019-04-"
ISRO0647,21.95,80.03,108,"81.34  2010-03-05 2019-04-24 HOURLY 667 South  Belaghat  Range  Office,  Lalburra  (F) MADHYA  PRADESH 15F286 ISRO0646 2"
ISRO0648,22.2,80.69,108,80.03  2009-07-10 2019-04-23 HOURLY 668 Kanha  NP  (F)  MADHYA  PRADESH 15F287 ISRO0647 22.20 80.69  2009-07-10 2017-09-
ISRO0649,22.18,77.9,109,670 North  Betul  Motidhana  FRH  (F) MADHYA  PRADESH 15F289 ISRO0649 22.18 77.90  2010-12-09 2018-10-29 HOURLY 671 Obed
ISRO0650,22.18,77.9,109,670 North  Betul  Motidhana  FRH  (F) MADHYA  PRADESH 15F289 ISRO0649 22.18 77.90  2010-12-09 2018-10-29 HOURLY 671 Obed
ISRO0651,23.02,77.67,109,2018-10-29 HOURLY 671 Obedullaganj  Goharganj  Range  office  (F) MADHYA  PRADESH 15F28A ISRO0650 23.02 77.67  2009-07-1
ISRO0652,23.52,79.23,109,77.67  2009-07-10 2019-04-21 HOURLY 672 Nauradehi-WLS  Mohali  FRH  (F) MADHYA  PRADESH 15F28B ISRO0651 23.52 79.23  200
ISRO0653,22.44,78.17,109,79.23  2009-09-22 2019-04-22 HOURLY 673 Satpura  NP  (F)  MADHYA  PRADESH 15F28C ISRO0652 22.44 78.17  2009-07-10 2019-0
ISRO0654,21.62,77.92,109,2019-01-02 HOURLY 674 South  Betul  Village  Aathner  (F) MADHYA  PRADESH 15F28D ISRO0653 21.62 77.92  2009-10-08 2017-0
ISRO0655,24.36,79.21,109,2017-09-22 HOURLY 675 North  Sagar  Hirapur  FRH  (F) MADHYA  PRADESH 15F28E ISRO0654 24.36 79.21  2010-03-05 2019-04-23
ISRO0656,22.4,77.65,110,677 Hoshangabad  FRH  Pipalgota  (F) MADHYA  PRADESH 15F290 ISRO0656 22.40 77.65  2010-03-05 2018-01-07 HOURLY 678 Bhopa
ISRO0657,22.4,77.65,110,677 Hoshangabad  FRH  Pipalgota  (F) MADHYA  PRADESH 15F290 ISRO0656 22.40 77.65  2010-03-05 2018-01-07 HOURLY 678 Bhopa
ISRO0658,23.33,77.58,110,2018-01-07 HOURLY 678 Bhopal  Samardha  Village  (F) MADHYA  PRADESH 15F291 ISRO0657 23.33 77.58  2009-07-10 2019-04-21 
ISRO0659,23.35,78.31,110,2019-04-21 HOURLY 679 Raisen  Range  Geratganj  (F) MADHYA  PRADESH 15F292 ISRO0658 23.35 78.31  2009-07-10 2019-04-22 H
ISRO0660,24.0,76.75,110,2019-04-22 HOURLY 680 Rajgarh  Range  (F) MADHYA  PRADESH 15F293 ISRO0659 24.00 76.75  2010-07-04 2019-05-08 HOURLY 681 
ISRO0661,23.83,77.95,110,2019-05-08 HOURLY 681 Vidisha  Ganjbasada  Depot  (F) MADHYA  PRADESH 15F294 ISRO0660 23.83 77.95  2010-03-05 2017-12-16
ISRO0662,23.4,76.25,111,683 Shajapur  Range  office  (F) MADHYA  PRADESH 15F296 ISRO0662 23.40 76.25  2009-09-22 2019-04-20 HOURLY 684 Jambua  K
ISRO0663,23.4,76.25,111,683 Shajapur  Range  office  (F) MADHYA  PRADESH 15F296 ISRO0662 23.40 76.25  2009-09-22 2019-04-20 HOURLY 684 Jambua  K
ISRO0664,23.0,74.58,111,2019-04-20 HOURLY 684 Jambua  Kotnai  Range  (F) MADHYA  PRADESH 15F297 ISRO0663 23.00 74.58  2009-10-20 2019-07-21 HOUR
ISRO0665,24.37,79.21,111,2019-07-21 HOURLY 685 Barwoni  Village  Bokrata  (F) MADHYA  PRADESH 15F298 ISRO0664 24.37 79.21  2010-01-15 2020-04-01 
ISRO0666,21.71,78.11,111,2020-04-01 HOURLY 686 Sendhwa  Division  office  (F) MADHYA  PRADESH 15F299 ISRO0665 21.71 78.11  2009-08-05 2019-04-22 
ISRO0667,22.35,75.68,111,78.11  2009-08-05 2019-04-22 HOURLY 687 Indore  Wanchoo  Point  (F) MADHYA  PRADESH 15F29A ISRO0666 22.35 75.68  2009-07
ISRO0668,22.95,76.05,111,75.68  2009-07-10 2021-12-21 HOURLY 688 Dewas  (F)  MADHYA  PRADESH 15F29B ISRO0667 22.95 76.05  2009-09-22 2019-04-19 H
ISRO0669,23.45,74.94,112,690 Ratlam  Sailana  Nursary  (F) MADHYA  PRADESH 15F29D ISRO0669 23.45 74.94  2009-08-06 2019-04-18 HOURLY 691 Khandwa 
ISRO0670,23.45,74.94,112,690 Ratlam  Sailana  Nursary  (F) MADHYA  PRADESH 15F29D ISRO0669 23.45 74.94  2009-08-06 2019-04-18 HOURLY 691 Khandwa 
ISRO0671,21.63,76.86,112,2019-04-18 HOURLY 691 Khandwa  Range  Khanlwa  (F) MADHYA  PRADESH 15F29E ISRO0670 21.63 76.86  2009-07-10 2019-04-21 HO
ISRO0672,24.08,75.05,112,2019-04-21 HOURLY 692 Mandsaur  Division  office(F) MADHYA  PRADESH 15F29F ISRO0671 24.08 75.05  2010-03-05 2019-11-02 H
ISRO0673,22.28,76.11,112,2019-11-02 HOURLY 693 Barwaha  Village  Moodri  (F) MADHYA  PRADESH 15F2A0 ISRO0672 22.28 76.11  2010-11-01 2017-11-24 H
ISRO0674,23.2,75.86,112,2017-11-24 HOURLY 694 Ujjain  Naulaky  (F) MADHYA  PRADESH 15F2A1 ISRO0673 23.20 75.86  2009-09-22 2019-04-19 HOURLY 695
ISRO0675,24.8,77.03,113,696 Guna  Range  office  Binaganj  (F) MADHYA  PRADESH 15F2A3 ISRO0675 24.80 77.03  2010-03-05 2022-07-02 HOURLY 697 Mad
ISRO0676,24.8,77.03,113,696 Guna  Range  office  Binaganj  (F) MADHYA  PRADESH 15F2A3 ISRO0675 24.80 77.03  2010-03-05 2022-07-02 HOURLY 697 Mad
ISRO0677,25.42,77.7,113,2022-07-02 HOURLY 697 Madhav  NP  Seling  club  FRH  (F) MADHYA  PRADESH 15F2A4 ISRO0676 25.42 77.70  2009-09-22 2019-04
ISRO0678,25.81,77.17,113,2019-04-28 HOURLY 698 Palpur  Kuno  WLS  (F) MADHYA  PRADESH 15F2A5 ISRO0677 25.81 77.17  2010-03-05 2019-04-28 HOURLY 6
ISRO0679,25.67,76.73,113,2019-04-28 HOURLY 699 Sheopur  Eco  Centre  (F) MADHYA  PRADESH 15F2A6 ISRO0678 25.67 76.73  2010-03-05 2020-07-18 HOURL
ISRO0680,26.19,78.7,114,●    0   ● Datasource:   In-situ   Category:   AMS   AWS   AWSAGRI   AWSUPG   IMDAWS   Sr.No Station  Name  State  Stati
ISRO0681,26.19,78.7,114,Temporal  Resolution Order  Data 701 Datia  Dirolipar  Forest  check  post  (F) MADHYA  PRADESH 15F2A8 ISRO0680 26.19 78
ISRO1090,26.28,78.09,114,"78.70  2007-01-02 2019-04-27 HOURLY 702 Gwalior,  Villang  Bheelpura  (F) MADHYA  PRADESH 15F2A9 ISRO0681 26.28 78.09  2"
ISRO1091,26.28,78.09,114,26.28 78.09  2010-08-15 2019-04-27 HOURLY 703 Sanchi  MADHYA  PRADESH 15F442 ISRO1090 23.48 77.74  2010-12-19 2021-10-22
ISRO1092,23.48,77.74,114,23.48 77.74  2010-12-19 2021-10-22 HOURLY 704 Bimbetkar  MADHYA  PRADESH 15F443 ISRO1091 22.95 77.63  2011-01-09 2019-04
ISRO0013,21.15,79.03,115,"706 RRSSC  NAGPUR  MAHARASTRA 15F00D ISRO0013 21.15 79.03  2007-11-26 2019-04-06 HOURLY 707 INS  Shivaji,Lonavala MAHARA"
ISRO0266,21.15,79.03,115,"706 RRSSC  NAGPUR  MAHARASTRA 15F00D ISRO0013 21.15 79.03  2007-11-26 2019-04-06 HOURLY 707 INS  Shivaji,Lonavala MAHARA"
ISRO0278,18.7,73.37,115,"2019-04-06 HOURLY 707 INS  Shivaji,Lonavala MAHARASTRA 15F10A ISRO0266 18.70 73.37  2007-12-08 2019-06-28 HOURLY 708 ASC"
ISRO0279,19.33,74.64,115,"2019-06-28 HOURLY 708 ASCAE,  RAHURI,  AHMEDNAGAR MAHARASTRA 15F116 ISRO0278 19.33 74.64  2007-12-11 2019-02-22 HOURLY 7"
ISRO0280,19.04,74.65,115,2019-02-22 HOURLY 709 ARS  CHAS  AHMEDNAGAR MAHARASTRA 15F117 ISRO0279 19.04 74.65  2007-11-26 2019-02-18 HOURLY 710 ARS
ISRO0281,19.62,74.65,115,"2019-02-18 HOURLY 710 ARS  SHRIRAMPUR,AHMEDNAGAR MAHARASTRA 15F118 ISRO0280 19.62 74.65  2007-11-26 2019-11-10 HOURLY 71"
ISRO0282,18.22,75.15,116,"712 ARS  JEYUR  KARMALA,  SOLAPUR MAHARASTRA 15F11A ISRO0282 18.22 75.15  2007-12-16 2022-07-11 HOURLY 713 ARS  MOHEL  S"
ISRO0283,18.22,75.15,116,"712 ARS  JEYUR  KARMALA,  SOLAPUR MAHARASTRA 15F11A ISRO0282 18.22 75.15  2007-12-16 2022-07-11 HOURLY 713 ARS  MOHEL  S"
ISRO0284,17.82,75.82,116,2022-07-11 HOURLY 713 ARS  MOHEL  SOLAPUR MAHARASTRA 15F11B ISRO0283 17.82 75.82  2007-12-15 2019-04-09 HOURLY 714 ZARS 
ISRO0285,17.69,75.95,116,"2019-04-09 HOURLY 714 ZARS  RAVIVARPETH,SOLAPUR MAHARASTRA 15F11C ISRO0284 17.69 75.95  2007-11-26 2019-04-09 HOURLY 715"
ISRO0286,16.89,74.52,116,"2019-04-09 HOURLY 715 ARS,Kasabe,Digraj,Sangli MAHARASTRA 15F11D ISRO0285 16.89 74.52  2008-04-22 2019-04-08 HOURLY 716 "
ISRO0287,18.09,74.23,116,"2019-04-08 HOURLY 716 CSRS,Padegaon,Satara MAHARASTRA 15F11E ISRO0286 18.09 74.23  2008-04-22 2019-04-11 HOURLY 717 ZARS"
ISRO0288,18.55,73.82,116,"2019-04-11 HOURLY 717 ZARS,Ganeshkhind,Pune MAHARASTRA 15F11F ISRO0287 18.55 73.82  2008-04-22 2021-06-04 HOURLY 718 ARS"
ISRO0289,18.49,73.98,117,"719 AS,Manjari  Farm,Haveli,Pune MAHARASTRA 15F121 ISRO0289 18.49 73.98  2008-04-22 2023-08-27 HOURLY 720 ARS  NIPHAD,  "
ISRO0290,18.49,73.98,117,"719 AS,Manjari  Farm,Haveli,Pune MAHARASTRA 15F121 ISRO0289 18.49 73.98  2008-04-22 2023-08-27 HOURLY 720 ARS  NIPHAD,  "
ISRO0291,20.1,74.07,117,"2023-08-27 HOURLY 720 ARS  NIPHAD,  NASIK MAHARASTRA 15F122 ISRO0290 20.10 74.07  2007-12-13 2019-02-12 HOURLY 721 ZARS "
ISRO0292,19.69,73.57,117,"2019-02-12 HOURLY 721 ZARS  IGATPURI,  NASIK MAHARASTRA 15F123 ISRO0291 19.69 73.57  2007-12-13 2019-06-02 HOURLY 722 PI"
ISRO0293,20.17,73.99,117,"2019-06-02 HOURLY 722 PINPALGAON,  AHMEDNAGAR MAHARASTRA 15F124 ISRO0292 20.17 73.99  2006-11-03 2022-05-18 HOURLY 723 A"
ISRO0294,19.87,75.71,117,"2022-05-18 HOURLY 723 ARS,Badnapur,Jalna MAHARASTRA 15F125 ISRO0293 19.87 75.71  2008-04-22 2024-06-06 HOURLY 724 NARP,P"
ISRO0295,19.86,75.29,117,"2024-06-06 HOURLY 724 NARP,Paithan  road,Aurangabad MAHARASTRA 15F126 ISRO0294 19.86 75.29  2006-11-03 2019-09-20 HOURLY"
ISRO0296,18.4,76.6,118,"04-22 08-07 726 ORS,Nanded  Road,Latur MAHARASTRA 15F128 ISRO0296 18.40 76.60  2008-04-22 2020-05-31 HOURLY 727 KVK,Tulj"
ISRO0297,18.4,76.6,118,"04-22 08-07 726 ORS,Nanded  Road,Latur MAHARASTRA 15F128 ISRO0296 18.40 76.60  2008-04-22 2020-05-31 HOURLY 727 KVK,Tulj"
ISRO0298,18.0,76.07,118,"2020-05-31 HOURLY 727 KVK,Tuljapur,Osmanabad MAHARASTRA 15F129 ISRO0297 18.00 76.07  2008-04-22 2019-04-09 HOURLY 728 Co"
ISRO0299,18.27,76.07,118,"2019-04-09 HOURLY 728 CoA,Barsi  bypass  road,Osmanabad MAHARASTRA 15F12A ISRO0298 18.27 76.07  2008-04-22 2019-04-09 HO"
ISRO0300,18.72,76.35,118,"2019-04-09 HOURLY 729 CoA,  AMBAJOGAI,  Bid. MAHARASTRA 15F12B ISRO0299 18.72 76.35  2007-11-26 2017-08-30 HOURLY 730 CR"
ISRO0302,19.16,77.32,118,"76.35  2007-11-26 2017-08-30 HOURLY 730 CRS  TEGLUR  NAKA,Nr.BAFNA  NANDED MAHARASTRA 15F12C ISRO0300 19.16 77.32  2007-"
ISRO0304,20.56,75.7,119,"732 Ajanta  Caves,  Fardapur,  Aurangabad MAHARASTRA 15F130 ISRO0304 20.56 75.70  2010-08-15 2021-11-21 HOURLY 733 Ajant"
ISRO0305,20.56,75.7,119,"732 Ajanta  Caves,  Fardapur,  Aurangabad MAHARASTRA 15F130 ISRO0304 20.56 75.70  2010-08-15 2021-11-21 HOURLY 733 Ajant"
ISRO0306,19.9,75.32,119,"2021-11-21 HOURLY 733 Ajanta  Caves,  Bibi-Ka-Maqbara,  Aurangabad MAHARASTRA 15F131 ISRO0305 19.90 75.32  2008-04-24 20"
ISRO0307,20.03,75.18,119,"2020-09-21 HOURLY 734 Ellora  Caves,  Ellora,  Aurangabad MAHARASTRA 15F132 ISRO0306 20.03 75.18  2008-04-30 2019-07-20 "
ISRO0309,18.95,72.92,119,"2019-07-20 HOURLY 735 Elephanta  Caves,  Elephanta, MAHARASTRA 15F133 ISRO0307 18.95 72.92  2008-04-22 2018-12-06 HOURLY"
ISRO0473,19.13,73.98,119,"2018-12-06 HOURLY 736 Burla,  Sambalpur  District MAHARASTRA 15F135 ISRO0309 19.13 73.98  2008-09-19 2019-08-02 HOURLY 7"
ISRO0474,19.69,72.76,119,2019-08-02 HOURLY 737 ARS  Palghar  Thane MAHARASTRA 15F1D9 ISRO0473 19.69 72.76  2008-09-24 2019-04-04 HOURLY 738 KRS  
ISRO0475,18.92,73.32,120,739 RARS  Karjat  Raigad MAHARASTRA 15F1DB ISRO0475 18.92 73.32  2008-09-24 2019-04-04 HOURLY 740 KVK  Killa  Roha  Raig
ISRO0476,18.92,73.32,120,739 RARS  Karjat  Raigad MAHARASTRA 15F1DB ISRO0475 18.92 73.32  2008-09-24 2019-04-04 HOURLY 740 KVK  Killa  Roha  Raig
ISRO0477,18.43,73.18,120,2019-04-04 HOURLY 740 KVK  Killa  Roha  Raigad MAHARASTRA 15F1DC ISRO0476 18.43 73.18  2008-09-24 2013-11-21 HOURLY 741 
ISRO0478,17.77,73.17,120,2013-11-21 HOURLY 741 CAET  Dapoli  Ratangiri MAHARASTRA 15F1DD ISRO0477 17.77 73.17  2008-09-29 2019-04-05 HOURLY 742 K
ISRO0479,16.89,73.53,120,2019-04-05 HOURLY 742 KVK  Lanja  Ratangiri MAHARASTRA 15F1DE ISRO0478 16.89 73.53  2008-10-01 2019-04-06 HOURLY 743 RCR
ISRO0480,16.98,73.3,120,2019-04-06 HOURLY 743 RCRS  Bhatye  Ratangiri MAHARASTRA 15F1DF ISRO0479 16.98 73.30  2008-10-01 2018-06-15 HOURLY 744 M
ISRO0481,16.37,73.79,121,745 ARS  Phondaghat  Kankavalli  Sindhudurg MAHARASTRA 15F1E1 ISRO0481 16.37 73.79  2008-10-18 2019-04-06 HOURLY 746 RFR
ISRO0482,16.37,73.79,121,745 ARS  Phondaghat  Kankavalli  Sindhudurg MAHARASTRA 15F1E1 ISRO0481 16.37 73.79  2008-10-18 2019-04-06 HOURLY 746 RFR
ISRO0483,15.86,73.65,121,2019-04-06 HOURLY 746 RFRS  Vengurla  Sindhudurg MAHARASTRA 15F1E2 ISRO0482 15.86 73.65  2008-09-24 2019-04-07 HOURLY 74
ISRO0484,16.02,73.85,121,2019-04-07 HOURLY 747 CBF  Nieli  Kudal  Sindhudurg MAHARASTRA 15F1E3 ISRO0483 16.02 73.85  2008-09-24 2019-04-11 HOURLY
ISRO0485,19.34,77.16,121,2019-04-11 HOURLY 748 SRS  Basmat  Nagar  Higoli MAHARASTRA 15F1E4 ISRO0484 19.34 77.16  2008-09-24 2020-08-01 HOURLY 74
ISRO0486,19.87,75.92,121,2020-08-01 HOURLY 749 AS  Mantha  Deulgaonraja  Jalna MAHARASTRA 15F1E5 ISRO0485 19.87 75.92  2008-09-24 2024-06-02 HOUR
ISRO0487,19.34,75.71,121,2024-06-02 HOURLY 750 WMRS  Khamgaon  Georal  Beed MAHARASTRA 15F1E6 ISRO0486 19.34 75.71  2009-02-27 2019-04-11 HOURLY 
ISRO0488,16.23,74.34,122,752 ARS  Gadhinglaj  Kolhapur MAHARASTRA 15F1E8 ISRO0488 16.23 74.34  2008-09-24 2019-04-07 HOURLY 753 CA  Kolhapur  MAH
ISRO0489,16.23,74.34,122,752 ARS  Gadhinglaj  Kolhapur MAHARASTRA 15F1E8 ISRO0488 16.23 74.34  2008-09-24 2019-04-07 HOURLY 753 CA  Kolhapur  MAH
ISRO0490,16.82,74.27,122,74.34  2008-09-24 2019-04-07 HOURLY 753 CA  Kolhapur  MAHARASTRA 15F1E9 ISRO0489 16.82 74.27  2009-02-27 2019-04-08 HOUR
ISRO0491,16.41,73.99,122,2019-04-08 HOURLY 754 ARS  Radhanagar  Kolhapur MAHARASTRA 15F1EA ISRO0490 16.41 73.99  2008-09-24 2019-04-08 HOURLY 755
ISRO0492,17.29,74.14,122,73.99  2008-09-24 2019-04-08 HOURLY 755 ARS  Karad  Satara MAHARASTRA 15F1EB ISRO0491 17.29 74.14  2008-09-24 2014-12-29
ISRO0493,20.9,74.8,122,74.14  2008-09-24 2014-12-29 HOURLY 756 CA  Dhule   MAHARASTRA 15F1EC ISRO0492 20.90 74.80  2008-09-24 2019-04-04 HOURLY
ISRO0494,17.66,75.3,123,758 POCRTC  Pandharpur  Solapur MAHARASTRA 15F1EE ISRO0494 17.66 75.30  2008-09-24 2019-04-10 HOURLY 759 ARS  Lonavala  
ISRO0495,17.66,75.3,123,758 POCRTC  Pandharpur  Solapur MAHARASTRA 15F1EE ISRO0494 17.66 75.30  2008-09-24 2019-04-10 HOURLY 759 ARS  Lonavala  
ISRO0496,18.75,73.4,123,2019-04-10 HOURLY 759 ARS  Lonavala  Maval  Pune MAHARASTRA 15F1EF ISRO0495 18.75 73.40  2008-09-24 2017-09-23 HOURLY 76
ISRO0497,20.22,79.02,123,2017-09-23 HOURLY 760 ARS  Eakarjuna  Warora  Chandrapur MAHARASTRA 15F1F0 ISRO0496 20.22 79.02  2009-01-01 2019-04-08 H
ISRO0498,20.3,79.68,123,2019-04-08 HOURLY 761 ZARC  Sindewahi  chandrapur MAHARASTRA 15F1F1 ISRO0497 20.30 79.68  2008-09-24 2019-04-08 HOURLY 7
ISRO0499,21.07,79.99,123,2019-04-08 HOURLY 762 ARS  Sakoli  Bhandara MAHARASTRA 15F1F2 ISRO0498 21.07 79.99  2009-01-01 2019-04-07 HOURLY 763 ARS
ISRO0500,20.52,78.79,123,2019-04-07 HOURLY 763 ARS  Kutki  Hinganghat  Wardha MAHARASTRA 15F1F3 ISRO0499 20.52 78.79  2008-09-24 2019-04-09 HOURL
ISRO0501,21.39,80.4,124,765 ARS  Mhali  Gondia MAHARASTRA 15F1F5 ISRO0501 21.39 80.40  2009-07-24 2019-04-07 HOURLY 766 KVK  Hiwara  Gondia MAHA
ISRO0502,21.39,80.4,124,765 ARS  Mhali  Gondia MAHARASTRA 15F1F5 ISRO0501 21.39 80.40  2009-07-24 2019-04-07 HOURLY 766 KVK  Hiwara  Gondia MAHA
ISRO0503,21.5,80.16,124,2019-04-07 HOURLY 766 KVK  Hiwara  Gondia MAHARASTRA 15F1F6 ISRO0502 21.50 80.16  2008-09-24 2017-11-15 HOURLY 767 RFRC 
ISRO0504,21.25,78.61,124,80.16  2008-09-24 2017-11-15 HOURLY 767 RFRC  Katol  Nagpur MAHARASTRA 15F1F7 ISRO0503 21.25 78.61  2008-10-07 2019-04-0
ISRO0505,21.14,79.07,124,78.61  2008-10-07 2019-04-06 HOURLY 768 CA  Nagpur  MAHARASTRA 15F1F8 ISRO0504 21.14 79.07  2009-02-27 2019-04-06 HOURLY
ISRO0506,21.39,79.32,124,79.07  2009-02-27 2019-04-06 HOURLY 769 BRS  Ramtek  Nagpur MAHARASTRA 15F1F9 ISRO0505 21.39 79.32  2008-10-06 2019-04-0
ISRO0507,20.7,77.03,124,79.32  2008-10-06 2019-04-06 HOURLY 770 CRS  Akola  MAHARASTRA 15F1FA ISRO0506 20.70 77.03  2008-09-24 2019-04-03 HOURLY
ISRO0508,20.54,76.19,125,09-24 10-19 772 ARS  Buldhana  Buldhana MAHARASTRA 15F1FC ISRO0508 20.54 76.19  2009-02-27 2019-04-12 HOURLY 773 ARS  Wa
ISRO0509,20.54,76.19,125,09-24 10-19 772 ARS  Buldhana  Buldhana MAHARASTRA 15F1FC ISRO0508 20.54 76.19  2009-02-27 2019-04-12 HOURLY 773 ARS  Wa
ISRO0510,20.14,77.15,125,2019-04-12 HOURLY 773 ARS  Washim  Washim MAHARASTRA 15F1FD ISRO0509 20.14 77.15  2008-09-24 2019-08-29 HOURLY 774 ARS  
ISRO0511,20.95,77.78,125,2019-08-29 HOURLY 774 ARS  Nagpur  road  Amravathi MAHARASTRA 15F1FE ISRO0510 20.95 77.78  2008-09-24 2019-04-05 HOURLY 
ISRO0512,20.03,73.8,125,2019-04-05 HOURLY 775 MERS  Dindori  Road  Nasik MAHARASTRA 15F1FF ISRO0511 20.03 73.80  2008-10-03 2019-10-27 HOURLY 77
ISRO0513,19.83,75.3,125,2019-10-27 HOURLY 776 WALMI  Kanchanwadi  Aurangabad MAHARASTRA 15F200 ISRO0512 19.83 75.30  2008-09-24 2022-07-23 HOURL
ISRO0514,18.41,77.1,126,778 CRS  Udgir  Latur  MAHARASTRA 15F202 ISRO0514 18.41 77.10  2008-09-24 2020-04-23 HOURLY 779 Dindori  Peth  Nashik MA
ISRO0522,18.41,77.1,126,778 CRS  Udgir  Latur  MAHARASTRA 15F202 ISRO0514 18.41 77.10  2008-09-24 2020-04-23 HOURLY 779 Dindori  Peth  Nashik MA
ISRO0523,20.26,73.58,126,2020-04-23 HOURLY 779 Dindori  Peth  Nashik MAHARASTRA 15F20A ISRO0522 20.26 73.58  2008-09-24 2017-09-18 HOURLY 780 Bor
ISRO0524,20.58,73.79,126,2017-09-18 HOURLY 780 Borgaon  Kalwan  Nashik MAHARASTRA 15F20B ISRO0523 20.58 73.79  2008-09-24 2010-12-30 HOURLY 781 S
ISRO0525,20.6,74.2,126,2010-12-30 HOURLY 781 Sinchan  Satana  Nashik MAHARASTRA 15F20C ISRO0524 20.60 74.20  2008-09-24 2022-09-28 HOURLY 782 M
ISRO0526,20.52,74.54,126,2022-09-28 HOURLY 782 Malegaon  Girana  Malegaon  Nashik MAHARASTRA 15F20D ISRO0525 20.52 74.54  2008-09-24 2022-01-05 H
ISRO0527,19.94,73.54,126,2022-01-05 HOURLY 783 Gangapur  Dam  Nasik MAHARASTRA 15F20E ISRO0526 19.94 73.54  2009-02-27 2017-09-19 HOURLY 784 Newa
ISRO0528,19.36,75.71,127,785 WRD  Sahagad  Ambad  Jalna MAHARASTRA 15F210 ISRO0528 19.36 75.71  2008-09-24 2017-11-22 HOURLY 786 WRRGS  Jafrabad 
ISRO0529,19.36,75.71,127,785 WRD  Sahagad  Ambad  Jalna MAHARASTRA 15F210 ISRO0528 19.36 75.71  2008-09-24 2017-11-22 HOURLY 786 WRRGS  Jafrabad 
ISRO0530,20.2,76.01,127,2017-11-22 HOURLY 786 WRRGS  Jafrabad  Jalna MAHARASTRA 15F211 ISRO0529 20.20 76.01  2008-09-24 2019-10-16 HOURLY 787 WR
ISRO0531,19.17,76.23,127,2019-10-16 HOURLY 787 WRSD  Majara  colony  Ambajogai  Beed MAHARASTRA 15F212 ISRO0530 19.17 76.23  2009-02-27 2019-04-1
ISRO0532,19.54,76.35,127,2019-04-11 HOURLY 788 WRSD  Rejewadi  post  Selu  Parbhani MAHARASTRA 15F213 ISRO0531 19.54 76.35  2009-02-27 2020-07-28
ISRO0533,18.06,76.92,127,2020-07-28 HOURLY 789 HPSD  Aurad  Shahajani  Nilanga  Latur MAHARASTRA 15F214 ISRO0532 18.06 76.92  2008-09-24 2019-04-
ISRO0534,17.44,73.73,127,2019-04-10 HOURLY 790 KDMSD  Koyanagar  Patan  Satara MAHARASTRA 15F215 ISRO0533 17.44 73.73  2009-03-19 2011-03-04 HOUR
ISRO0535,20.54,78.39,128,09-24 04-05 792 WRSD  Wardha  Sirpur  Deoli  Wardha MAHARASTRA 15F217 ISRO0535 20.54 78.39  2008-09-24 2019-04-09 HOURLY
ISRO0536,20.54,78.39,128,09-24 04-05 792 WRSD  Wardha  Sirpur  Deoli  Wardha MAHARASTRA 15F217 ISRO0535 20.54 78.39  2008-09-24 2019-04-09 HOURLY
ISRO0537,19.42,80.58,128,2019-04-09 HOURLY 793 GWRSD  Bhamragad  Gadchiroli MAHARASTRA 15F218 ISRO0536 19.42 80.58  2010-12-17 2017-11-16 HOURLY 
ISRO0538,23.4,79.02,128,2017-11-16 HOURLY 794 WRSD  Deori  Gondia MAHARASTRA 15F219 ISRO0537 23.40 79.02  2009-02-27 2019-09-13 HOURLY 795 MMP  
ISRO0539,21.24,76.02,128,79.02  2009-02-27 2019-09-13 HOURLY 795 MMP  Raver  Jalgaon MAHARASTRA 15F21A ISRO0538 21.24 76.02  2008-09-24 2019-04-0
ISRO0540,17.05,75.2,128,76.02  2008-09-24 2019-04-03 HOURLY 796 Jat  tal  Sangli  MAHARASTRA 15F21B ISRO0539 17.05 75.20  2009-02-27 2019-04-08 
ISRO0541,18.06,73.67,129,798 Bhatghar  Vasahat  Bhor  Pune MAHARASTRA 15F21D ISRO0541 18.06 73.67  2009-03-17 2018-09-23 HOURLY 799 VHSD  Javhar 
ISRO0542,18.06,73.67,129,798 Bhatghar  Vasahat  Bhor  Pune MAHARASTRA 15F21D ISRO0541 18.06 73.67  2009-03-17 2018-09-23 HOURLY 799 VHSD  Javhar 
ISRO0543,19.8,73.53,129,2018-09-23 HOURLY 799 VHSD  Javhar  Vaitarnagar  Nashik MAHARASTRA 15F21E ISRO0542 19.80 73.53  2009-02-27 2020-02-11 HO
ISRO0544,17.51,74.47,130,801  HPSD  RGS  at  Ambawade  Khatav  Satara MAHARASTRA 15F220 ISRO0544 17.51  74.47  2009-02-27 2019-04-10 HOURLY 802  
ISRO0545,17.51,74.47,130,801  HPSD  RGS  at  Ambawade  Khatav  Satara MAHARASTRA 15F220 ISRO0544 17.51  74.47  2009-02-27 2019-04-10 HOURLY 802  
ISRO0546,17.51,74.47,130,15F220 ISRO0544 17.51  74.47  2009-02-27 2019-04-10 HOURLY 802  WRSD  Weghere  Mulshi  Pune MAHARASTRA 15F221 ISRO0545 1
ISRO0547,18.53,73.61,130,15F221 ISRO0545 18.53  73.61  2009-02-27 2019-03-25 HOURLY 803  WDPSD  Wari  Telhara  Akola MAHARASTRA 15F222 ISRO0546 2
ISRO0548,21.18,76.77,130,15F222 ISRO0546 21.18  76.77  2009-02-27 2019-04-03 HOURLY 804  APSD  Digras  Yeotmal MAHARASTRA 15F223 ISRO0547 20.09  
ISRO0549,20.09,77.77,130,15F223 ISRO0547 20.09  77.77  2009-02-27 2017-11-19 HOURLY 805  HPSD  Bhusawal  Jalgaon MAHARASTRA 15F224 ISRO0548 21.07
ISRO0550,21.07,75.78,130,15F224 ISRO0548 21.07  75.78  2008-09-24 2019-04-02 HOURLY 806  HPSD  Fardapur  Mehekar  Buldhana MAHARASTRA 15F225 ISRO
ISRO0603,19.0,72.91,131,"2-27 4-05 808  ISOMED,  EAD,  BARC,  Trombay-1,  Mumbai MAHARASTRA 15F25B ISRO0603 19.00  72.91  2011-01-03 2012-05-10 H"
ISRO0604,19.0,72.91,131,"2-27 4-05 808  ISOMED,  EAD,  BARC,  Trombay-1,  Mumbai MAHARASTRA 15F25B ISRO0603 19.00  72.91  2011-01-03 2012-05-10 H"
ISRO0605,19.0,72.91,131,"15F25B ISRO0603 19.00  72.91  2011-01-03 2012-05-10 HOURLY 809  RLG,  EAD,  BARC,  Trombay-2,  Mumbai MAHARASTRA 15F25C "
ISRO0606,19.01,72.92,131,"15F25C ISRO0604 19.01  72.92  2009-12-10 2019-01-02 HOURLY 810  MANDALA  CHURCH,  EAD,  BARC,  Trombay-3,  Mumbai MAHARA"
ISRO1044,19.03,72.98,131,"15F25D ISRO0605 19.03  72.98  2009-12-10 2018-01-09 HOURLY 811  BABA  POINT,  EAD,BARC  ,trombay-4,  Mumbai MAHARASTRA 1"
ISRO1045,19.51,73.41,132,"813  Bhatsa  Dam  Division,  Shahapura MAHARASTRA 15F415 ISRO1045 19.51  73.41  2010-07-25 2018-08-29 HOURLY 814  M.  I."
ISRO1046,19.51,73.41,132,"813  Bhatsa  Dam  Division,  Shahapura MAHARASTRA 15F415 ISRO1045 19.51  73.41  2010-07-25 2018-08-29 HOURLY 814  M.  I."
ISRO1047,19.51,73.41,132,"15F415 ISRO1045 19.51  73.41  2010-07-25 2018-08-29 HOURLY 814  M.  I.  Tank,  Razawa,  Talode MAHARASTRA 15F416 ISRO104"
ISRO1048,21.64,74.24,132,"15F416 ISRO1046 21.64  74.24  2010-08-21 2017-11-04 HOURLY 815  M.  I.  Tank,  Sullipada,  Navapur MAHARASTRA 15F417 ISR"
ISRO1049,21.16,73.8,132,15F417 ISRO1047 21.16  73.80  2010-03-18 2018-12-08 HOURLY 816  Shirpur  (Karwand  Medium  Project) MAHARASTRA 15F418 IS
ISRO1050,21.45,74.98,132,15F418 ISRO1048 21.45  74.98  2010-03-23 2015-06-19 HOURLY 817  Pimpalner  (Panzara  irrigation  colony) MAHARASTRA 15F4
ISRO1051,20.96,74.13,132,15F419 ISRO1049 20.96  74.13  2010-03-18 2017-11-05 HOURLY 818  Manikdoh  (Manikdoh  dam  &  canal  section) MAHARASTRA 
ISRO1052,21.17,77.32,133,irrigation  section) 8-15 4-11 820  Shahanoor  (Shahanoor  irrigation  Section) MAHARASTRA 15F41C ISRO1052 21.17  77.32 
ISRO1053,21.17,77.32,133,irrigation  section) 8-15 4-11 820  Shahanoor  (Shahanoor  irrigation  Section) MAHARASTRA 15F41C ISRO1052 21.17  77.32 
ISRO1054,21.17,77.32,133,15F41C ISRO1052 21.17  77.32  2010-03-19 2017-11-10 HOURLY 821  Chikaldara  (Chikadara  wireless  station) MAHARASTRA 15
ISRO1055,21.4,77.31,133,15F41D ISRO1053 21.40  77.31  2010-08-15 2019-04-05 HOURLY 822  Kinwat  (Irrigation  management  sub-division) MAHARASTR
ISRO1056,19.61,78.2,133,15F41E ISRO1054 19.61  78.20  2010-11-10 2016-07-02 HOURLY 823  Wadsa  (Itiadoh  Irrigation  management  sub  division) 
ISRO1057,20.05,79.38,134,825  Chimur  (Irrigation  section) MAHARASTRA 15F421 ISRO1057 20.05  79.38  2010-04-01 2019-04-09 HOURLY 826  Chamorshi 
ISRO1058,20.05,79.38,134,825  Chimur  (Irrigation  section) MAHARASTRA 15F421 ISRO1057 20.05  79.38  2010-04-01 2019-04-09 HOURLY 826  Chamorshi 
ISRO1059,20.05,79.38,134,15F421 ISRO1057 20.05  79.38  2010-04-01 2019-04-09 HOURLY 826  Chamorshi  (Irrigation  section) MAHARASTRA 15F422 ISRO1
ISRO1060,19.94,79.89,134,15F422 ISRO1058 19.94  79.89  2010-03-28 2019-04-08 HOURLY 827  Gadchandur  (Irrigation  Section) MAHARASTRA 15F423 ISRO
ISRO1061,19.72,79.17,134,15F423 ISRO1059 19.72  79.17  2010-03-30 2019-04-08 HOURLY 828  Hadgaon  (Upper  Penganga  project  division) MAHARASTRA
ISRO1062,19.49,77.65,134,15F424 ISRO1060 19.49  77.65  2010-09-08 2019-04-10 HOURLY 829  Khamgaon  (Mun  project  irrigation) MAHARASTRA 15F425 I
ISRO1063,20.69,76.59,134,15F425 ISRO1061 20.69  76.59  2010-04-03 2019-04-03 HOURLY 830  Ashti  (M  I  sub  division) MAHARASTRA 15F426 ISRO1062 
ISRO0086,24.33,94.02,135,division  No.2) 4-29 4-20 832  Chandal  MANIPUR 15F056 ISRO0086 24.33  94.02  2008-07-29 2019-01-10 HOURLY 833  Thoubal 
ISRO0087,24.33,94.02,135,division  No.2) 4-29 4-20 832  Chandal  MANIPUR 15F056 ISRO0086 24.33  94.02  2008-07-29 2019-01-10 HOURLY 833  Thoubal 
ISRO0088,24.33,94.02,135,4-20 832  Chandal  MANIPUR 15F056 ISRO0086 24.33  94.02  2008-07-29 2019-01-10 HOURLY 833  Thoubal  MANIPUR 15F057 ISRO0
ISRO0089,24.6,94.02,135,833  Thoubal  MANIPUR 15F057 ISRO0087 24.60  94.02  2009-01-31 2011-01-23 HOURLY 834  Imphal  MANIPUR 15F058 ISRO0088 24
ISRO0090,24.84,93.93,135,834  Imphal  MANIPUR 15F058 ISRO0088 24.84  93.93  2008-07-23 2019-01-04 HOURLY 835  Churachandpur MANIPUR 15F059 ISRO00
ISRO0091,24.34,93.65,135,835  Churachandpur MANIPUR 15F059 ISRO0089 24.34  93.65  2008-08-05 2019-01-07 HOURLY 836  Tupul  MANIPUR 15F05A ISRO009
ISRO0014,25.67,91.9,136,838  NESAC  MEGHALAY 15F00E ISRO0014 25.67  91.90  2006-01-07 2019-03-14 HOURLY 839  SHILLONG  MEGHALAY 15F029 ISRO0041 
ISRO0041,25.67,91.9,136,838  NESAC  MEGHALAY 15F00E ISRO0014 25.67  91.90  2006-01-07 2019-03-14 HOURLY 839  SHILLONG  MEGHALAY 15F029 ISRO0041 
ISRO0042,25.67,91.9,136,838  NESAC  MEGHALAY 15F00E ISRO0014 25.67  91.90  2006-01-07 2019-03-14 HOURLY 839  SHILLONG  MEGHALAY 15F029 ISRO0041 
ISRO0043,25.57,91.87,136,HOURLY 839  SHILLONG  MEGHALAY 15F029 ISRO0041 25.57  91.87  2006-01-07 2019-01-03 HOURLY 840  JOWAI  MEGHALAY 15F02A IS
ISRO0044,25.43,92.17,136,HOURLY 840  JOWAI  MEGHALAY 15F02A ISRO0042 25.43  92.17  2006-11-07 2019-01-02 HOURLY 841  KLEIRIHAT  MEGHALAY 15F02B I
ISRO0045,25.33,92.37,136,841  KLEIRIHAT  MEGHALAY 15F02B ISRO0043 25.33  92.37  2006-05-08 2020-04-06 HOURLY 842  MAIRANG  MEGHALAY 15F02C ISRO00
ISRO0046,25.55,91.63,136,842  MAIRANG  MEGHALAY 15F02C ISRO0044 25.55  91.63  2006-11-07 2024-06-08 HOURLY 843  NONGSTOIN MEGHALAY 15F02D ISRO004
ISRO0048,25.17,92.25,137,845  AMLARAM  MEGHALAY 15F030 ISRO0048 25.17  92.25  2008-07-29 2020-11-07 HOURLY 846  BHARNIHAT MEGHALAY 15F032 ISRO005
ISRO0050,25.17,92.25,137,845  AMLARAM  MEGHALAY 15F030 ISRO0048 25.17  92.25  2008-07-29 2020-11-07 HOURLY 846  BHARNIHAT MEGHALAY 15F032 ISRO005
ISRO0052,25.17,92.25,137,15F030 ISRO0048 25.17  92.25  2008-07-29 2020-11-07 HOURLY 846  BHARNIHAT MEGHALAY 15F032 ISRO0050 26.02  91.85  2006-01
ISRO0053,26.02,91.85,137,15F032 ISRO0050 26.02  91.85  2006-01-07 2018-12-27 HOURLY 847  WILLIAM  NAGAR MEGHALAY 15F034 ISRO0052 25.52  90.56  20
ISRO0054,25.52,90.56,137,15F034 ISRO0052 25.52  90.56  2006-07-07 2016-04-02 HOURLY 848  BAGHMARA MEGHALAY 15F035 ISRO0053 25.20  90.65  2008-06-
ISRO0055,25.2,90.65,137,MEGHALAY 15F035 ISRO0053 25.20  90.65  2008-06-13 2020-10-08 HOURLY 849  CHIRAPUNJI MEGHALAY 15F036 ISRO0054 25.27  91.7
ISRO0070,25.27,91.73,137,MEGHALAY 15F036 ISRO0054 25.27  91.73  2006-05-16 2019-01-03 HOURLY 850  UMSINING  MEGHALAY 15F037 ISRO0055 25.67  91.88
ISRO0071,25.48,90.2,138,"8-10 8-01 852  TURA  MEGHALAY 15F047 ISRO0071 25.48  90.20  2007-11-26 2019-11-14 HOURLY 853  RANGMAL  GIRI,  Gomaijhora"
ISRO0072,25.48,90.2,138,"8-10 8-01 852  TURA  MEGHALAY 15F047 ISRO0071 25.48  90.20  2007-11-26 2019-11-14 HOURLY 853  RANGMAL  GIRI,  Gomaijhora"
ISRO1365,25.48,90.2,138,"852  TURA  MEGHALAY 15F047 ISRO0071 25.48  90.20  2007-11-26 2019-11-14 HOURLY 853  RANGMAL  GIRI,  Gomaijhora MEGHALAY "
ISRO1366,25.4,90.4,138,MEGHALAY 15F048 ISRO0072 25.40  90.40  2008-08-12 2018-12-10 HOURLY 854  Shangpung  MEGHALAY 15F555 ISRO1365 25.49  92.3
ISRO1367,25.49,92.35,138,854  Shangpung  MEGHALAY 15F555 ISRO1365 25.49  92.35  2022-06-23 2026-07-07 HOURLY 855  Khlookynrien MEGHALAY 15F556 IS
ISRO1368,25.45,92.5,138,855  Khlookynrien MEGHALAY 15F556 ISRO1366 25.45  92.50  2022-06-22 2024-08-19 HOURLY 856  Daistong  MEGHALAY 15F557 ISR
ISRO1369,25.38,92.45,139,"858  Sutnga  MEGHALAY 15F559 ISRO1369 25.38  92.45  2022-06-22 2024-08-17 HOURLY 859  Gasuapara,  South  Garo  Hills MEG"
ISRO1374,25.38,92.45,139,"858  Sutnga  MEGHALAY 15F559 ISRO1369 25.38  92.45  2022-06-22 2024-08-17 HOURLY 859  Gasuapara,  South  Garo  Hills MEG"
ISRO1375,25.38,92.45,139,"858  Sutnga  MEGHALAY 15F559 ISRO1369 25.38  92.45  2022-06-22 2024-08-17 HOURLY 859  Gasuapara,  South  Garo  Hills MEG"
ISRO0047,25.23,90.39,139,"HOURLY 859  Gasuapara,  South  Garo  Hills MEGHALAY 15F55E ISRO1374 25.23  90.39  2023-08-02 2024-08-29 860  Lura,  East"
ISRO0049,25.32,92.7,139,"2024-08-29 860  Lura,  East  Jaitia  Hills MEGHALAY 15F55F ISRO1375 25.32  92.70  2023-09-29 2026-04-04 861  SAIHA  MIZO"
ISRO0051,22.49,92.97,139,861  SAIHA  MIZORAM 15F02F ISRO0047 22.49  92.97  2007-11-26 2017-11-25 HOURLY 862  MAMIT  MIZORAM 15F031 ISRO0049 23.91
ISRO0056,23.91,92.48,139,862  MAMIT  MIZORAM 15F031 ISRO0049 23.91  92.48  2006-07-29 2017-11-20 HOURLY 863  CHAMPHAL MIZORAM 15F033 ISRO0051 23.
ISRO0057,23.73,92.7,140,865  Lamphui  MIZORAM 15F039 ISRO0057 23.73  92.70  2009-10-20 2018-11-01 HOURLY 866  Phulpui  MIZORAM 15F54B ISRO1355 2
ISRO1355,23.73,92.7,140,865  Lamphui  MIZORAM 15F039 ISRO0057 23.73  92.70  2009-10-20 2018-11-01 HOURLY 866  Phulpui  MIZORAM 15F54B ISRO1355 2
ISRO1356,23.73,92.7,140,865  Lamphui  MIZORAM 15F039 ISRO0057 23.73  92.70  2009-10-20 2018-11-01 HOURLY 866  Phulpui  MIZORAM 15F54B ISRO1355 2
ISRO1357,23.54,92.74,140,866  Phulpui  MIZORAM 15F54B ISRO1355 23.54  92.74  2022-09-28 2026-04-22 HOURLY 867  Keifang  MIZORAM 15F54C ISRO1356 2
ISRO1358,23.67,92.96,140,15F54C ISRO1356 23.67  92.96  2022-06-22 2026-06-14 HOURLY 868  Khawruhlian MIZORAM 15F54D ISRO1357 23.87  92.87  2023-0
ISRO1359,23.87,92.87,140,MIZORAM 15F54D ISRO1357 23.87  92.87  2023-04-28 2026-07-24 HOURLY 869  North  Serzawl MIZORAM 15F54E ISRO1358 24.03  92
ISRO1360,24.03,92.89,140,869  North  Serzawl MIZORAM 15F54E ISRO1358 24.03  92.89  2023-04-27 2026-07-21 HOURLY 870  Palsang  MIZORAM 15F54F ISRO
ISRO1376,22.92,92.53,141,"6-22 7-24 872  Tuichawng,  Lunglei MIZORAM 15F560 ISRO1376 22.92  92.53  NA  NA 873  Tuithumhnar,  Lawngtlai MIZORAM 15F"
ISRO1377,22.92,92.53,141,"6-22 7-24 872  Tuichawng,  Lunglei MIZORAM 15F560 ISRO1376 22.92  92.53  NA  NA 873  Tuithumhnar,  Lawngtlai MIZORAM 15F"
ISRO1350,22.92,92.53,141,"6-22 7-24 872  Tuichawng,  Lunglei MIZORAM 15F560 ISRO1376 22.92  92.53  NA  NA 873  Tuithumhnar,  Lawngtlai MIZORAM 15F"
ISRO1351,22.24,92.8,141,"873  Tuithumhnar,  Lawngtlai MIZORAM 15F561 ISRO1377 22.24  92.80  2023-09-27 2024-11-15 874  KIKRUMA  NAGALAND 15F546 I"
ISRO1352,25.57,94.23,141,15F546 ISRO-1350 25.57  94.23  2020-12-23 2026-07-24 HOURLY 875  SEIKHAZOU NAGALAND 15F547 ISRO-1351 25.67  94.12  2020-
ISRO1353,25.67,94.12,141,15F547 ISRO-1351 25.67  94.12  2020-12-31 2025-08-31 HOURLY 876  PUGHOBOTO NAGALAND 15F548 ISRO-1352 25.89  94.27  2020-
ISRO1354,26.29,94.4,142,878  MANGMETONG NAGALAND 15F54A ISRO-1354 26.29  94.40  2021-01-09 2025-07-09 HOURLY 879  Tseminyu  NAGALAND 15F04E ISRO
ISRO0078,26.29,94.4,142,878  MANGMETONG NAGALAND 15F54A ISRO-1354 26.29  94.40  2021-01-09 2025-07-09 HOURLY 879  Tseminyu  NAGALAND 15F04E ISRO
ISRO0079,26.29,94.4,142,878  MANGMETONG NAGALAND 15F54A ISRO-1354 26.29  94.40  2021-01-09 2025-07-09 HOURLY 879  Tseminyu  NAGALAND 15F04E ISRO
ISRO0081,26.0,94.25,142,HOURLY 879  Tseminyu  NAGALAND 15F04E ISRO0078 26.00  94.25  2008-02-19 2017-09-03 HOURLY 880  Wokha  NAGALAND 15F04F IS
ISRO0083,26.02,94.27,142,HOURLY 880  Wokha  NAGALAND 15F04F ISRO0079 26.02  94.27  2008-02-28 2025-06-15 HOURLY 881  Jalukie  NAGALAND 15F051 ISR
ISRO0084,25.66,93.69,142,HOURLY 881  Jalukie  NAGALAND 15F051 ISRO0081 25.66  93.69  2008-03-01 2010-12-15 HOURLY 882  Zharnapani  NAGALAND 15F05
ISRO0085,25.76,93.84,142,HOURLY 882  Zharnapani  NAGALAND 15F053 ISRO0083 25.76  93.84  2008-02-26 2019-09-28 HOURLY 883  Dhimapur  NAGALAND 15F0
ISRO0098,26.57,94.69,143,"885  Yong  yimsem NAGALAND 15F062 ISRO0098 26.57  94.69  2008-09-18 2011-01-27 HOURLY 886  INS  Chilka,Khurda ORISSA  15"
ISRO0271,26.57,94.69,143,"885  Yong  yimsem NAGALAND 15F062 ISRO0098 26.57  94.69  2008-09-18 2011-01-27 HOURLY 886  INS  Chilka,Khurda ORISSA  15"
ISRO0335,26.57,94.69,143,"885  Yong  yimsem NAGALAND 15F062 ISRO0098 26.57  94.69  2008-09-18 2011-01-27 HOURLY 886  INS  Chilka,Khurda ORISSA  15"
ISRO0336,19.67,85.19,143,"HOURLY 886  INS  Chilka,Khurda ORISSA  15F10F ISRO0271 19.67  85.19  2007-11-26 2016-07-27 HOURLY 887  ACSD  Rengali  Ca"
ISRO0377,21.37,83.75,143,HOURLY 887  ACSD  Rengali  Camp  Attabira  Bargarh ORISSA  15F14F ISRO0335 21.37  83.75  2008-04-08 2019-01-02 HOURLY 88
ISRO0518,21.42,84.03,143,HOURLY 888  LHSS  canal  Colony  Maneswar  Sambalpur ORISSA  15F150 ISRO0336 21.42  84.03  2010-11-24 2016-03-16 HOURLY 
ISRO0572,21.43,87.01,144,891  BALASORE  (stn  code  of  ISRO572) ORISSA  15F23C ISRO0572 21.43  87.01  2009-02-27 2018-12-31 HOURLY 892  B.D.O.-P
ISRO0684,21.43,87.01,144,891  BALASORE  (stn  code  of  ISRO572) ORISSA  15F23C ISRO0572 21.43  87.01  2009-02-27 2018-12-31 HOURLY 892  B.D.O.-P
ISRO0685,21.43,87.01,144,891  BALASORE  (stn  code  of  ISRO572) ORISSA  15F23C ISRO0572 21.43  87.01  2009-02-27 2018-12-31 HOURLY 892  B.D.O.-P
ISRO0686,20.98,83.49,144,HOURLY 892  B.D.O.-PanchayatSamithi  Office-  AGALPUR ORISSA  15F2AC ISRO0684 20.98  83.49  2009-09-22 2019-01-02 HOURLY
ISRO0687,20.42,83.57,144,HOURLY 893  B.D.O.-PanchayatSamithi  Office-  GUDVELA ORISSA  15F2AD ISRO0685 20.42  83.57  2009-09-22 2018-11-27 HOURLY
ISRO0688,20.8,82.86,144,HOURLY 894  B.D.O.-PanchayatSamithi  Office-  KHAPRAKHOL ORISSA  15F2AE ISRO0686 20.80  82.86  2009-10-23 2018-06-01 HOU
ISRO0689,20.5,82.8,145,897  B.D.O.-PanchayatSamithi  Office-  TUREIKELA ORISSA  15F2B1 ISRO0689 20.50  82.80  2009-09-22 2018-11-29 HOURLY 898 
ISRO0690,20.5,82.8,145,897  B.D.O.-PanchayatSamithi  Office-  TUREIKELA ORISSA  15F2B1 ISRO0689 20.50  82.80  2009-09-22 2018-11-29 HOURLY 898 
ISRO0691,20.5,82.8,145,897  B.D.O.-PanchayatSamithi  Office-  TUREIKELA ORISSA  15F2B1 ISRO0689 20.50  82.80  2009-09-22 2018-11-29 HOURLY 898 
ISRO0692,20.85,84.29,145,HOURLY 898  B.D.O.-PanchayatSamithi  Office-  BOUDH ORISSA  15F2B2 ISRO0690 20.85  84.29  2009-10-24 2019-09-28 HOURLY 8
ISRO0693,20.38,85.53,146,Datasource:   In-situ   Category:   AMS   AWS   AWSAGRI   AWSUPG   IMDAWS   Sr.No Station  Name  State  Station  ID Stat
ISRO0694,20.38,85.53,146,Longitude Start  Date End  Date Temporal  Resolution Order  Data 901  B.D.O.-PanchayatSamithi  Office-DAMPARA ORISSA 15F
ISRO0695,20.38,85.53,146,15F2B5 ISRO0693 20.38  85.53  2010-03-05 2019-01-02 HOURLY 902  B.D.O.-PanchayatSamithi  Office-SALIPUR ORISSA 15F2B6 IS
ISRO0696,20.56,85.99,146,15F2B6 ISRO0694 20.56  85.99  2010-05-22 2012-09-09 HOURLY 903  B.D.O.-PanchayatSamithi  Office-  CHOWDAR ORISSA 15F2B7 
ISRO0697,20.56,85.99,146,15F2B7 ISRO0695 20.56  85.99  2009-09-22 2019-01-02 HOURLY 904  B.D.O.-PanchayatSamithi  Office-ODAPADA ORISSA 15F2B8 IS
ISRO0698,18.86,83.88,147,906  B.D.O.-PanchayatSamithi  Office-KASINAGAR ORISSA 15F2BA ISRO0698 18.86  83.88  2010-03-05 2017-09-20 HOURLY 907  B.
ISRO0699,18.86,83.88,147,906  B.D.O.-PanchayatSamithi  Office-KASINAGAR ORISSA 15F2BA ISRO0698 18.86  83.88  2010-03-05 2017-09-20 HOURLY 907  B.
ISRO0700,18.86,83.88,147,15F2BA ISRO0698 18.86  83.88  2010-03-05 2017-09-20 HOURLY 907  B.D.O.-PanchayatSamithi  Office-  DIGAPAHANDI ORISSA 15F
ISRO0701,19.38,84.56,147,15F2BB ISRO0699 19.38  84.56  2009-09-22 2012-08-25 HOURLY 908  B.D.O.-PanchayatSamithi  Office-  HINJILICUT ORISSA 15F2
ISRO0702,19.48,84.74,147,15F2BC ISRO0700 19.48  84.74  2009-10-28 2017-12-29 HOURLY 909  B.D.O.-PanchayatSamithi  Office-JAGANATHPRASAD ORISSA 15
ISRO0703,19.97,84.78,147,15F2BD ISRO0701 19.97  84.78  2010-08-15 2017-09-18 HOURLY 910  B.D.O.-PanchayatSamithi  Office-KODALA ORISSA 15F2BE ISR
ISRO0704,19.64,85.0,147,15F2BE ISRO0702 19.64  85.00  2009-09-22 2017-09-22 HOURLY 911  B.D.O.-PanchayatSamithi  Office-  PATRAPUR ORISSA 15F2BF
ISRO0705,20.67,86.11,148,913  B.D.O.-PanchayatSamithi  Office-  BADACHANA ORISSA 15F2C1 ISRO0705 20.67  86.11  2009-09-22 2019-01-02 HOURLY 914  
ISRO0706,20.67,86.11,148,913  B.D.O.-PanchayatSamithi  Office-  BADACHANA ORISSA 15F2C1 ISRO0705 20.67  86.11  2009-09-22 2019-01-02 HOURLY 914  
ISRO0707,20.67,86.11,148,15F2C1 ISRO0705 20.67  86.11  2009-09-22 2019-01-02 HOURLY 914  B.D.O.-PanchayatSamithi  Office-  BARI ORISSA 15F2C2 ISR
ISRO0708,20.67,86.36,148,15F2C2 ISRO0706 20.67  86.36  2009-09-22 2018-12-03 HOURLY 915  B.D.O.-PanchayatSamithi  Office-  DASARATHIPUR ORISSA 15
ISRO0709,20.83,86.45,148,15F2C3 ISRO0707 20.83  86.45  2009-09-22 2018-12-03 HOURLY 916  B.D.O.-PanchayatSamithi  Office-  DHARAMASALA ORISSA 15F
ISRO0710,20.77,86.15,148,15F2C4 ISRO0708 20.77  86.15  2009-09-22 2019-01-02 HOURLY 917  B.D.O.-PanchayatSamithi  Office-  KOREI ORISSA 15F2C5 IS
ISRO0711,19.91,83.17,149,919  B.D.O.-PanchayatSamithi  Office-BHAWANIPATNA ORISSA 15F2C7 ISRO0711 19.91  83.17  2010-08-04 2019-01-02 HOURLY 920 
ISRO0712,19.91,83.17,149,919  B.D.O.-PanchayatSamithi  Office-BHAWANIPATNA ORISSA 15F2C7 ISRO0711 19.91  83.17  2010-08-04 2019-01-02 HOURLY 920 
ISRO0713,19.91,83.17,149,15F2C7 ISRO0711 19.91  83.17  2010-08-04 2019-01-02 HOURLY 920  B.D.O.-PanchayatSamithi  Office-  GOLAMUNDA ORISSA 15F2C
ISRO0714,20.06,82.78,149,15F2C8 ISRO0712 20.06  82.78  2009-09-22 2017-10-14 HOURLY 921  B.D.O.-PanchayatSamithi  Office-  JUNAGARH ORISSA 15F2C9
ISRO0715,19.86,82.94,149,15F2C9 ISRO0713 19.86  82.94  2009-09-22 2019-01-02 HOURLY 922  B.D.O.-PanchayatSamithi  Office-KOKSARA ORISSA 15F2CA IS
ISRO0716,19.67,82.7,149,15F2CA ISRO0714 19.67  82.70  2009-09-22 2018-11-03 HOURLY 923  B.D.O.-PanchayatSamithi  Office-LANJIGARH ORISSA 15F2CB 
ISRO0717,19.71,83.36,149,15F2CB ISRO0715 19.71  83.36  2010-06-03 2019-01-01 HOURLY 924  B.D.O.-PanchayatSamithi  Office-M.RAMPUR ORISSA 15F2CC I
ISRO0718,19.55,82.93,150,926  B.D.O.-PanchayatSamithi  Office-TH.  RAMPUR ORISSA 15F2CE ISRO0718 19.55  82.93  2010-03-05 2011-01-14 HOURLY 927  
ISRO0719,19.55,82.93,150,926  B.D.O.-PanchayatSamithi  Office-TH.  RAMPUR ORISSA 15F2CE ISRO0718 19.55  82.93  2010-03-05 2011-01-14 HOURLY 927  
ISRO0720,19.55,82.93,150,15F2CE ISRO0718 19.55  82.93  2010-03-05 2011-01-14 HOURLY 927  B.D.O.-PanchayatSamithi  Office-  KOTGARH ORISSA 15F2CF 
ISRO0721,19.26,83.73,150,15F2CF ISRO0719 19.26  83.73  2009-09-22 2019-01-02 HOURLY 928  B.D.O.-PanchayatSamithi  Office-NUAGAON ORISSA 15F2D0 IS
ISRO0722,20.14,84.01,150,15F2D0 ISRO0720 20.14  84.01  2009-09-22 2017-11-01 HOURLY 929  B.D.O.-PanchayatSamithi  Office-RAIKIA ORISSA 15F2D1 ISR
ISRO0723,20.06,84.23,150,15F2D1 ISRO0721 20.06  84.23  2010-03-05 2018-12-31 HOURLY 930  B.D.O.-PanchayatSamithi  Office-GARADAPUR ORISSA 15F2D2 
ISRO0724,20.42,86.58,151,932  B.D.O.-PanchayatSamithi  Office-KENDRAPARA ORISSA 15F2D4 ISRO0724 20.42  86.58  2010-08-15 2018-11-21 HOURLY 933  B
ISRO0725,20.42,86.58,151,932  B.D.O.-PanchayatSamithi  Office-KENDRAPARA ORISSA 15F2D4 ISRO0724 20.42  86.58  2010-08-15 2018-11-21 HOURLY 933  B
ISRO0726,20.42,86.58,151,15F2D4 ISRO0724 20.42  86.58  2010-08-15 2018-11-21 HOURLY 933  B.D.O.-PanchayatSamithi  Office-RAJNAGAR ORISSA 15F2D5 I
ISRO0727,20.57,86.72,151,15F2D5 ISRO0725 20.57  86.72  2010-03-05 2017-10-03 HOURLY 934  B.D.O.-PanchayatSamithi  Office-ANANDAPUR ORISSA 15F2D6 
ISRO0728,21.17,86.23,151,15F2D6 ISRO0726 21.17  86.23  2010-03-05 2019-01-02 HOURLY 935  B.D.O.-PanchayatSamithi  Office-BANSPAL ORISSA 15F2D7 IS
ISRO0729,21.61,85.42,151,15F2D7 ISRO0727 21.61  85.42  2010-03-05 2018-12-01 HOURLY 936  B.D.O.-PanchayatSamithi  Office-  GHATAGAON ORISSA 15F2D
ISRO0730,21.39,85.89,151,15F2D8 ISRO0728 21.39  85.89  2009-09-22 2019-01-02 HOURLY 937  B.D.O.-PanchayatSamithi  Office-HARICHANDANPUR ORISSA 15
ISRO0731,21.36,85.4,152,939  B.D.O.-PanchayatSamithi  Office-TELKOI ORISSA 15F2DB ISRO0731 21.36  85.40  2010-12-09 2018-12-01 HOURLY 940  B.D.O
ISRO0732,21.36,85.4,152,939  B.D.O.-PanchayatSamithi  Office-TELKOI ORISSA 15F2DB ISRO0731 21.36  85.40  2010-12-09 2018-12-01 HOURLY 940  B.D.O
ISRO0733,21.36,85.4,152,15F2DB ISRO0731 21.36  85.40  2010-12-09 2018-12-01 HOURLY 940  B.D.O.-PanchayatSamithi  Office-BOLAGARH ORISSA 15F2DC I
ISRO0734,20.17,85.28,152,15F2DC ISRO0732 20.17  85.28  2009-09-22 2019-01-02 HOURLY 941  B.D.O.-P.S.O.-Gangadharpur ORISSA 15F2DD ISRO0733 20.12 
ISRO0735,20.12,86.31,152,15F2DD ISRO0733 20.12  86.31  2010-07-14 2019-01-02 HOURLY 942  B.D.O.-PanchayatSamithi  Office-KHURDA ORISSA 15F2DE ISR
ISRO0736,20.17,85.61,152,15F2DE ISRO0734 20.17  85.61  2010-03-05 2017-09-05 HOURLY 943  B.D.O.-PanchayatSamithi  Office-  TANGI ORISSA 15F2DF IS
ISRO0737,18.86,82.56,153,945  B.D.O.-PanchayatSamithi  Office-JEYPORE ORISSA 15F2E1 ISRO0737 18.86  82.56  2010-03-05 2018-08-23 HOURLY 946  B.D.
ISRO0738,18.86,82.56,153,945  B.D.O.-PanchayatSamithi  Office-JEYPORE ORISSA 15F2E1 ISRO0737 18.86  82.56  2010-03-05 2018-08-23 HOURLY 946  B.D.
ISRO0739,18.86,82.56,153,15F2E1 ISRO0737 18.86  82.56  2010-03-05 2018-08-23 HOURLY 946  B.D.O.-PanchayatSamithi  Office-  POTTANGI ORISSA 15F2E2
ISRO0740,18.56,82.96,153,15F2E2 ISRO0738 18.56  82.96  2009-09-22 2025-09-23 HOURLY 947  B.D.O.-PanchayatSamithi  Office-  KALIMELA ORISSA 15F2E3
ISRO0741,18.07,81.75,153,15F2E3 ISRO0739 18.07  81.75  2009-09-22 2018-04-09 HOURLY 948  B.D.O.-PanchayatSamithi  Office-  KHAIRPUT ORISSA 15F2E4
ISRO0742,18.47,82.33,153,15F2E4 ISRO0740 18.47  82.33  2010-03-05 2017-10-17 HOURLY 949  B.D.O.-PanchayatSamithi  Office-  KORUKUNDA ORISSA 15F2E
ISRO0743,18.28,81.99,153,15F2E5 ISRO0741 18.28  81.99  2009-09-22 2018-05-01 HOURLY 950  B.D.O.-PanchayatSamithi  Office-KUDUMULUGUMA ORISSA 15F2
ISRO0744,21.72,86.75,154,952  B.D.O.-PanchayatSamithi  Office-BARSAHI ORISSA 15F2E8 ISRO0744 21.72  86.75  2009-09-22 2019-01-02 HOURLY 953  B.D.
ISRO0745,21.72,86.75,154,952  B.D.O.-PanchayatSamithi  Office-BARSAHI ORISSA 15F2E8 ISRO0744 21.72  86.75  2009-09-22 2019-01-02 HOURLY 953  B.D.
ISRO0746,21.72,86.75,154,15F2E8 ISRO0744 21.72  86.75  2009-09-22 2019-01-02 HOURLY 953  B.D.O.-PanchayatSamithi  Office-BETNATI ORISSA 15F2E9 IS
ISRO0747,21.74,86.85,154,15F2E9 ISRO0745 21.74  86.85  2009-09-22 2017-12-16 HOURLY 954  B.D.O.-PanchayatSamithi  Office-JOSHIPUR ORISSA 15F2EA I
ISRO0748,21.96,86.07,154,15F2EA ISRO0746 21.96  86.07  2009-09-22 2011-02-04 HOURLY 955  B.D.O.-PanchayatSamithi  Office-KATTIPADA ORISSA 15F2EB 
ISRO0749,21.51,86.53,154,15F2EB ISRO0747 21.51  86.53  2009-09-22 2016-04-05 HOURLY 956  B.D.O.-PanchayatSamithi  Office-KARANJIA ORISSA 15F2EC I
ISRO0750,22.07,86.65,155,958  B.D.O.-PanchayatSamithi  Office-KULIANA ORISSA 15F2EE ISRO0750 22.07  86.65  2010-03-05 2019-01-02 HOURLY 959  B.D.
ISRO0751,22.07,86.65,155,958  B.D.O.-PanchayatSamithi  Office-KULIANA ORISSA 15F2EE ISRO0750 22.07  86.65  2010-03-05 2019-01-02 HOURLY 959  B.D.
ISRO0752,22.07,86.65,155,15F2EE ISRO0750 22.07  86.65  2010-03-05 2019-01-02 HOURLY 959  B.D.O.-PanchayatSamithi  Office-KUSUMI ORISSA 15F2EF ISR
ISRO0753,22.09,86.11,155,15F2EF ISRO0751 22.09  86.11  2009-09-22 2018-11-27 HOURLY 960  B.D.O.-PanchayatSamithi  Office-  MORODA ORISSA 15F2F0 I
ISRO0754,21.84,86.94,155,15F2F0 ISRO0752 21.84  86.94  2009-09-22 2019-01-02 HOURLY 961  B.D.O.-PanchayatSamithi  Office-  RAIRANGPUR ORISSA 15F2
ISRO0755,22.27,86.18,155,15F2F1 ISRO0753 22.27  86.18  2009-09-22 2018-11-27 HOURLY 962  B.D.O.-PanchayatSamithi  Office-SAMAKHUNTA ORISSA 15F2F2
ISRO0756,21.91,86.67,155,15F2F2 ISRO0754 21.91  86.67  2009-09-22 2017-09-27 HOURLY 963  B.D.O.-PanchayatSamithi  Office-SARASKANA ORISSA 15F2F3 
ISRO0757,21.53,86.17,156,965  B.D.O.-PanchayatSamithi  Office-THAKURMUNDA ORISSA 15F2F5 ISRO0757 21.53  86.17  2010-03-05 2021-07-12 HOURLY 966  
ISRO0758,21.53,86.17,156,965  B.D.O.-PanchayatSamithi  Office-THAKURMUNDA ORISSA 15F2F5 ISRO0757 21.53  86.17  2010-03-05 2021-07-12 HOURLY 966  
ISRO0759,21.53,86.17,156,15F2F5 ISRO0757 21.53  86.17  2010-03-05 2021-07-12 HOURLY 966  B.D.O.-PanchayatSamithi  Office-  DABUGAON ORISSA 15F2F6
ISRO0760,19.46,82.4,156,15F2F6 ISRO0758 19.46  82.40  2009-09-22 2019-01-02 HOURLY 967  B.D.O.-PanchayatSamithi  Office-JHARIGAON ORISSA 15F2F7 
ISRO0761,19.73,82.37,156,15F2F7 ISRO0759 19.73  82.37  2011-01-10 2018-05-28 HOURLY 968  B.D.O.-PanchayatSamithi  Office-RAIGHAR ORISSA 15F2F8 IS
ISRO0762,19.89,82.07,156,15F2F8 ISRO0760 19.89  82.07  2010-03-05 2019-01-02 HOURLY 969  B.D.O.-PanchayatSamithi  Office-GANIA ORISSA 15F2F9 ISRO
ISRO0763,20.3,82.76,157,971  B.D.O.-PanchayatSamithi  Office-KHARIAR ORISSA 15F2FB ISRO0763 20.30  82.76  2010-03-05 2019-01-02 HOURLY 972  B.D.
ISRO0764,20.3,82.76,157,971  B.D.O.-PanchayatSamithi  Office-KHARIAR ORISSA 15F2FB ISRO0763 20.30  82.76  2010-03-05 2019-01-02 HOURLY 972  B.D.
ISRO0765,20.3,82.76,157,15F2FB ISRO0763 20.30  82.76  2010-03-05 2019-01-02 HOURLY 972  B.D.O.-PanchayatSamithi  Office-KOMNA ORISSA 15F2FC ISRO
ISRO0766,20.51,82.67,157,15F2FC ISRO0764 20.51  82.67  2010-03-05 2019-01-02 HOURLY 973  B.D.O.-PanchayatSamithi  Office-  SINAPALI ORISSA 15F2FD
ISRO0767,20.43,82.64,157,15F2FD ISRO0765 20.43  82.64  2009-09-22 2018-11-29 HOURLY 974  B.D.O.-PanchayatSamithi  Office-  GOP ORISSA 15F2FE ISRO
ISRO0768,19.98,86.02,157,15F2FE ISRO0766 19.98  86.02  2009-09-22 2019-01-02 HOURLY 975  B.D.O.-PanchayatSamithi  Office-  KANAS ORISSA 15F2FF IS
ISRO0769,20.0,85.65,157,15F2FF ISRO0767 20.00  85.65  2010-03-05 2010-12-15 HOURLY 976  B.D.O.-PanchayatSamithi  Office-PIPILI ORISSA 15F300 ISR
ISRO0770,19.35,83.12,158,978  B.D.O.-PanchayatSamithi  Office-KASIPUR ORISSA 15F302 ISRO0770 19.35  83.12  2009-09-22 2018-12-02 HOURLY 979  B.D.
ISRO0771,19.35,83.12,158,978  B.D.O.-PanchayatSamithi  Office-KASIPUR ORISSA 15F302 ISRO0770 19.35  83.12  2009-09-22 2018-12-02 HOURLY 979  B.D.
ISRO0772,19.35,83.12,158,15F302 ISRO0770 19.35  83.12  2009-09-22 2018-12-02 HOURLY 979  B.D.O.-PanchayatSamithi  Office-  KOLNARA ORISSA 15F303 
ISRO0773,19.25,83.46,158,15F303 ISRO0771 19.25  83.46  2009-09-22 2019-01-02 HOURLY 980  B.D.O.-PanchayatSamithi  Office-  MUNIGUDA ORISSA 15F304
ISRO0774,19.62,83.49,158,15F304 ISRO0772 19.62  83.49  2009-09-22 2018-12-01 HOURLY 981  B.D.O.-PanchayatSamithi  Office-  RAYAGADA ORISSA 15F305
ISRO0775,19.17,83.42,158,15F305 ISRO0773 19.17  83.42  2009-09-22 2018-12-01 HOURLY 982  B.D.O.-PanchayatSamithi  Office-BAMARA ORISSA 15F306 ISR
ISRO0776,21.26,84.54,159,984  B.D.O.-PanchayatSamithi  Office-NAKTIDEUL ORISSA 15F308 ISRO0776 21.26  84.54  2010-08-15 2017-09-05 HOURLY 985  B.
ISRO0777,21.26,84.54,159,984  B.D.O.-PanchayatSamithi  Office-NAKTIDEUL ORISSA 15F308 ISRO0776 21.26  84.54  2010-08-15 2017-09-05 HOURLY 985  B.
ISRO0778,21.26,84.54,159,15F308 ISRO0776 21.26  84.54  2010-08-15 2017-09-05 HOURLY 985  B.D.O.-PanchayatSamithi  Office-REDHAKHOL ORISSA 15F309 
ISRO0779,21.08,84.34,159,15F309 ISRO0777 21.08  84.34  2010-07-07 2019-01-02 HOURLY 986  B.D.O.-PanchayatSamithi  Office-  RENGALI ORISSA 15F30A 
ISRO0780,21.64,84.04,159,15F30A ISRO0778 21.64  84.04  2010-08-04 2019-01-02 HOURLY 987  B.D.O.-PanchayatSamithi  Office-KUARMUNDA ORISSA 15F30B 
ISRO0781,22.28,84.77,159,15F30B ISRO0779 22.28  84.77  2010-08-04 2017-10-11 HOURLY 988  B.D.O.-PanchayatSamithi  Office-  LAHUNIPARA ORISSA 15F3
ISRO0782,21.88,84.94,159,15F30C ISRO0780 21.88  84.94  2011-01-17 2018-11-23 HOURLY 989  B.D.O.-PanchayatSamithi  Office-SUBDEGA ORISSA 15F30D IS
ISRO0783,20.73,84.54,160,991  B.D.O.-PanchayatSamithi  Office-  ATHAMALLIK ORISSA 15F30F ISRO0783 20.73  84.54  2009-09-22 2019-08-11 HOURLY 992 
ISRO0784,20.73,84.54,160,991  B.D.O.-PanchayatSamithi  Office-  ATHAMALLIK ORISSA 15F30F ISRO0783 20.73  84.54  2009-09-22 2019-08-11 HOURLY 992 
ISRO0785,20.73,84.54,160,15F30F ISRO0783 20.73  84.54  2009-09-22 2019-08-11 HOURLY 992  BDOPanchayat  Samiti  Office-Kanhia ORISSA 15F310 ISRO07
ISRO0786,21.09,85.06,160,"15F310 ISRO0784 21.09  85.06  2010-03-05 2011-05-29 HOURLY 993  BDOPanchayat  Samiti  Office,Bhogarai ORISSA 15F311 ISRO"
ISRO0787,21.68,85.41,160,"15F311 ISRO0785 21.68  85.41  2009-09-22 2019-02-25 HOURLY 994  BDOPanchayat  Samiti  Office,Nilgiri ORISSA 15F312 ISRO0"
ISRO0788,21.46,86.78,160,15F312 ISRO0786 21.46  86.78  2009-09-22 2018-12-03 HOURLY 995  B.D.O.Panchayat  SamitiOffice-Ambabhona ORISSA 15F313 IS
ISRO1089,21.58,83.75,160,15F313 ISRO0787 21.58  83.75  2010-07-13 2018-01-02 HOURLY 996  B.D.O.-PanchayatSamithi  Office-  BHAIDEN ORISSA 15F314 
ISRO0340,30.9,75.8,161,"1-02 1-25 998  PRSC,PA  campus,Ludhiana PUNJAB 15F154 ISRO0340 30.90  75.80  2008-04-07 2019-04-09 HOURLY 999  VRS,PAU,U"
ISRO0341,30.9,75.8,161,"1-02 1-25 998  PRSC,PA  campus,Ludhiana PUNJAB 15F154 ISRO0340 30.90  75.80  2008-04-07 2019-04-09 HOURLY 999  VRS,PAU,U"
ISRO0342,30.9,75.8,161,"ISRO0340 30.90  75.80  2008-04-07 2019-04-09 HOURLY 999  VRS,PAU,Usman PUNJAB 15F155 ISRO0341 30.90  75.81  2010-07-12 2"
ISRO0343,31.38,76.02,162,AMS   AWS   AWSAGRI   AWSUPG   IMDAWS   Sr.No Station  Name  State  Station  ID Station  Key Latitude Longitude Start  D
ISRO0344,31.38,76.02,162,"Temporal  Resolution Order  Data 1001 KVK,Bahowal,Hoshiarpur PUNJAB 15F157 ISRO0343 31.38 76.02  2008-05-15 2023-04-09 H"
ISRO0345,31.1,76.39,162,"2023-04-09 HOURLY 1002 RRS,Kandi  Area,Balachaur,Nawan PUNJAB 15F158 ISRO0344 31.10 76.39  2008-05-09 2025-08-30 HOURLY "
ISRO0346,31.11,76.18,162,"2025-08-30 HOURLY 1003 KVK,Langroya,Nawan  Shahar PUNJAB 15F159 ISRO0345 31.11 76.18  2010-08-15 2020-03-15 HOURLY 1004 "
ISRO0347,30.98,76.52,162,"2020-03-15 HOURLY 1004 KVK,PAU  complex,Haveli  Kalan,Roopnagar PUNJAB 15F15A ISRO0346 30.98 76.52  2008-04-07 2021-11-1"
ISRO0348,30.62,76.41,162,"2021-11-14 HOURLY 1005 KVK,Shamer  Nagar,Eaterhgarh  sahil PUNJAB 15F15B ISRO0347 30.62 76.41  2008-04-07 2017-12-19 HOU"
ISRO0349,30.19,75.88,163,"1007 SRS,PAU  Farm,Kheri,Sangrur PUNJAB 15F15D ISRO0349 30.19 75.88  2008-08-07 2025-03-05 HOURLY 1008 Agromet  dept,PAU"
ISRO0350,30.19,75.88,163,"1007 SRS,PAU  Farm,Kheri,Sangrur PUNJAB 15F15D ISRO0349 30.19 75.88  2008-08-07 2025-03-05 HOURLY 1008 Agromet  dept,PAU"
ISRO0351,30.9,75.8,163,"2025-03-05 HOURLY 1008 Agromet  dept,PAU  campus,Ludhiana PUNJAB 15F15E ISRO0350 30.90 75.80  2006-05-04 2019-04-09 HOUR"
ISRO0352,30.84,76.18,163,"2019-04-09 HOURLY 1009 KVK,PAU  farm,  Samrala,Ludhiana PUNJAB 15F15F ISRO0351 30.84 76.18  2008-04-07 2019-07-30 HOURLY"
ISRO0353,30.76,75.16,163,"2019-07-30 HOURLY 1010 KVK,Budh  Singh  wala,Moga PUNJAB 15F160 ISRO0352 30.76 75.16  2008-05-02 2022-09-29 HOURLY 1011 "
ISRO0354,30.91,74.66,163,"2022-09-29 HOURLY 1011 KVK,Mallewal  Farm,  Ferozepur PUNJAB 15F161 ISRO0353 30.91 74.66  2008-04-07 2022-01-03 HOURLY 1"
ISRO0355,30.64,74.84,164,"1013 RHSS  Farm,Birsikhanwala,Faridkot PUNJAB 15F163 ISRO0355 30.64 74.84  2008-04-28 2019-04-06 HOURLY 1014 KVK,VPO,Gon"
ISRO0356,30.64,74.84,164,"1013 RHSS  Farm,Birsikhanwala,Faridkot PUNJAB 15F163 ISRO0355 30.64 74.84  2008-04-28 2019-04-06 HOURLY 1014 KVK,VPO,Gon"
ISRO0357,30.45,74.51,164,"2019-04-06 HOURLY 1014 KVK,VPO,Goniana,  Muktsar PUNJAB 15F164 ISRO0356 30.45 74.51  2008-04-24 2021-12-08 HOURLY 1015 K"
ISRO0358,29.98,75.34,164,"2021-12-08 HOURLY 1015 KVK,Khokhar  Khurd,Mansa PUNJAB 15F165 ISRO0357 29.98 75.34  2010-12-29 2011-02-02 HOURLY 1016 RS"
ISRO0011,30.16,74.93,164,"75.34  2010-12-29 2011-02-02 HOURLY 1016 RS,Dabwali  Road,PAU  Farm,Bathinda PUNJAB 15F166 ISRO0358 30.16 74.93  2008-04"
ISRO0016,30.16,74.93,164,30.16 74.93  2008-04-11 2020-08-07 HOURLY 1017 RRSSC  Jodhpur  RAJASTHAN 15F00B ISRO0011 26.30 73.02  2006-01-07 2019-05
ISRO1115,24.6,72.7,164,73.02  2006-01-07 2019-05-08 HOURLY 1018 PRL-Mt.Abu  RAJASTHAN 15F010 ISRO0016 24.60 72.70  2008-06-20 2019-05-02 HOURLY
ISRO1116,24.94,75.94,165,"1020 Sub  Tehsil  Office,  Kavalnagar,  Ladpura. RAJASTHAN 15F45C ISRO1116 24.94 75.94  2010-11-24 2018-10-04 HOURLY 102"
ISRO1117,24.94,75.94,165,"1020 Sub  Tehsil  Office,  Kavalnagar,  Ladpura. RAJASTHAN 15F45C ISRO1116 24.94 75.94  2010-11-24 2018-10-04 HOURLY 102"
ISRO1118,25.55,76.45,165,"2018-10-04 HOURLY 1021 Tehsil  Office,  Itawa,  Piplada. RAJASTHAN 15F45D ISRO1117 25.55 76.45  2010-11-28 2019-09-19 HO"
ISRO1119,24.72,75.99,165,"2019-09-19 HOURLY 1022 Sub  Tehsil  Office,  Chechat,  Ramgunjmandi. RAJASTHAN 15F45E ISRO1118 24.72 75.99  2010-12-05 2"
ISRO1120,24.92,76.29,165,"2019-08-15 HOURLY 1023 Panchayat  Samiti  Office,  Sangod RAJASTHAN 15F45F ISRO1119 24.92 76.29  2010-12-25 2012-10-28 H"
ISRO1181,25.1,75.51,165,"2012-10-28 HOURLY 1024 Dabi  Gram  Seva  Samiti,  Dabi. RAJASTHAN 15F460 ISRO1120 25.10 75.51  2010-11-27 2025-01-08 HOU"
ISRO1182,25.43,75.4,165,"2025-01-08 HOURLY 1025 Primary  Health  Centre,  Basoli,  Datoonda,  Hindoli  Tehsil. RAJASTHAN 15F49D ISRO1181 25.43 75"
ISRO1183,25.72,76.19,166,"2-08 9-16 1027 Govt  High  School,  Indragarh,  Papdi. RAJASTHAN 15F49F ISRO1183 25.72 76.19  2010-11-29 2014-06-20 HOUR"
ISRO1184,25.72,76.19,166,"2-08 9-16 1027 Govt  High  School,  Indragarh,  Papdi. RAJASTHAN 15F49F ISRO1183 25.72 76.19  2010-11-29 2014-06-20 HOUR"
ISRO1185,25.45,76.05,166,"2014-06-20 HOURLY 1028 Gram  Panchayat,  Hingoniya. RAJASTHAN 15F4A0 ISRO1184 25.45 76.05  2010-12-11 2017-01-08 HOURLY "
ISRO1186,25.68,75.94,166,"2017-01-08 HOURLY 1029 Govt  Primary  School,  Nenva. RAJASTHAN 15F4A1 ISRO1185 25.68 75.94  2010-12-19 2018-10-28 HOURL"
ISRO1187,25.16,76.31,166,"2018-10-28 HOURLY 1030 Office  of  KVK,  Anta. RAJASTHAN 15F4A2 ISRO1186 25.16 76.31  2010-11-24 2019-04-16 HOURLY 1031 "
ISRO1188,24.84,76.47,166,"2019-04-16 HOURLY 1031 GSS,  Antana,  Bamori,  Tehsil  :  Atru. RAJASTHAN 15F4A3 ISRO1187 24.84 76.47  2010-11-23 2019-0"
ISRO1189,24.67,76.84,167,"1033 Asistant  Director  Agriculture  Office,  Chabra. RAJASTHAN 15F4A5 ISRO1189 24.67 76.84  2010-12-02 2015-03-02 HOUR"
ISRO1190,24.67,76.84,167,"1033 Asistant  Director  Agriculture  Office,  Chabra. RAJASTHAN 15F4A5 ISRO1189 24.67 76.84  2010-12-02 2015-03-02 HOUR"
ISRO1191,24.84,76.71,167,"2015-03-02 HOURLY 1034 Addl.  Director  Agriculture  Office,  Chipabarod. RAJASTHAN 15F4A6 ISRO1190 24.84 76.71  2010-12"
ISRO1192,25.07,76.8,167,"2011-02-07 HOURLY 1035 Primary  Health  Centre,  Bhanwargarh,  Kishangunj  Tehsil. RAJASTHAN 15F4A7 ISRO1191 25.07 76.80"
ISRO1193,25.25,76.67,167,"2023-06-11 HOURLY 1036 Primary  Health  Centre,  Relavan,  Karwari  Kalan. RAJASTHAN 15F4A8 ISRO1192 25.25 76.67  2010-1"
ISRO1194,25.34,76.51,167,"2018-12-27 HOURLY 1037 Tehsil  Office,  Mangrol. RAJASTHAN 15F4A9 ISRO1193 25.34 76.51  2010-12-06 2021-11-04 HOURLY 103"
ISRO1195,25.27,77.26,167,"2021-11-04 HOURLY 1038 Primary  Health  Centre,  Deori,  Tehsil  :  Shabad. RAJASTHAN 15F4AA ISRO1194 25.27 77.26  2010-"
ISRO1196,24.42,76.57,168,"Samranian,  Shabad. 1-24 1-17 1040 PWD  Office,  Aklera. RAJASTHAN 15F4AC ISRO1196 24.42 76.57  2007-01-02 2019-07-24 HO"
ISRO1197,24.42,76.57,168,"1-24 1-17 1040 PWD  Office,  Aklera. RAJASTHAN 15F4AC ISRO1196 24.42 76.57  2007-01-02 2019-07-24 HOURLY 1041 Panchayat "
ISRO1198,23.93,75.84,168,"2019-07-24 HOURLY 1041 Panchayat  Samiti  Office,  Dug. RAJASTHAN 15F4AD ISRO1197 23.93 75.84  2010-12-08 2018-10-25 HOU"
ISRO1199,24.28,76.24,168,"2018-10-25 HOURLY 1042 BDO  Office,  Bakani. RAJASTHAN 15F4AE ISRO1198 24.28 76.24  2010-12-02 2022-01-04 HOURLY 1043 Ay"
ISRO1200,24.69,76.34,168,"2022-01-04 HOURLY 1043 Ayurvedic  Health  Centre,  Golana,  Khanpur. RAJASTHAN 15F4AF ISRO1199 24.69 76.34  2010-11-29 2"
ISRO1201,24.31,76.78,168,"2013-08-12 HOURLY 1044 Govind  Goshala,  Baneth,  Manoharthana. RAJASTHAN 15F4B0 ISRO1200 24.31 76.78  2011-01-15 2016-0"
ISRO1202,24.18,75.83,169,"1046 Govt  Upper  Primary  School,  Karawan. RAJASTHAN 15F4B2 ISRO1202 24.18 75.83  2010-11-30 2014-07-17 HOURLY 1047 SD"
ISRO1203,24.18,75.83,169,"1046 Govt  Upper  Primary  School,  Karawan. RAJASTHAN 15F4B2 ISRO1202 24.18 75.83  2010-11-30 2014-07-17 HOURLY 1047 SD"
ISRO1204,24.16,76.03,169,"2014-07-17 HOURLY 1047 SDO  Office,Pidhwa. RAJASTHAN 15F4B3 ISRO1203 24.16 76.03  2010-11-23 2021-05-11 HOURLY 1048 Agri"
ISRO1205,24.36,76.18,169,"2021-05-11 HOURLY 1048 Agriculture  Office,  Raipur. RAJASTHAN 15F4B4 ISRO1204 24.36 76.18  2010-11-23 2022-07-19 HOURLY"
ISRO1206,24.38,75.95,169,"2022-07-19 HOURLY 1049 Tehsil  Office,  Sunel,  Pidhwa. RAJASTHAN 15F4B5 ISRO1205 24.38 75.95  2010-11-23 2018-12-31 HOU"
ISRO1207,26.5,76.54,169,"2018-12-31 HOURLY 1050 AAO  House,  Piplai,  Gangapur. RAJASTHAN 15F4B6 ISRO1206 26.50 76.54  2010-11-27 2014-10-19 HOUR"
ISRO1208,26.33,76.23,169,"2014-10-19 HOURLY 1051 Panchayat  Samiti  Office,  Baunli. RAJASTHAN 15F4B7 ISRO1207 26.33 76.23  2010-11-03 2023-08-04 "
ISRO1209,26.5,76.73,170,"1053 Asistant  Director  Agriculture  Office,  Gangapur. RAJASTHAN 15F4B9 ISRO1209 26.50 76.73  2010-11-23 2015-12-24 HO"
ISRO1210,26.5,76.73,170,"1053 Asistant  Director  Agriculture  Office,  Gangapur. RAJASTHAN 15F4B9 ISRO1209 26.50 76.73  2010-11-23 2015-12-24 HO"
ISRO1211,26.01,76.6,170,"2015-12-24 HOURLY 1054 Tehsil  Office,  Khandar, RAJASTHAN 15F4BA ISRO1210 26.01 76.60  2010-12-02 2020-11-14 HOURLY 105"
ISRO1212,26.29,76.47,170,"2020-11-14 HOURLY 1055 Tehsil  Office,  Malama  Dungar RAJASTHAN 15F4BB ISRO1211 26.29 76.47  2011-01-19 2018-11-29 HOUR"
ISRO1213,26.02,76.35,170,"2018-11-29 HOURLY 1056 Asistant  Director  Agriculture  Office,  Sawai  Madhopur. RAJASTHAN 15F4BC ISRO1212 26.02 76.35 "
ISRO1214,27.05,76.57,170,"2019-08-16 HOURLY 1057 Panchayat  Samiti  Office,  Bandikul,  Baswa. RAJASTHAN 15F4BD ISRO1213 27.05 76.57  2010-11-23 2"
ISRO1215,26.62,76.26,171,"1059 Krishi  Sewa  Kendra,  Ramgarh,  Lalsot. RAJASTHAN 15F4BF ISRO1215 26.62 76.26  2010-12-01 2011-02-13 HOURLY 1060 K"
ISRO1216,26.62,76.26,171,"1059 Krishi  Sewa  Kendra,  Ramgarh,  Lalsot. RAJASTHAN 15F4BF ISRO1215 26.62 76.26  2010-12-01 2011-02-13 HOURLY 1060 K"
ISRO1217,27.16,76.86,171,"2011-02-13 HOURLY 1060 Krishi  Sewa  Kendra,  Mandawar,  Mahua, RAJASTHAN 15F4C0 ISRO1216 27.16 76.86  2010-12-01 2020-0"
ISRO1218,26.92,76.69,171,"2020-03-28 HOURLY 1061 Krishi  Sewa  Kendra,  Sikrai. RAJASTHAN 15F4C1 ISRO1217 26.92 76.69  2010-11-24 2023-01-03 HOURL"
ISRO1219,26.77,77.02,171,"2023-01-03 HOURLY 1062 Rajasthan  State  Seeds  Corporation  Office,  Quarda  Khurd. RAJASTHAN 15F4C2 ISRO1218 26.77 77."
ISRO1220,26.49,77.01,171,"2024-05-27 HOURLY 1063 Soil  Testing  Lab,Karauli. RAJASTHAN 15F4C3 ISRO1219 26.49 77.01  2010-11-28 2017-08-17 HOURLY 1"
ISRO1221,26.63,77.23,171,"2017-08-17 HOURLY 1064 PWD  JEN  Office,  Masalpur. RAJASTHAN 15F4C4 ISRO1220 26.63 77.23  2010-11-23 2017-09-18 HOURLY "
ISRO1222,26.71,76.72,172,"1-22 8-18 1066 Tehsil  Office,  Nadoti, RAJASTHAN 15F4C6 ISRO1222 26.71 76.72  2010-11-24 2020-06-27 HOURLY 1067 Panchay"
ISRO1223,26.71,76.72,172,"1-22 8-18 1066 Tehsil  Office,  Nadoti, RAJASTHAN 15F4C6 ISRO1222 26.71 76.72  2010-11-24 2020-06-27 HOURLY 1067 Panchay"
ISRO1224,26.28,76.81,172,"2020-06-27 HOURLY 1067 Panchayat  Samithi  Office,  Amarwad. RAJASTHAN 15F4C7 ISRO1223 26.28 76.81  2011-01-29 2015-10-3"
ISRO1225,26.82,76.84,172,"2015-10-31 HOURLY 1068 Police  Station,  Balghat, RAJASTHAN 15F4C8 ISRO1224 26.82 76.84  2010-12-31 2021-04-13 HOURLY 10"
ISRO0063,26.82,76.84,172,"26.82 76.84  2010-12-31 2021-04-13 HOURLY 1069 Village  Resource  Centre,  Melwa.  Dhawa  Panchyat. RAJASTHAN 15F4C9 ISR"
ISRO0082,26.08,72.72,172,15F4C9 ISRO1225 26.08 72.72  2010-11-24 2019-08-16 HOURLY 1070 Ranipul  SIKKIM  15F03F ISRO0063 27.29 88.59  2007-11-26 
ISRO0912,27.13,88.15,173,1072 Sombaria  Block  Development  Office SIKKIM  15F390 ISRO0912 27.13 88.15  2010-05-10 2018-12-30 HOURLY 1073 Yuksom 
ISRO0913,27.13,88.15,173,1072 Sombaria  Block  Development  Office SIKKIM  15F390 ISRO0912 27.13 88.15  2010-05-10 2018-12-30 HOURLY 1073 Yuksom 
ISRO0914,27.13,88.15,173,27.13 88.15  2010-05-10 2018-12-30 HOURLY 1073 Yuksom  Block-Admin  Centre-Yuksom- SIKKIM  15F391 ISRO0913 27.38 88.22  
ISRO0915,27.38,88.22,173,27.38 88.22  2010-05-10 2021-09-06 HOURLY 1074 Dentam  Block-Admin  Centre-Dentam SIKKIM  15F392 ISRO0914 27.26 88.13  2
ISRO0916,27.26,88.13,173,27.26 88.13  2010-03-27 2018-12-29 HOURLY 1075 Kaluk  Block-Admin  Center-Kaluk- SIKKIM  15F393 ISRO0915 27.23 88.27  20
ISRO0917,27.23,88.27,173,27.23 88.27  2010-05-10 2025-05-10 HOURLY 1076 Passingdong  Block-Admin  Centre-Passingdong- SIKKIM  15F394 ISRO0916 27.
ISRO0918,27.53,88.52,173,27.53 88.52  2010-05-10 2017-11-16 HOURLY 1077 Kabitingda  Block-Admin  Centre-Kabi- SIKKIM  15F395 ISRO0917 27.41 88.62
ISRO0919,27.21,88.69,174,1079 Rhegu  Block  Admin  Centre-Rhenock SIKKIM  15F397 ISRO0919 27.21 88.69  2010-05-10 2018-12-17 HOURLY 1080 Temi-Tar
ISRO0920,27.21,88.69,174,1079 Rhegu  Block  Admin  Centre-Rhenock SIKKIM  15F397 ISRO0919 27.21 88.69  2010-05-10 2018-12-17 HOURLY 1080 Temi-Tar
ISRO0921,27.21,88.69,174,27.21 88.69  2010-05-10 2018-12-17 HOURLY 1080 Temi-Tarku  Block  Admin  Centre-Temi- SIKKIM  15F398 ISRO0920 27.24 88.4
ISRO0922,27.24,88.43,174,27.24 88.43  2010-05-10 2019-01-04 HOURLY 1081 Melli  Block  Admin  Centre-Melli- SIKKIM  15F399 ISRO0921 27.11 88.38  2
ISRO0923,27.11,88.38,174,27.11 88.38  2010-05-10 2018-12-31 HOURLY 1082 Wok  Block  Admin  Centre-Wok- SIKKIM  15F39A ISRO0922 27.20 88.33  2010-
ISRO0924,27.2,88.33,174,27.20 88.33  2010-10-06 2018-12-31 HOURLY 1083 Yangang  Block  Admin  Centre-Yangang- SIKKIM  15F39B ISRO0923 27.29 88.4
ISRO0925,27.29,88.42,174,27.29 88.42  2010-03-05 2019-01-04 HOURLY 1084 SIRD  Karfectar-Jorethang- SIKKIM  15F39C ISRO0924 27.14 88.29  2010-03-0
ISRO1084,27.37,88.58,175,3-05 2-18 1086 GBIHED(GP  Pant  Institute  of  Himalayan  Env  Devlpt SIKKIM  15F43C ISRO1084 27.37 88.58  2011-01-17 20
ISRO1085,27.37,88.58,175,3-05 2-18 1086 GBIHED(GP  Pant  Institute  of  Himalayan  Env  Devlpt SIKKIM  15F43C ISRO1084 27.37 88.58  2011-01-17 20
ISRO1086,27.37,88.58,175,"ISRO1084 27.37 88.58  2011-01-17 2018-08-18 HOURLY 1087 Tibatien  Central  School,Ravangala SIKKIM  15F43D ISRO1085 27.2"
ISRO0025,27.28,88.27,175,27.28 88.27  2010-12-28 2026-06-16 HOURLY 1088 Kupup  SIKKIM  15F43E ISRO1086 27.32 88.84  2010-11-30 2019-09-10 HOURLY 
ISRO0027,13.0,80.18,175,88.84  2010-11-30 2019-09-10 HOURLY 1089 Head  Land  Sada  V  D  G  (S.K) SagarKanya 15F019 ISRO0025 0.00  0.00  2006-03
ISRO0040,13.0,80.18,175,0.00  0.00  2006-03-29 2015-11-19 HOURLY 1090 Goa/Trivandrum  S  K  ship SagarKanya 15F01B ISRO0027 0.00  0.00  2006-02-
ISRO0119,12.9,79.07,176,"1092 VIT  Vellore  TN  TAMILNADU 15F077 ISRO0119 12.90 79.07  2006-05-03 2015-10-05 HOURLY 1093 IIT  CHENNAI,  TN  TAMIL"
ISRO0122,12.9,79.07,176,"1092 VIT  Vellore  TN  TAMILNADU 15F077 ISRO0119 12.90 79.07  2006-05-03 2015-10-05 HOURLY 1093 IIT  CHENNAI,  TN  TAMIL"
ISRO0125,13.07,80.24,176,"79.07  2006-05-03 2015-10-05 HOURLY 1093 IIT  CHENNAI,  TN  TAMILNADU 15F07A ISRO0122 13.07 80.24  2006-11-07 2015-11-15"
ISRO0126,11.27,77.58,176,2015-11-15 HOURLY 1094 KEC  PERUNDURAI  ERODE TAMILNADU 15F07D ISRO0125 11.27 77.58  2006-11-07 2019-02-19 HOURLY 1095 S
ISRO0127,12.87,80.1,176,2019-02-19 HOURLY 1095 SSNC  ENG.  KELAVAKKAM TAMILNADU 15F07E ISRO0126 12.87 80.10  2008-04-22 2018-01-11 HOURLY 1096 L
ISRO0128,12.83,80.03,176,2018-01-11 HOURLY 1096 LSRS  Kathupakkam  Kancheepur TAMILNADU 15F07F ISRO0127 12.83 80.03  2006-11-07 2018-11-28 HOURLY
ISRO0129,12.63,79.93,176,2018-11-28 HOURLY 1097 SAACE  Mamandur  Kancheepur  TN TAMILNADU 15F080 ISRO0128 12.63 79.93  2006-11-08 2018-08-02 HOUR
ISRO0130,13.13,80.05,177,1099 JEC  Thiruninravur  Chennai TAMILNADU 15F082 ISRO0130 13.13 80.05  2006-11-07 2018-01-03 HOURLY 1100 RMKEC  Kavarap
ISRO0131,13.13,80.05,177,1099 JEC  Thiruninravur  Chennai TAMILNADU 15F082 ISRO0130 13.13 80.05  2006-11-07 2018-01-03 HOURLY 1100 RMKEC  Kavarap
ISRO0163,13.12,79.95,177,User  Order  Processing  Software  Welcome  Bhargav  Gannavarapu  Logout ●    DashBoard ●    Order  ●    Status  ●    Ac
ISRO0164,12.17,78.17,178,"-26 3-08 1102 VU  Tr&R,DHAMAPURI  DIST. TAMILNADU 15F0A4 ISRO0164 12.17 78.17 2007-11-26 2018-02-22 HOURLY 1103 SRS  MEL"
ISRO0165,12.17,78.17,178,"3-08 1102 VU  Tr&R,DHAMAPURI  DIST. TAMILNADU 15F0A4 ISRO0164 12.17 78.17 2007-11-26 2018-02-22 HOURLY 1103 SRS  MELALAT"
ISRO0166,12.92,78.87,178,"HOURLY 1103 SRS  MELALATHUR  VELLORE TAMILNADU 15F0A5 ISRO0165 12.92 78.87 2007-11-26 2018-11-30 HOURLY 1104 RRS,KAVERIP"
ISRO0167,12.38,78.2,178,"HOURLY 1104 RRS,KAVERIPATTINAM,  DHAMPURI  DIST. TAMILNADU 15F0A6 ISRO0166 12.38 78.20 2008-01-07 2018-03-15 HOURLY 1105"
ISRO0168,12.22,79.67,178,"HOURLY 1105 OSRS,TINDIVANAM,  VILUPURAM  DIST. TAMILNADU 15F0A7 ISRO0167 12.22 79.67 2007-11-26 2015-02-06 HOURLY 1106 S"
ISRO0169,11.1,78.17,179,"1107 VC&RI,  NAMAKKAL  TAMILNADU 15F0A9 ISRO0169 11.10 78.17 2007-11-26 2018-05-01 HOURLY 1108 HRS,YERCAUD,  SALEM  DIST"
ISRO0170,11.1,78.17,179,"1107 VC&RI,  NAMAKKAL  TAMILNADU 15F0A9 ISRO0169 11.10 78.17 2007-11-26 2018-05-01 HOURLY 1108 HRS,YERCAUD,  SALEM  DIST"
ISRO0171,11.7,78.22,179,"2018-05-01 HOURLY 1108 HRS,YERCAUD,  SALEM  DIST. TAMILNADU 15F0AA ISRO0170 11.70 78.22 2007-11-26 2018-02-21 HOURLY 110"
ISRO0172,9.0,78.1,179,"2007-11-26 2018-02-21 HOURLY 1109 FC&RI,  THOOTHUKUDI  TAMILNADU 15F0AB ISRO0171 9.00  78.10 2007-11-26 2015-09-09 HOURL"
ISRO0173,11.57,78.13,179,"HOURLY 1110 KVK,SANDHIYUR,  SALEM  DIST. TAMILNADU 15F0AC ISRO0172 11.57 78.13 2007-11-26 2018-02-21 HOURLY 1111 RRS,VRI"
ISRO0174,11.52,79.36,179,"HOURLY 1111 RRS,VRIDHACHALLAM,  CUDDALORE  DIST. TAMILNADU 15F0AD ISRO0173 11.52 79.36 2007-12-08 2018-03-19 HOURLY 1112"
ISRO0175,11.4,76.72,180,"1113 HRS,OOTY,  THE  NILGIRIS TAMILNADU 15F0AF ISRO0175 11.40 76.72 2007-11-26 2020-06-09 HOURLY 1114 FC&RI,  METTUPALAY"
ISRO0176,11.4,76.72,180,"1113 HRS,OOTY,  THE  NILGIRIS TAMILNADU 15F0AF ISRO0175 11.40 76.72 2007-11-26 2020-06-09 HOURLY 1114 FC&RI,  METTUPALAY"
ISRO0177,11.33,76.93,180,"HOURLY 1114 FC&RI,  METTUPALAYAM TAMILNADU 15F0B0 ISRO0176 11.33 76.93 2007-12-20 2016-12-22 HOURLY 1115 TNRRI,  ADUTHUR"
ISRO0178,11.1,79.5,180,"HOURLY 1115 TNRRI,  ADUTHURAI,THANJAVUR  DIST. TAMILNADU 15F0B1 ISRO0177 11.10 79.50 2007-12-11 2019-02-27 HOURLY 1116 T"
ISRO0179,11.0,77.0,180,"HOURLY 1116 TNAU,MAINCAMPUS,  COIMBATORE TAMILNADU 15F0B2 ISRO0178 11.00 77.00 2007-12-22 2018-04-18 HOURLY 1117 AEC&RI,"
ISRO0180,10.93,78.83,180,"HOURLY 1117 AEC&RI,  KUMULUR,  LALGUDI,  TRICHY TAMILNADU 15F0B3 ISRO0179 10.93 78.83 2007-11-26 2017-09-07 HOURLY 1118 "
ISRO0181,10.78,79.18,181,"-26 5-12 1119 SWMRI,  KATTUTHOTTAM,  THANJAVUR TAMILNADU 15F0B5 ISRO0181 10.78 79.18 2006-06-02 2014-03-13 HOURLY 1120 K"
ISRO0182,10.78,79.18,181,"5-12 1119 SWMRI,  KATTUTHOTTAM,  THANJAVUR TAMILNADU 15F0B5 ISRO0181 10.78 79.18 2006-06-02 2014-03-13 HOURLY 1120 KVK, "
ISRO0183,10.77,79.42,181,"HOURLY 1120 KVK,  NIDAMANGALAM,  THIRUVARUR  DIST. TAMILNADU 15F0B6 ISRO0182 10.77 79.42 2007-11-30 2017-11-16 HOURLY 11"
ISRO0184,10.75,79.8,181,"HOURLY 1121 KVK,  SIKKAL  NAGAPATTINAM  DIST. TAMILNADU 15F0B7 ISRO0183 10.75 79.80 2007-11-26 2014-03-15 HOURLY 1122 SS"
ISRO0185,11.77,78.87,181,"HOURLY 1122 SSF,  VADAKUNANTHAL,  VILLUPURAM  DIST. TAMILNADU 15F0B8 ISRO0184 11.77 78.87 2008-01-22 2018-03-19 HOURLY 1"
ISRO0186,10.42,79.33,182,"1124 ARS,  NADIMUTHU  NAGAR,  PATTUKOTTAI TAMILNADU 15F0BA ISRO0186 10.42 79.33 2007-11-26 2019-02-27 HOURLY 1125 NPRC, "
ISRO0187,10.42,79.33,182,"1124 ARS,  NADIMUTHU  NAGAR,  PATTUKOTTAI TAMILNADU 15F0BA ISRO0186 10.42 79.33 2007-11-26 2019-02-27 HOURLY 1125 NPRC, "
ISRO0188,10.37,78.9,182,"HOURLY 1125 NPRC,  VAMBAN,  PUDUKOTTAI TAMILNADU 15F0BB ISRO0187 10.37 78.90 2007-11-26 2014-03-15 HOURLY 1126 HRS,Thand"
ISRO0189,10.3,77.72,182,"HOURLY 1126 HRS,Thandiankudisai,Perumparai,Dindugal TAMILNADU 15F0BC ISRO0188 10.30 77.72 2007-11-26 2020-08-20 HOURLY 1"
ISRO0190,10.12,77.58,182,"2020-08-20 HOURLY 1127 HCRI,PERIYAKULAM,  THENI  DIST. TAMILNADU 15F0BD ISRO0189 10.12 77.58 2007-11-26 2019-01-02 HOURL"
ISRO0191,9.93,78.12,182,"2007-11-26 2019-01-02 HOURLY 1128 ACRI,  MADURAI  TAMILNADU 15F0BE ISRO0190 9.93  78.12 2007-11-26 2018-05-13 HOURLY 112"
ISRO0192,9.55,78.58,183,"1130 ARS,  PARAMAKUDI  TAMILNADU 15F0C0 ISRO0192 9.55  78.58 2007-11-26 2018-12-30 HOURLY 1131 CRS,  SRIVILLIPUTHUR  TAM"
ISRO0193,9.55,78.58,183,"1130 ARS,  PARAMAKUDI  TAMILNADU 15F0C0 ISRO0192 9.55  78.58 2007-11-26 2018-12-30 HOURLY 1131 CRS,  SRIVILLIPUTHUR  TAM"
ISRO0194,9.5,77.65,183,"2007-11-26 2018-12-30 HOURLY 1131 CRS,  SRIVILLIPUTHUR  TAMILNADU 15F0C1 ISRO0193 9.50  77.65 2007-11-26 2018-11-20 HOUR"
ISRO0195,9.35,78.9,183,"2007-11-26 2018-11-20 HOURLY 1132 CSRC,  RAMANATHAPURAM TAMILNADU 15F0C2 ISRO0194 9.35  78.90 2007-11-26 2018-10-02 HOUR"
ISRO0196,9.2,77.88,183,"2007-11-26 2018-10-02 HOURLY 1133 ARS,  KOVILPATTI  TAMILNADU 15F0C3 ISRO0195 9.20  77.88 2007-11-27 2018-02-01 HOURLY 1"
ISRO0197,8.7,77.47,183,"2018-02-01 HOURLY 1134 RRS,  AMBASAMUDRAM,TIRUNEVELI  DIST. TAMILNADU 15F0C4 ISRO0196 8.70  77.47 2007-11-26 2018-12-18 "
ISRO0198,8.43,77.3,184,"-26 3-22 1136 HRS,  PECHIPARAI,  KANYAKUMARI  DIST. TAMILNADU 15F0C6 ISRO0198 8.43  77.30 2007-11-26 2018-01-30 HOURLY 1"
ISRO0199,8.43,77.3,184,"-26 3-22 1136 HRS,  PECHIPARAI,  KANYAKUMARI  DIST. TAMILNADU 15F0C6 ISRO0198 8.43  77.30 2007-11-26 2018-01-30 HOURLY 1"
ISRO0200,8.22,77.45,184,"2018-01-30 HOURLY 1137 ARS,  THIRUPATHISARAM,  NAGARCOIL,  KKUMARI TAMILNADU 15F0C7 ISRO0199 8.22  77.45 2007-11-26 2018"
ISRO0201,12.8,79.43,184,"HOURLY 1138 AAC,  GB  NAGAR,  KALAVAI,  VELLORE TAMILNADU 15F0C8 ISRO0200 12.80 79.43 2007-11-26 2019-01-02 HOURLY 1139 "
ISRO0202,12.58,78.5,184,"HOURLY 1139 DFDT,  DHAN  F,NATRAMPALLI,  KRISHNAGIRI  DIST. TAMILNADU 15F0C9 ISRO0201 12.58 78.50 2007-11-27 2011-07-13 "
ISRO0203,9.27,77.4,185,"1141 DHARANI  SUG,VASUDEVANALLUR,  SIVAGIRI  TLK,. TAMILNADU 15F0CB ISRO0203 9.27  77.40 2007-12-14 2018-02-08 HOURLY 11"
ISRO0204,9.27,77.4,185,"1141 DHARANI  SUG,VASUDEVANALLUR,  SIVAGIRI  TLK,. TAMILNADU 15F0CB ISRO0203 9.27  77.40 2007-12-14 2018-02-08 HOURLY 11"
ISRO0205,12.43,79.83,185,"HOURLY 1142 AEC,  MELMARUVATHUR TAMILNADU 15F0CC ISRO0204 12.43 79.83 2007-11-26 2018-11-29 HOURLY 1143 SSF,  KURUPPANAI"
ISRO0206,11.47,77.7,185,"HOURLY 1143 SSF,  KURUPPANAIKEN  PALAYAM,  ERODE TAMILNADU 15F0CD ISRO0205 11.47 77.70 2007-11-26 2018-01-04 HOURLY 1144"
ISRO0207,11.3,78.9,185,"HOURLY 1144 KVK,  VAALIKANDAPURAM,  PERAMBALUR TAMILNADU 15F0CE ISRO0206 11.30 78.90 2007-11-26 2018-03-19 HOURLY 1145 E"
ISRO0208,10.08,78.79,185,"HOURLY 1145 EECRI,KARAIKUDI,SIVAGANGA TAMILNADU 15F0CF ISRO0207 10.08 78.79 2007-11-26 2011-10-10 HOURLY 1146 MAIN  GATE"
ISRO0209,12.6,80.18,186,"1147 KKM  GATE,  IGCAR,  KALPAKKAM TAMILNADU 15F0D1 ISRO0209 12.60 80.18 2007-12-05 2014-10-19 HOURLY 1148 Ediyur,  IGCA"
ISRO0210,12.6,80.18,186,"1147 KKM  GATE,  IGCAR,  KALPAKKAM TAMILNADU 15F0D1 ISRO0209 12.60 80.18 2007-12-05 2014-10-19 HOURLY 1148 Ediyur,  IGCA"
ISRO0211,12.58,80.18,186,"HOURLY 1148 Ediyur,  IGCAR,Kalpakkam TAMILNADU 15F0D2 ISRO0210 12.58 80.18 2008-02-13 2014-12-30 HOURLY 1149 Anupuram,  "
ISRO0219,12.55,80.17,186,"HOURLY 1149 Anupuram,  Resi.  Area,  IGCAR,Kalpakkam TAMILNADU 15F0D3 ISRO0211 12.55 80.17 2008-02-13 2018-06-11 HOURLY "
ISRO0228,11.01,76.97,186,"HOURLY 1150 AF  ADMIN,COLLEGE,REDFIELD,COIMBATORE TAMILNADU 15F0DB ISRO0219 11.01 76.97 2007-11-26 2019-01-02 HOURLY 115"
ISRO0229,13.27,80.25,186,"HOURLY 1151 CHINNA  SEMAVARAM,  PONNERI  RADAR  PROJECT TAMILNADU 15F0E4 ISRO0228 13.27 80.25 2007-11-26 2014-09-05 HOUR"
ISRO0230,13.43,80.12,187,-30 9-27 1153 Gummidipundi  Taluka  Office  Ponneri TAMILNADU 15F0E6 ISRO0230 13.43 80.12 2006-11-07 2017-12-31 HOURLY 1
ISRO0231,13.43,80.12,187,9-27 1153 Gummidipundi  Taluka  Office  Ponneri TAMILNADU 15F0E6 ISRO0230 13.43 80.12 2006-11-07 2017-12-31 HOURLY 1154 
ISRO0232,13.37,80.1,187,"HOURLY 1154 A.N.KUPPAM,ANNAPPANAIKA,KANDEGA TAMILNADU 15F0E7 ISRO0231 13.37 80.10 2007-11-27 2017-12-31 HOURLY 1155 ELLA"
ISRO0233,13.32,80.05,187,"2017-12-31 HOURLY 1155 ELLAPUDAM,  Near  NERIYAPALAYM TAMILNADU 15F0E8 ISRO0232 13.32 80.05 2007-11-26 2017-12-31 HOURLY"
ISRO0234,13.33,79.9,187,2007-11-26 2017-12-31 HOURLY 1156 Uttukottai  TAMILNADU 15F0E9 ISRO0233 13.33 79.90 2006-11-07 2017-12-29 HOURLY 1157 Po
ISRO0235,13.18,79.85,188,"1158 KOSAVANAPALEYAM,  Near  POONDI TAMILNADU 15F0EB ISRO0235 13.18 79.85 2007-11-26 2018-01-05 HOURLY 1159 VELLAMMAL  T"
ISRO0236,13.18,79.85,188,"1158 KOSAVANAPALEYAM,  Near  POONDI TAMILNADU 15F0EB ISRO0235 13.18 79.85 2007-11-26 2018-01-05 HOURLY 1159 VELLAMMAL  T"
ISRO0237,13.15,80.2,188,2007-11-26 2018-01-05 HOURLY 1159 VELLAMMAL  TAMILNADU 15F0EC ISRO0236 13.15 80.20 2008-04-07 2017-12-28 HOURLY 1160 Red
ISRO0238,13.2,80.17,188,2008-04-07 2017-12-28 HOURLY 1160 Redhills  TAMILNADU 15F0ED ISRO0237 13.20 80.17 2007-11-26 2017-12-28 HOURLY 1161 CHOL
ISRO0239,13.22,80.15,188,2007-11-26 2017-12-28 HOURLY 1161 CHOLAVARAM  TAMILNADU 15F0EE ISRO0238 13.22 80.15 2007-11-26 2018-09-08 HOURLY 1162 TA
ISRO0240,13.23,80.03,188,2007-11-26 2018-09-08 HOURLY 1162 TAMARAPAKAM  TAMILNADU 15F0EF ISRO0239 13.23 80.03 2007-12-01 2018-01-02 HOURLY 1163 K
ISRO0241,12.92,80.12,189,"1164 AF  Stn.  TAMBARAM  TAMILNADU 15F0F1 ISRO0241 12.92 80.12 2007-11-27 2014-08-11 HOURLY 1165 MSSRF,  TARAMANI,  CHEN"
ISRO0242,12.92,80.12,189,"1164 AF  Stn.  TAMBARAM  TAMILNADU 15F0F1 ISRO0241 12.92 80.12 2007-11-27 2014-08-11 HOURLY 1165 MSSRF,  TARAMANI,  CHEN"
ISRO0245,13.0,80.25,189,"2014-08-11 HOURLY 1165 MSSRF,  TARAMANI,  CHENNAI TAMILNADU 15F0F2 ISRO0242 13.00 80.25 2007-11-26 2018-01-03 HOURLY 116"
ISRO0273,11.03,77.13,189,2007-11-26 2018-01-03 HOURLY 1166 AF  Stn.  SULUR  TAMILNADU 15F0F5 ISRO0245 11.03 77.13 2008-01-11 2014-11-16 HOURLY 11
ISRO0274,13.07,79.69,189,"2014-11-16 HOURLY 1167 INS  Rajali,Arakkonam  TAMILNADU 15F111 ISRO0273 13.07 79.69 2007-11-26 2018-11-27 HOURLY 1168 NA"
ISRO0275,9.32,78.97,189,"2018-11-27 HOURLY 1168 NAS  Ramnad,  Ramnathpuram TAMILNADU 15F112 ISRO0274 9.32  78.97 2007-12-17 2018-02-07 HOURLY 116"
ISRO0316,11.04,76.87,190,"4-25 3-05 1170 Bharathiar  University,  Coimbatore TAMILNADU 15F13C ISRO0316 11.04 76.87 2008-04-22 2013-12-05 HOURLY 11"
ISRO0519,11.04,76.87,190,"3-05 1170 Bharathiar  University,  Coimbatore TAMILNADU 15F13C ISRO0316 11.04 76.87 2008-04-22 2013-12-05 HOURLY 1171 SC"
ISRO0520,12.62,80.12,190,HOURLY 1171 SCA  ASI  Mahabalipuram TAMILNADU 15F207 ISRO0519 12.62 80.12 2009-02-27 2011-02-03 HOURLY 1172 ASI  Sri  Br
ISRO1096,10.78,79.13,190,HOURLY 1172 ASI  Sri  Brihadeswara  Temple  Thanjavur TAMILNADU 15F208 ISRO0520 10.78 79.13 2008-09-24 2014-03-14 HOURLY
ISRO1257,8.09,77.56,190,"2014-03-14 HOURLY 1173 Vivekananda  Kendra,  Kanyakumari TAMILNADU 15F448 ISRO1096 8.09  77.56 2010-12-22 2015-03-01 HOU"
ISRO0058,23.78,91.27,191,1175 LAMBUCHARRA  TRIPURA 15F03A ISRO0058 23.78 91.27 2007-11-29 2017-10-23 HOURLY 1176 UDAYPUR  TRIPURA 15F03B ISRO0059
ISRO0059,23.78,91.27,191,1175 LAMBUCHARRA  TRIPURA 15F03A ISRO0058 23.78 91.27 2007-11-29 2017-10-23 HOURLY 1176 UDAYPUR  TRIPURA 15F03B ISRO0059
ISRO0060,23.52,91.48,191,2007-11-29 2017-10-23 HOURLY 1176 UDAYPUR  TRIPURA 15F03B ISRO0059 23.52 91.48 2007-11-27 2019-01-02 HOURLY 1177 SALEMA 
ISRO0061,24.0,91.83,191,2007-11-27 2019-01-02 HOURLY 1177 SALEMA  TRIPURA 15F03C ISRO0060 24.00 91.83 2006-01-07 2018-12-01 HOURLY 1178 KUMAR  G
ISRO0109,24.18,92.04,191,2006-01-07 2018-12-01 HOURLY 1178 KUMAR  GHAT   TRIPURA 15F03D ISRO0061 24.18 92.04 2006-07-07 2019-12-08 HOURLY 1179 Ag
ISRO1378,23.85,91.27,191,"2019-12-08 HOURLY 1179 Agartala  TRIPURA 15F06D ISRO0109 23.85 91.27 2010-09-12 2019-02-13 HOURLY 1180 Bhandarima,  Nort"
ISRO1379,23.19,91.51,192,"1181 Matai,  South  Tripura  TRIPURA 15F563 ISRO1379 23.19 91.51 2023-09-28 2024-03-09 1182 IIT  Kanpur  UTTAR  PRADESH "
ISRO0020,23.19,91.51,192,"1181 Matai,  South  Tripura  TRIPURA 15F563 ISRO1379 23.19 91.51 2023-09-28 2024-03-09 1182 IIT  Kanpur  UTTAR  PRADESH "
ISRO0212,26.52,80.24,192,91.51 2023-09-28 2024-03-09 1182 IIT  Kanpur  UTTAR  PRADESH 15F014 ISRO0020 26.52 80.24 2006-01-07 2017-12-28 HOURLY 11
ISRO0213,28.15,78.41,192,2006-01-07 2017-12-28 HOURLY 1183 NAPS  site1  Narora  UP  UTTAR  PRADESH 15F0D4 ISRO0212 28.15 78.41 2007-11-26 2018-12
ISRO0214,28.14,78.4,192,2007-11-26 2018-12-31 HOURLY 1184 NAPS  site2  Narora  UP  UTTAR  PRADESH 15F0D5 ISRO0213 28.14 78.40 2008-03-18 2016-04
ISRO0215,28.15,78.4,192,2008-03-18 2016-04-15 HOURLY 1185 NAPS  site3  Narora  UP  UTTAR  PRADESH 15F0D6 ISRO0214 28.15 78.40 2007-11-26 2019-01
ISRO0517,27.1,77.67,193,-26 1-02 1187 DSAC  ASI  APL  Agra  Fort  Agra UTTAR  PRADESH 15F205 ISRO0517 27.10 77.67 2008-09-24 2019-04-28 HOURLY 1
ISRO1236,27.1,77.67,193,1-02 1187 DSAC  ASI  APL  Agra  Fort  Agra UTTAR  PRADESH 15F205 ISRO0517 27.10 77.67 2008-09-24 2019-04-28 HOURLY 1188 
ISRO0010,26.77,80.92,193,"2019-04-28 HOURLY 1188 Dr.BabasahebBhimrao  Ambedkar  University,  Lucknow UTTAR  PRADESH 15F4D4 ISRO1236 26.77 80.92 20"
ISRO0019,30.19,77.82,193,2011-01-25 2019-01-28 HOURLY 1189 Dehradun  UTTRAKHAND 15F00A ISRO0010 30.19 77.82 2006-01-07 2011-07-19 HOURLY 1190 ARI
ISRO0132,29.35,79.68,193,2006-01-07 2011-07-19 HOURLY 1190 ARIES  Nainital  UTTRAKHAND 15F013 ISRO0019 29.35 79.68 2007-12-27 2019-01-02 HOURLY 1
ISRO0133,30.77,79.47,194,1192 Maithana  DGSM  UTTRAKHAND 15F085 ISRO0133 30.77 79.47 2007-11-27 2011-01-19 HOURLY 1193 Garigaon  DGSM  UTTRAKHAND
ISRO0134,30.77,79.47,194,1192 Maithana  DGSM  UTTRAKHAND 15F085 ISRO0133 30.77 79.47 2007-11-27 2011-01-19 HOURLY 1193 Garigaon  DGSM  UTTRAKHAND
ISRO0135,30.73,79.48,194,2007-11-27 2011-01-19 HOURLY 1193 Garigaon  DGSM  UTTRAKHAND 15F086 ISRO0134 30.73 79.48 2007-11-26 2021-07-16 HOURLY 11
ISRO0136,30.68,79.5,194,2007-11-26 2021-07-16 HOURLY 1194 HANUMAN  CHATTI  UTTRAKHAND 15F087 ISRO0135 30.68 79.50 2007-11-26 2019-01-02 HOURLY 1
ISRO0137,30.67,79.52,194,"2007-11-26 2019-01-02 HOURLY 1195 Lambgarh,  BRO  UTTRAKHAND 15F088 ISRO0136 30.67 79.52 2007-11-26 2019-01-02 HOURLY 11"
ISRO0138,30.65,79.55,194,"2007-11-26 2019-01-02 HOURLY 1196 Pandukeswar,  BRO  UTTRAKHAND 15F089 ISRO0137 30.65 79.55 2007-11-30 2020-07-05 HOURLY"
ISRO0139,30.48,79.48,195,"1198 LANGSHI  BRO  UTTRAKHAND 15F08B ISRO0139 30.48 79.48 2010-11-26 2011-02-03 HOURLY 1199 PIPALKOTI,  BRO  UTTRAKHAND "
ISRO0140,30.48,79.48,195,"1198 LANGSHI  BRO  UTTRAKHAND 15F08B ISRO0139 30.48 79.48 2010-11-26 2011-02-03 HOURLY 1199 PIPALKOTI,  BRO  UTTRAKHAND "
ISRO0141,30.42,79.43,195,"2010-11-26 2011-02-03 HOURLY 1199 PIPALKOTI,  BRO  UTTRAKHAND 15F08C ISRO0140 30.42 79.43 2006-05-04 2021-07-12 HOURLY 1"
ISRO0142,30.47,79.45,196,AMS   AWS   AWSAGRI   AWSUPG   IMDAWS   Sr.No Station  Name  State  Station  ID Station  Key Latitude Longitude Start  D
ISRO0143,30.47,79.45,196,End  Date Temporal  Resolution Order  Data 1201 TANGNI  UTTRAKHAND 15F08E ISRO0142 30.47 79.45  2008-08-31 2017-11-23 HO
ISRO0901,30.42,79.32,196,"2017-11-23 HOURLY 1202 GOPESWAR,  DGSM UTTRAKHAND 15F08F ISRO0143 30.42 79.32  2007-11-26 2019-01-02 HOURLY 1203 BRO-Tek"
ISRO0902,31.02,78.71,196,2019-01-02 HOURLY 1203 BRO-Tekla.Bhairoghati  (BRO). UTTRAKHAND 15F385 ISRO0901 31.02 78.71  2010-03-05 2026-07-24 HOURL
ISRO0904,31.04,78.75,196,2026-07-24 HOURLY 1204 Arjudent2-Rajput-C/o  56  APO-HarsilHarsil  (ARMY) UTTRAKHAND 15F386 ISRO0902 31.04 78.75  2010-0
ISRO0905,30.81,78.62,196,2022-02-22 HOURLY 1205 NTPC-Hydro-Bhatwari.Loharinag  (NTPC). UTTRAKHAND 15F388 ISRO0904 30.81 78.62  2010-03-06 2019-03
ISRO0907,30.86,78.63,197,1207 NTPC-Hydro-Bhatwari.Kunjan  (NTPC). UTTRAKHAND 15F38B ISRO0907 30.86 78.63  2010-03-05 2014-12-17 HOURLY 1208 BRO-T
ISRO0908,30.86,78.63,197,1207 NTPC-Hydro-Bhatwari.Kunjan  (NTPC). UTTRAKHAND 15F38B ISRO0907 30.86 78.63  2010-03-05 2014-12-17 HOURLY 1208 BRO-T
ISRO0909,30.77,78.55,197,2014-12-17 HOURLY 1208 BRO-Tekla.Bhatwari  (BRO). UTTRAKHAND 15F38C ISRO0908 30.77 78.55  2010-03-05 2019-01-02 HOURLY 1
ISRO0910,30.97,78.71,197,2019-01-02 HOURLY 1209 BRO-Tekla.Maneri  (BRO). UTTRAKHAND 15F38D ISRO0909 30.97 78.71  2010-03-05 2011-04-14 HOURLY 121
ISRO0911,30.73,78.42,197,2011-04-14 HOURLY 1210 BRO-Tekla.Tekla-Uttarkashi  (BRO). UTTRAKHAND 15F38E ISRO0910 30.73 78.42  2010-03-05 2019-01-02 
ISRO0987,30.48,77.92,197,78.42  2010-03-05 2019-01-02 HOURLY 1211 Uttarakhand  Forest  Dept-Qutbpur-Forest  Rest  House UTTRAKHAND 15F38F ISRO091
ISRO0988,30.45,77.88,198,1213 Agriculture  &  Soils  Division  IIRS-2 UTTRAKHAND 15F3DC ISRO0988 30.45 77.88  2010-12-20 2019-08-12 HOURLY 1214 I
ISRO0989,30.45,77.88,198,1213 Agriculture  &  Soils  Division  IIRS-2 UTTRAKHAND 15F3DC ISRO0988 30.45 77.88  2010-12-20 2019-08-12 HOURLY 1214 I
ISRO0012,30.34,78.04,198,"2019-08-12 HOURLY 1214 IIRS  Campus,  Dehradun UTTRAKHAND 15F3DD ISRO0989 30.34 78.04  2010-12-12 2019-01-01 HOURLY 1215"
ISRO1075,22.32,87.32,198,78.04  2010-12-12 2019-01-01 HOURLY 1215 RRSSC  IIT  Kharagpur WEST  BENGAL 15F00C ISRO0012 22.32 87.32  2006-05-01 2018
ISRO1274,26.87,88.26,198,87.32  2006-05-01 2018-06-14 HOURLY 1216 Rani  WEST  BENGAL 15F433 ISRO1075 26.87 88.26  2011-01-19 2019-01-02 HOURLY 12
ISRO1275,22.58,88.46,198,"88.26  2011-01-19 2019-01-02 HOURLY 1217 RRSC(East),  Kolkata WEST  BENGAL 15F4FA ISRO1274 22.58 88.46  2010-12-22 2019-"
ISRO1276,22.58,88.46,198,22.58 88.46  2010-12-22 2019-07-31 HOURLY 1218 Dhamakhali  WEST  BENGAL 15F4FB ISRO1275 22.36 88.88  2010-12-11 2022-05-
ISRO1277,23.36,88.43,199,"1220 B.D.O  Office,  Mathurapur-II WEST  BENGAL 15F4FD ISRO1277 23.36 88.43  2011-01-19 2020-04-27 HOURLY 1221 NIMPITH  "
ISRO1278,23.36,88.43,199,"1220 B.D.O  Office,  Mathurapur-II WEST  BENGAL 15F4FD ISRO1277 23.36 88.43  2011-01-19 2020-04-27 HOURLY 1221 NIMPITH  "
ISRO1279,23.36,88.43,199,23.36 88.43  2011-01-19 2020-04-27 HOURLY 1221 NIMPITH  WEST  BENGAL 15F4FE ISRO1278 22.02 88.62  2010-12-07 2021-09-11 
ISRO1280,21.88,88.17,199,88.62  2010-12-07 2021-09-11 HOURLY 1222 Kakdwip  WEST  BENGAL 15F4FF ISRO1279 21.88 88.17  2015-06-08 2021-12-02 HOURLY
ISRO1281,22.21,88.71,199,"2021-12-02 HOURLY 1223 B.D.O  Office,Basanti WEST  BENGAL 15F500 ISRO1280 22.21 88.71  2010-11-29 2020-02-17 HOURLY 1224"
ISRO1282,22.16,88.8,199,"2020-02-17 HOURLY 1224 B.D.O  Office,Gosaba WEST  BENGAL 15F501 ISRO1281 22.16 88.80  2011-01-04 2020-03-24 HOURLY 1225 "
ISRO1283,21.8,88.37,200,"1226 B.D.O  Office,  Patharpratima-Ramganga WEST  BENGAL 15F503 ISRO1283 21.80 88.37  2011-02-26 2015-11-13 HOURLY 1227 "
ISRO1284,21.8,88.37,200,"1226 B.D.O  Office,  Patharpratima-Ramganga WEST  BENGAL 15F503 ISRO1283 21.80 88.37  2011-02-26 2015-11-13 HOURLY 1227 "
ISRO1381,21.73,88.1,200,"2015-11-13 HOURLY 1227 B.D.O  Office,  Sagar  Islands WEST  BENGAL 15F504 ISRO1284 21.73 88.10  2019-01-10 2021-03-03 HO"
