region_name,gagan_station_id,station_id,lat,lon,timestamp,rain_mm_day,tier,L_score,spatial_scale,isolation_label,spatial_detail,iwv_check_pass,iwv_detail,cape_check_pass,cape_detail,final_label,n_neighbors
Guwahati,13,ISRO1069_15F42D(TRA. Dikom),27.466667,95.08889,2013-01-03,5.0,NORMAL,0.0,N/A,NORMAL,,False,,False,,NORMAL,0
Guwahati,13,ISRO1112_15F458(President. Gharowa. Lumding),25.751112,93.178055,2013-01-03,20.0,NORMAL,0.0,N/A,NORMAL,,False,,False,,NORMAL,0
Guwahati,13,ISRO1106_15F452(Rangiya Degree College. Rangiya),26.426945,91.61389,2013-01-03,12.0,NORMAL,0.0,N/A,NORMAL,,False,,False,,NORMAL,0
Guwahati,13,ISRO0062_15F03E(LAKHIMPUR),27.2041666,94.1069444,2013-01-03,4.0,NORMAL,0.0,N/A,NORMAL,,False,,False,,NORMAL,0
Bagdogra,11,ISRO0066_15F042(GOSSAIGAON),26.3908333,89.9405555,2013-01-03,16.0,NORMAL,0.0,N/A,NORMAL,,False,,False,,NORMAL,0
Guwahati,13,ISRO1102_15F44E(North Guwhathi College. North Guwhathi),26.202223,91.715836,2013-01-03,0.0,NORMAL,0.0,N/A,NORMAL,,False,,False,,NORMAL,0
Guwahati,13,ISRO1104_15F450(Dhemaji Degree College. Dhemaji),27.475555,94.55167,2013-01-03,8.0,NORMAL,0.0,N/A,NORMAL,,False,,False,,NORMAL,0
Lengpui,12,ISRO0069_15F045(ARUNACHAL),24.8541666,92.7388888,2013-01-03,5.0,NORMAL,0.0,N/A,NORMAL,,False,,False,,NORMAL,0
Guwahati,13,ISRO1074_15F432(Salonah),26.445833,92.975,2013-01-03,7.0,NORMAL,0.0,N/A,NORMAL,,False,,False,,NORMAL,0
Guwahati,13,ISRO0076_15F04C(Dhubri),26.023333,89.96917,2013-01-03,14.0,NORMAL,0.0,N/A,NORMAL,,False,,False,,NORMAL,0
Guwahati,13,ISRO1068_15F42C(TRA. Jorhat),26.730833,94.22667,2013-01-03,0.0,NORMAL,0.0,N/A,NORMAL,,False,,False,,NORMAL,0
Guwahati,13,ISRO1071_15F42F(Ananda),27.44861,94.22945,2013-01-03,16.0,NORMAL,0.0,N/A,NORMAL,,False,,False,,NORMAL,0
Bagdogra,11,ISRO0066_15F042(GOSSAIGAON),26.3908333,89.9405555,2013-01-04,11.0,NORMAL,0.0,N/A,NORMAL,,False,,False,,NORMAL,0
Guwahati,13,ISRO1068_15F42C(TRA. Jorhat),26.730833,94.22667,2013-01-04,89.0,T2,0.9326,COARSE,CLOUDBURST_CANDIDATE,L=0.933 | R_core=89.0mm | R_bg=6.0mm (nearest_proxy (431km)) | scale=COARSE | gradient: [ZC:54km=49.0mm] [ZC:80km=88.0mm] [ZC:89km=116.0mm] [ZC:118km=41.0mm] [ZC:128km=21.0mm] [ZC:151km=93.0mm] [ZC:256km=81.0mm] [ZC:257km=0.0mm] [ZC:262km=16.0mm] [ZC:289km=0.0mm] [ZC:428km=11.0mm] [ZC:431km=6.0mm],False,insufficient_pre_event_iwv,False,offline_verification,CANDIDATE_CLOUDBURST,12
Guwahati,13,ISRO1112_15F458(President. Gharowa. Lumding),25.751112,93.178055,2013-01-04,93.0,T2,0.8817,COARSE,CLOUDBURST_CANDIDATE,L=0.882 | R_core=93.0mm | R_bg=11.0mm (nearest_proxy (331km)) | scale=COARSE | gradient: [ZC:80km=21.0mm] [ZC:109km=81.0mm] [ZC:151km=89.0mm] [ZC:155km=0.0mm] [ZC:173km=16.0mm] [ZC:186km=49.0mm] [ZC:199km=0.0mm] [ZC:216km=88.0mm] [ZC:235km=116.0mm] [ZC:269km=41.0mm] [ZC:322km=6.0mm] [ZC:331km=11.0mm],False,insufficient_pre_event_iwv,False,offline_verification,CANDIDATE_CLOUDBURST,12
Guwahati,13,ISRO1104_15F450(Dhemaji Degree College. Dhemaji),27.475555,94.55167,2013-01-04,116.0,T1,0.9483,COARSE,CLOUDBURST_CANDIDATE,L=0.948 | R_core=116.0mm | R_bg=6.0mm (nearest_proxy (483km)) | scale=COARSE | gradient: [ZC:32km=88.0mm] [ZC:53km=41.0mm] [ZC:53km=49.0mm] [ZC:89km=89.0mm] [ZC:194km=21.0mm] [ZC:235km=93.0mm] [ZC:314km=16.0mm] [ZC:315km=0.0mm] [ZC:339km=0.0mm] [ZC:343km=81.0mm] [ZC:473km=11.0mm] [ZC:483km=6.0mm],False,insufficient_pre_event_iwv,False,offline_verification,CANDIDATE_CLOUDBURST,12
Guwahati,13,ISRO1106_15F452(Rangiya Degree College. Rangiya),26.426945,91.61389,2013-01-04,16.0,NORMAL,0.0,N/A,NORMAL,,False,,False,,NORMAL,0
Guwahati,13,ISRO1071_15F42F(Ananda),27.44861,94.22945,2013-01-04,88.0,T2,0.9318,COARSE,CLOUDBURST_CANDIDATE,L=0.932 | R_core=88.0mm | R_bg=6.0mm (nearest_proxy (452km)) | scale=COARSE | gradient: [ZC:30km=49.0mm] [ZC:32km=116.0mm] [ZC:80km=89.0mm] [ZC:85km=41.0mm] [ZC:167km=21.0mm] [ZC:216km=93.0mm] [ZC:283km=16.0mm] [ZC:285km=0.0mm] [ZC:308km=0.0mm] [ZC:325km=81.0mm] [ZC:441km=11.0mm] [ZC:452km=6.0mm],False,insufficient_pre_event_iwv,False,offline_verification,CANDIDATE_CLOUDBURST,12
Guwahati,13,ISRO1069_15F42D(TRA. Dikom),27.466667,95.08889,2013-01-04,41.0,T2,0.8537,COARSE,CLOUDBURST_CANDIDATE,L=0.854 | R_core=41.0mm | R_bg=6.0mm (nearest_proxy (533km)) | scale=COARSE | gradient: [ZC:53km=116.0mm] [ZC:85km=88.0mm] [ZC:101km=49.0mm] [ZC:118km=89.0mm] [ZC:238km=21.0mm] [ZC:269km=93.0mm] [ZC:363km=0.0mm] [ZC:363km=16.0mm] [ZC:373km=81.0mm] [ZC:389km=0.0mm] [ZC:524km=11.0mm] [ZC:533km=6.0mm],False,insufficient_pre_event_iwv,False,offline_verification,CANDIDATE_CLOUDBURST,12
Guwahati,13,ISRO0067_15F043(NALBARI),26.4358333,91.335,2013-01-04,0.0,NORMAL,0.0,N/A,NORMAL,,False,,False,,NORMAL,0
Lengpui,12,ISRO0069_15F045(ARUNACHAL),24.8541666,92.7388888,2013-01-04,81.0,T2,0.4938,COARSE,CLOUDBURST_CANDIDATE,L=0.494 | R_core=81.0mm | R_bg=41.0mm (nearest_proxy (373km)) | scale=COARSE | gradient: [ZC:109km=93.0mm] [ZC:179km=21.0mm] [ZC:182km=0.0mm] [ZC:208km=16.0mm] [ZC:225km=0.0mm] [ZC:256km=89.0mm] [ZC:295km=49.0mm] [ZC:307km=6.0mm] [ZC:325km=88.0mm] [ZC:328km=11.0mm] [ZC:343km=116.0mm] [ZC:373km=41.0mm],False,insufficient_pre_event_iwv,False,offline_verification,CANDIDATE_CLOUDBURST,12
Guwahati,13,ISRO0062_15F03E(LAKHIMPUR),27.2041666,94.1069444,2013-01-04,49.0,T2,0.8776,COARSE,CLOUDBURST_CANDIDATE,L=0.878 | R_core=49.0mm | R_bg=6.0mm (nearest_proxy (432km)) | scale=COARSE | gradient: [ZC:30km=88.0mm] [ZC:53km=116.0mm] [ZC:54km=89.0mm] [ZC:101km=41.0mm] [ZC:140km=21.0mm] [ZC:186km=93.0mm] [ZC:262km=16.0mm] [ZC:262km=0.0mm] [ZC:288km=0.0mm] [ZC:295km=81.0mm] [ZC:423km=11.0mm] [ZC:432km=6.0mm],False,insufficient_pre_event_iwv,False,offline_verification,CANDIDATE_CLOUDBURST,12
Guwahati,13,ISRO1074_15F432(Salonah),26.445833,92.975,2013-01-05,29.0,NORMAL,0.0,N/A,NORMAL,,False,,False,,NORMAL,0
Guwahati,13,ISRO1102_15F44E(North Guwhathi College. North Guwhathi),26.202223,91.715836,2013-01-05,0.0,NORMAL,0.0,N/A,NORMAL,,False,,False,,NORMAL,0
Guwahati,13,ISRO1112_15F458(President. Gharowa. Lumding),25.751112,93.178055,2013-01-05,93.0,T2,0.0,COARSE,WIDESPREAD_HEAVY_RAIN,L=0.000 | R_core=93.0mm | R_bg=400.0mm (nearest_proxy (331km)) | scale=COARSE | gradient: [ZC:80km=29.0mm] [ZC:109km=198.0mm] [ZC:151km=75.0mm] [ZC:155km=0.0mm] [ZC:173km=56.0mm] [ZC:186km=0.0mm] [ZC:199km=0.0mm] [ZC:216km=82.0mm] [ZC:235km=178.0mm] [ZC:269km=9.0mm] [ZC:322km=11.0mm] [ZC:331km=400.0mm],False,insufficient_pre_event_iwv,False,offline_verification,WIDESPREAD_HEAVY_RAIN,12
Guwahati,13,ISRO1068_15F42C(TRA. Jorhat),26.730833,94.22667,2013-01-05,75.0,T2,0.8533,COARSE,CLOUDBURST_CANDIDATE,L=0.853 | R_core=75.0mm | R_bg=11.0mm (nearest_proxy (431km)) | scale=COARSE | gradient: [ZC:54km=0.0mm] [ZC:80km=82.0mm] [ZC:89km=178.0mm] [ZC:118km=9.0mm] [ZC:128km=29.0mm] [ZC:151km=93.0mm] [ZC:256km=198.0mm] [ZC:257km=0.0mm] [ZC:262km=56.0mm] [ZC:289km=0.0mm] [ZC:428km=400.0mm] [ZC:431km=11.0mm],False,insufficient_pre_event_iwv,False,offline_verification,CANDIDATE_CLOUDBURST,12
Guwahati,13,ISRO0076_15F04C(Dhubri),26.023333,89.96917,2013-01-05,11.0,NORMAL,0.0,N/A,NORMAL,,False,,False,,NORMAL,0
Guwahati,13,ISRO1071_15F42F(Ananda),27.44861,94.22945,2013-01-05,82.0,T2,0.8659,COARSE,CLOUDBURST_CANDIDATE,L=0.866 | R_core=82.0mm | R_bg=11.0mm (nearest_proxy (452km)) | scale=COARSE | gradient: [ZC:30km=0.0mm] [ZC:32km=178.0mm] [ZC:80km=75.0mm] [ZC:85km=9.0mm] [ZC:167km=29.0mm] [ZC:216km=93.0mm] [ZC:283km=56.0mm] [ZC:285km=0.0mm] [ZC:308km=0.0mm] [ZC:325km=198.0mm] [ZC:441km=400.0mm] [ZC:452km=11.0mm],False,insufficient_pre_event_iwv,False,offline_verification,CANDIDATE_CLOUDBURST,12
Guwahati,13,ISRO1106_15F452(Rangiya Degree College. Rangiya),26.426945,91.61389,2013-01-05,56.0,T2,0.8393,COARSE,CLOUDBURST_CANDIDATE,L=0.839 | R_core=56.0mm | R_bg=9.0mm (nearest_proxy (363km)) | scale=COARSE | gradient: [ZC:27km=0.0mm] [ZC:28km=0.0mm] [ZC:136km=29.0mm] [ZC:167km=400.0mm] [ZC:170km=11.0mm] [ZC:173km=93.0mm] [ZC:208km=198.0mm] [ZC:262km=75.0mm] [ZC:262km=0.0mm] [ZC:283km=82.0mm] [ZC:314km=178.0mm] [ZC:363km=9.0mm],False,insufficient_pre_event_iwv,False,offline_verification,CANDIDATE_CLOUDBURST,12
Bagdogra,11,ISRO0066_15F042(GOSSAIGAON),26.3908333,89.9405555,2013-01-05,400.0,T1,0.9775,COARSE,CLOUDBURST_CANDIDATE,L=0.978 | R_core=400.0mm | R_bg=9.0mm (nearest_proxy (524km)) | scale=COARSE | gradient: [ZC:41km=11.0mm] [ZC:139km=0.0mm] [ZC:167km=56.0mm] [ZC:178km=0.0mm] [ZC:302km=29.0mm] [ZC:328km=198.0mm] [ZC:331km=93.0mm] [ZC:423km=0.0mm] [ZC:428km=75.0mm] [ZC:441km=82.0mm] [ZC:473km=178.0mm] [ZC:524km=9.0mm],False,insufficient_pre_event_iwv,False,offline_verification,CANDIDATE_CLOUDBURST,12
Guwahati,13,ISRO1104_15F450(Dhemaji Degree College. Dhemaji),27.475555,94.55167,2013-01-05,178.0,T1,0.9382,COARSE,CLOUDBURST_CANDIDATE,L=0.938 | R_core=178.0mm | R_bg=11.0mm (nearest_proxy (483km)) | scale=COARSE | gradient: [ZC:32km=82.0mm] [ZC:53km=9.0mm] [ZC:53km=0.0mm] [ZC:89km=75.0mm] [ZC:194km=29.0mm] [ZC:235km=93.0mm] [ZC:314km=56.0mm] [ZC:315km=0.0mm] [ZC:339km=0.0mm] [ZC:343km=198.0mm] [ZC:473km=400.0mm] [ZC:483km=11.0mm],False,insufficient_pre_event_iwv,False,offline_verification,CANDIDATE_CLOUDBURST,12
Lengpui,12,ISRO0069_15F045(ARUNACHAL),24.8541666,92.7388888,2013-01-05,198.0,T1,0.9545,COARSE,CLOUDBURST_CANDIDATE,L=0.955 | R_core=198.0mm | R_bg=9.0mm (nearest_proxy (373km)) | scale=COARSE | gradient: [ZC:109km=93.0mm] [ZC:179km=29.0mm] [ZC:182km=0.0mm] [ZC:208km=56.0mm] [ZC:225km=0.0mm] [ZC:256km=75.0mm] [ZC:295km=0.0mm] [ZC:307km=11.0mm] [ZC:325km=82.0mm] [ZC:328km=400.0mm] [ZC:343km=178.0mm] [ZC:373km=9.0mm],False,insufficient_pre_event_iwv,False,offline_verification,CANDIDATE_CLOUDBURST,12
Guwahati,13,ISRO1068_15F42C(TRA. Jorhat),26.730833,94.22667,2013-01-06,0.0,NORMAL,0.0,N/A,NORMAL,,False,,False,,NORMAL,0
Guwahati,13,ISRO1112_15F458(President. Gharowa. Lumding),25.751112,93.178055,2013-01-06,260.0,T1,0.8192,COARSE,CLOUDBURST_CANDIDATE,L=0.819 | R_core=260.0mm | R_bg=47.0mm (nearest_proxy (331km)) | scale=COARSE | gradient: [ZC:80km=60.0mm] [ZC:151km=0.0mm] [ZC:155km=0.0mm] [ZC:173km=34.0mm] [ZC:186km=1.0mm] [ZC:199km=0.0mm] [ZC:216km=149.0mm] [ZC:235km=336.0mm] [ZC:269km=15.0mm] [ZC:322km=52.0mm] [ZC:331km=47.0mm],False,insufficient_pre_event_iwv,False,offline_verification,CANDIDATE_CLOUDBURST,11
Guwahati,13,ISRO1104_15F450(Dhemaji Degree College. Dhemaji),27.475555,94.55167,2013-01-06,336.0,T1,0.8452,COARSE,CLOUDBURST_CANDIDATE,L=0.845 | R_core=336.0mm | R_bg=52.0mm (nearest_proxy (483km)) | scale=COARSE | gradient: [ZC:32km=149.0mm] [ZC:53km=15.0mm] [ZC:53km=1.0mm] [ZC:89km=0.0mm] [ZC:194km=60.0mm] [ZC:235km=260.0mm] [ZC:314km=34.0mm] [ZC:315km=0.0mm] [ZC:339km=0.0mm] [ZC:473km=47.0mm] [ZC:483km=52.0mm],False,insufficient_pre_event_iwv,False,offline_verification,CANDIDATE_CLOUDBURST,11
Bagdogra,11,ISRO0066_15F042(GOSSAIGAON),26.3908333,89.9405555,2013-01-06,47.0,T2,0.6809,COARSE,CLOUDBURST_CANDIDATE,L=0.681 | R_core=47.0mm | R_bg=15.0mm (nearest_proxy (524km)) | scale=COARSE | gradient: [ZC:41km=52.0mm] [ZC:139km=0.0mm] [ZC:167km=34.0mm] [ZC:178km=0.0mm] [ZC:302km=60.0mm] [ZC:331km=260.0mm] [ZC:423km=1.0mm] [ZC:428km=0.0mm] [ZC:441km=149.0mm] [ZC:473km=336.0mm] [ZC:524km=15.0mm],False,insufficient_pre_event_iwv,False,offline_verification,CANDIDATE_CLOUDBURST,11
Guwahati,13,ISRO0062_15F03E(LAKHIMPUR),27.2041666,94.1069444,2013-01-06,1.0,NORMAL,0.0,N/A,NORMAL,,False,,False,,NORMAL,0
Guwahati,13,ISRO1071_15F42F(Ananda),27.44861,94.22945,2013-01-06,149.0,T1,0.651,COARSE,CLOUDBURST_CANDIDATE,L=0.651 | R_core=149.0mm | R_bg=52.0mm (nearest_proxy (452km)) | scale=COARSE | gradient: [ZC:30km=1.0mm] [ZC:32km=336.0mm] [ZC:80km=0.0mm] [ZC:85km=15.0mm] [ZC:167km=60.0mm] [ZC:216km=260.0mm] [ZC:283km=34.0mm] [ZC:285km=0.0mm] [ZC:308km=0.0mm] [ZC:441km=47.0mm] [ZC:452km=52.0mm],False,insufficient_pre_event_iwv,False,offline_verification,CANDIDATE_CLOUDBURST,11
Guwahati,13,ISRO1102_15F44E(North Guwhathi College. North Guwhathi),26.202223,91.715836,2013-01-06,0.0,NORMAL,0.0,N/A,NORMAL,,False,,False,,NORMAL,0
Guwahati,13,ISRO1074_15F432(Salonah),26.445833,92.975,2013-01-06,60.0,T2,0.1333,COARSE,WIDESPREAD_HEAVY_RAIN,L=0.133 | R_core=60.0mm | R_bg=52.0mm (nearest_proxy (303km)) | scale=COARSE | gradient: [ZC:80km=260.0mm] [ZC:128km=0.0mm] [ZC:128km=0.0mm] [ZC:136km=34.0mm] [ZC:140km=1.0mm] [ZC:163km=0.0mm] [ZC:167km=149.0mm] [ZC:194km=336.0mm] [ZC:238km=15.0mm] [ZC:302km=47.0mm] [ZC:303km=52.0mm],False,insufficient_pre_event_iwv,False,offline_verification,WIDESPREAD_HEAVY_RAIN,11
Guwahati,13,ISRO0076_15F04C(Dhubri),26.023333,89.96917,2013-01-06,52.0,T2,0.7115,COARSE,CLOUDBURST_CANDIDATE,L=0.712 | R_core=52.0mm | R_bg=15.0mm (nearest_proxy (533km)) | scale=COARSE | gradient: [ZC:41km=47.0mm] [ZC:144km=0.0mm] [ZC:170km=34.0mm] [ZC:176km=0.0mm] [ZC:303km=60.0mm] [ZC:322km=260.0mm] [ZC:431km=0.0mm] [ZC:432km=1.0mm] [ZC:452km=149.0mm] [ZC:483km=336.0mm] [ZC:533km=15.0mm],False,insufficient_pre_event_iwv,False,offline_verification,CANDIDATE_CLOUDBURST,11
Guwahati,13,ISRO0067_15F043(NALBARI),26.4358333,91.335,2013-01-06,0.0,NORMAL,0.0,N/A,NORMAL,,False,,False,,NORMAL,0
Guwahati,13,ISRO1106_15F452(Rangiya Degree College. Rangiya),26.426945,91.61389,2013-01-06,34.0,T2,0.5588,COARSE,CLOUDBURST_CANDIDATE,L=0.559 | R_core=34.0mm | R_bg=15.0mm (nearest_proxy (363km)) | scale=COARSE | gradient: [ZC:27km=0.0mm] [ZC:28km=0.0mm] [ZC:136km=60.0mm] [ZC:167km=47.0mm] [ZC:170km=52.0mm] [ZC:173km=260.0mm] [ZC:262km=0.0mm] [ZC:262km=1.0mm] [ZC:283km=149.0mm] [ZC:314km=336.0mm] [ZC:363km=15.0mm],False,insufficient_pre_event_iwv,False,offline_verification,CANDIDATE_CLOUDBURST,11
Guwahati,13,ISRO1069_15F42D(TRA. Dikom),27.466667,95.08889,2013-01-06,15.0,NORMAL,0.0,N/A,NORMAL,,False,,False,,NORMAL,0
Guwahati,13,ISRO1068_15F42C(TRA. Jorhat),26.730833,94.22667,2013-01-07,0.0,NORMAL,0.0,N/A,NORMAL,,False,,False,,NORMAL,0
Guwahati,13,ISRO0067_15F043(NALBARI),26.4358333,91.335,2013-01-07,0.0,NORMAL,0.0,N/A,NORMAL,,False,,False,,NORMAL,0
Guwahati,13,ISRO1069_15F42D(TRA. Dikom),27.466667,95.08889,2013-01-07,1.0,NORMAL,0.0,N/A,NORMAL,,False,,False,,NORMAL,0
Guwahati,13,ISRO1071_15F42F(Ananda),27.44861,94.22945,2013-01-07,14.0,NORMAL,0.0,N/A,NORMAL,,False,,False,,NORMAL,0
Guwahati,13,ISRO1102_15F44E(North Guwhathi College. North Guwhathi),26.202223,91.715836,2013-01-07,0.0,NORMAL,0.0,N/A,NORMAL,,False,,False,,NORMAL,0
Lengpui,12,ISRO0069_15F045(ARUNACHAL),24.8541666,92.7388888,2013-01-07,115.0,T1,0.9913,COARSE,CLOUDBURST_CANDIDATE,L=0.991 | R_core=115.0mm | R_bg=1.0mm (nearest_proxy (373km)) | scale=COARSE | gradient: [ZC:109km=191.0mm] [ZC:179km=79.0mm] [ZC:182km=0.0mm] [ZC:208km=75.0mm] [ZC:225km=0.0mm] [ZC:256km=0.0mm] [ZC:295km=0.0mm] [ZC:307km=26.0mm] [ZC:325km=14.0mm] [ZC:373km=1.0mm],False,insufficient_pre_event_iwv,False,offline_verification,CANDIDATE_CLOUDBURST,10
Guwahati,13,ISRO0062_15F03E(LAKHIMPUR),27.2041666,94.1069444,2013-01-07,0.0,NORMAL,0.0,N/A,NORMAL,,False,,False,,NORMAL,0
Guwahati,13,ISRO1106_15F452(Rangiya Degree College. Rangiya),26.426945,91.61389,2013-01-07,75.0,T2,0.9867,COARSE,CLOUDBURST_CANDIDATE,L=0.987 | R_core=75.0mm | R_bg=1.0mm (nearest_proxy (363km)) | scale=COARSE | gradient: [ZC:27km=0.0mm] [ZC:28km=0.0mm] [ZC:136km=79.0mm] [ZC:170km=26.0mm] [ZC:173km=191.0mm] [ZC:208km=115.0mm] [ZC:262km=0.0mm] [ZC:262km=0.0mm] [ZC:283km=14.0mm] [ZC:363km=1.0mm],False,insufficient_pre_event_iwv,False,offline_verification,CANDIDATE_CLOUDBURST,10
Guwahati,13,ISRO1112_15F458(President. Gharowa. Lumding),25.751112,93.178055,2013-01-07,191.0,T1,0.8639,COARSE,CLOUDBURST_CANDIDATE,L=0.864 | R_core=191.0mm | R_bg=26.0mm (nearest_proxy (322km)) | scale=COARSE | gradient: [ZC:80km=79.0mm] [ZC:109km=115.0mm] [ZC:151km=0.0mm] [ZC:155km=0.0mm] [ZC:173km=75.0mm] [ZC:186km=0.0mm] [ZC:199km=0.0mm] [ZC:216km=14.0mm] [ZC:269km=1.0mm] [ZC:322km=26.0mm],False,insufficient_pre_event_iwv,False,offline_verification,CANDIDATE_CLOUDBURST,10
Guwahati,13,ISRO1074_15F432(Salonah),26.445833,92.975,2013-01-07,79.0,T2,0.6709,COARSE,CLOUDBURST_CANDIDATE,L=0.671 | R_core=79.0mm | R_bg=26.0mm (nearest_proxy (303km)) | scale=COARSE | gradient: [ZC:80km=191.0mm] [ZC:128km=0.0mm] [ZC:128km=0.0mm] [ZC:136km=75.0mm] [ZC:140km=0.0mm] [ZC:163km=0.0mm] [ZC:167km=14.0mm] [ZC:179km=115.0mm] [ZC:238km=1.0mm] [ZC:303km=26.0mm],False,insufficient_pre_event_iwv,False,offline_verification,CANDIDATE_CLOUDBURST,10
Guwahati,13,ISRO0076_15F04C(Dhubri),26.023333,89.96917,2013-01-07,26.0,NORMAL,0.0,N/A,NORMAL,,False,,False,,NORMAL,0
Guwahati,13,ISRO0067_15F043(NALBARI),26.4358333,91.335,2013-01-08,0.0,NORMAL,0.0,N/A,NORMAL,,False,,False,,NORMAL,0
Guwahati,13,ISRO1102_15F44E(North Guwhathi College. North Guwhathi),26.202223,91.715836,2013-01-08,0.0,NORMAL,0.0,N/A,NORMAL,,False,,False,,NORMAL,0
Bagdogra,11,ISRO0066_15F042(GOSSAIGAON),26.3908333,89.9405555,2013-01-08,11.0,NORMAL,0.0,N/A,NORMAL,,False,,False,,NORMAL,0
Guwahati,13,ISRO1068_15F42C(TRA. Jorhat),26.730833,94.22667,2013-01-08,0.0,NORMAL,0.0,N/A,NORMAL,,False,,False,,NORMAL,0
Guwahati,13,ISRO1106_15F452(Rangiya Degree College. Rangiya),26.426945,91.61389,2013-01-08,124.0,T1,0.9597,COARSE,CLOUDBURST_CANDIDATE,L=0.960 | R_core=124.0mm | R_bg=5.0mm (nearest_proxy (363km)) | scale=COARSE | gradient: [ZC:27km=0.0mm] [ZC:28km=0.0mm] [ZC:136km=59.0mm] [ZC:167km=11.0mm] [ZC:170km=6.0mm] [ZC:208km=368.0mm] [ZC:262km=0.0mm] [ZC:262km=0.0mm] [ZC:283km=4.0mm] [ZC:314km=400.0mm] [ZC:363km=5.0mm],False,insufficient_pre_event_iwv,False,offline_verification,CANDIDATE_CLOUDBURST,11
Lengpui,12,ISRO0069_15F045(ARUNACHAL),24.8541666,92.7388888,2013-01-08,368.0,T1,0.9864,COARSE,CLOUDBURST_CANDIDATE,L=0.986 | R_core=368.0mm | R_bg=5.0mm (nearest_proxy (373km)) | scale=COARSE | gradient: [ZC:179km=59.0mm] [ZC:182km=0.0mm] [ZC:208km=124.0mm] [ZC:225km=0.0mm] [ZC:256km=0.0mm] [ZC:295km=0.0mm] [ZC:307km=6.0mm] [ZC:325km=4.0mm] [ZC:328km=11.0mm] [ZC:343km=400.0mm] [ZC:373km=5.0mm],False,insufficient_pre_event_iwv,False,offline_verification,CANDIDATE_CLOUDBURST,11
Guwahati,13,ISRO1071_15F42F(Ananda),27.44861,94.22945,2013-01-08,4.0,NORMAL,0.0,N/A,NORMAL,,False,,False,,NORMAL,0
Guwahati,13,ISRO1074_15F432(Salonah),26.445833,92.975,2013-01-08,59.0,T2,0.8983,COARSE,CLOUDBURST_CANDIDATE,L=0.898 | R_core=59.0mm | R_bg=6.0mm (nearest_proxy (303km)) | scale=COARSE | gradient: [ZC:128km=0.0mm] [ZC:128km=0.0mm] [ZC:136km=124.0mm] [ZC:140km=0.0mm] [ZC:163km=0.0mm] [ZC:167km=4.0mm] [ZC:179km=368.0mm] [ZC:194km=400.0mm] [ZC:238km=5.0mm] [ZC:302km=11.0mm] [ZC:303km=6.0mm],False,insufficient_pre_event_iwv,False,offline_verification,CANDIDATE_CLOUDBURST,11
Guwahati,13,ISRO0076_15F04C(Dhubri),26.023333,89.96917,2013-01-08,6.0,NORMAL,0.0,N/A,NORMAL,,False,,False,,NORMAL,0
Guwahati,13,ISRO1069_15F42D(TRA. Dikom),27.466667,95.08889,2013-01-08,5.0,NORMAL,0.0,N/A,NORMAL,,False,,False,,NORMAL,0
Guwahati,13,ISRO0062_15F03E(LAKHIMPUR),27.2041666,94.1069444,2013-01-08,0.0,NORMAL,0.0,N/A,NORMAL,,False,,False,,NORMAL,0
Guwahati,13,ISRO1104_15F450(Dhemaji Degree College. Dhemaji),27.475555,94.55167,2013-01-08,400.0,T1,0.985,COARSE,CLOUDBURST_CANDIDATE,L=0.985 | R_core=400.0mm | R_bg=6.0mm (nearest_proxy (483km)) | scale=COARSE | gradient: [ZC:32km=4.0mm] [ZC:53km=5.0mm] [ZC:53km=0.0mm] [ZC:89km=0.0mm] [ZC:194km=59.0mm] [ZC:314km=124.0mm] [ZC:315km=0.0mm] [ZC:339km=0.0mm] [ZC:343km=368.0mm] [ZC:473km=11.0mm] [ZC:483km=6.0mm],False,insufficient_pre_event_iwv,False,offline_verification,CANDIDATE_CLOUDBURST,11
Guwahati,13,ISRO0076_15F04C(Dhubri),26.023333,89.96917,2013-01-09,0.0,NORMAL,0.0,N/A,NORMAL,,False,,False,,NORMAL,0
Guwahati,13,ISRO1071_15F42F(Ananda),27.44861,94.22945,2013-01-09,0.0,NORMAL,0.0,N/A,NORMAL,,False,,False,,NORMAL,0
Guwahati,13,ISRO1106_15F452(Rangiya Degree College. Rangiya),26.426945,91.61389,2013-01-09,0.0,NORMAL,0.0,N/A,NORMAL,,False,,False,,NORMAL,0
Lengpui,12,ISRO0069_15F045(ARUNACHAL),24.8541666,92.7388888,2013-01-09,0.0,NORMAL,0.0,N/A,NORMAL,,False,,False,,NORMAL,0
Guwahati,13,ISRO1112_15F458(President. Gharowa. Lumding),25.751112,93.178055,2013-01-09,0.0,NORMAL,0.0,N/A,NORMAL,,False,,False,,NORMAL,0
Bagdogra,11,ISRO0066_15F042(GOSSAIGAON),26.3908333,89.9405555,2013-01-09,0.0,NORMAL,0.0,N/A,NORMAL,,False,,False,,NORMAL,0
Guwahati,13,ISRO1069_15F42D(TRA. Dikom),27.466667,95.08889,2013-01-09,0.0,NORMAL,0.0,N/A,NORMAL,,False,,False,,NORMAL,0
Guwahati,13,ISRO1074_15F432(Salonah),26.445833,92.975,2013-01-09,0.0,NORMAL,0.0,N/A,NORMAL,,False,,False,,NORMAL,0
Guwahati,13,ISRO1104_15F450(Dhemaji Degree College. Dhemaji),27.475555,94.55167,2013-01-09,0.0,NORMAL,0.0,N/A,NORMAL,,False,,False,,NORMAL,0
Guwahati,13,ISRO0062_15F03E(LAKHIMPUR),27.2041666,94.1069444,2013-01-09,0.0,NORMAL,0.0,N/A,NORMAL,,False,,False,,NORMAL,0
Lengpui,12,ISRO0069_15F045(ARUNACHAL),24.8541666,92.7388888,2013-01-10,0.0,NORMAL,0.0,N/A,NORMAL,,False,,False,,NORMAL,0
Guwahati,13,ISRO1069_15F42D(TRA. Dikom),27.466667,95.08889,2013-01-10,75.0,T2,0.88,COARSE,CLOUDBURST_CANDIDATE,L=0.880 | R_core=75.0mm | R_bg=9.0mm (nearest_proxy (533km)) | scale=COARSE | gradient: [ZC:85km=48.0mm] [ZC:101km=0.0mm] [ZC:269km=136.0mm] [ZC:373km=0.0mm] [ZC:524km=400.0mm] [ZC:533km=9.0mm],False,insufficient_pre_event_iwv,False,offline_verification,CANDIDATE_CLOUDBURST,6
Guwahati,13,ISRO0062_15F03E(LAKHIMPUR),27.2041666,94.1069444,2013-01-10,0.0,NORMAL,0.0,N/A,NORMAL,,False,,False,,NORMAL,0
Guwahati,13,ISRO0076_15F04C(Dhubri),26.023333,89.96917,2013-01-10,9.0,NORMAL,0.0,N/A,NORMAL,,False,,False,,NORMAL,0
Guwahati,13,ISRO1071_15F42F(Ananda),27.44861,94.22945,2013-01-10,48.0,T2,0.8125,COARSE,CLOUDBURST_CANDIDATE,L=0.812 | R_core=48.0mm | R_bg=9.0mm (nearest_proxy (452km)) | scale=COARSE | gradient: [ZC:30km=0.0mm] [ZC:85km=75.0mm] [ZC:216km=136.0mm] [ZC:325km=0.0mm] [ZC:441km=400.0mm] [ZC:452km=9.0mm],False,insufficient_pre_event_iwv,False,offline_verification,CANDIDATE_CLOUDBURST,6
Guwahati,13,ISRO1112_15F458(President. Gharowa. Lumding),25.751112,93.178055,2013-01-10,136.0,T1,0.0,COARSE,WIDESPREAD_HEAVY_RAIN,L=0.000 | R_core=136.0mm | R_bg=400.0mm (nearest_proxy (331km)) | scale=COARSE | gradient: [ZC:109km=0.0mm] [ZC:186km=0.0mm] [ZC:216km=48.0mm] [ZC:269km=75.0mm] [ZC:322km=9.0mm] [ZC:331km=400.0mm],False,insufficient_pre_event_iwv,False,offline_verification,WIDESPREAD_HEAVY_RAIN,6
Bagdogra,11,ISRO0066_15F042(GOSSAIGAON),26.3908333,89.9405555,2013-01-10,400.0,T1,0.8125,COARSE,CLOUDBURST_CANDIDATE,L=0.812 | R_core=400.0mm | R_bg=75.0mm (nearest_proxy (524km)) | scale=COARSE | gradient: [ZC:41km=9.0mm] [ZC:328km=0.0mm] [ZC:331km=136.0mm] [ZC:423km=0.0mm] [ZC:441km=48.0mm] [ZC:524km=75.0mm],False,insufficient_pre_event_iwv,False,offline_verification,CANDIDATE_CLOUDBURST,6
Bagdogra,11,ISRO0066_15F042(GOSSAIGAON),26.3908333,89.9405555,2013-01-11,89.0,T2,0.0,COARSE,WIDESPREAD_HEAVY_RAIN,L=0.000 | R_core=89.0mm | R_bg=103.0mm (nearest_proxy (524km)) | scale=COARSE | gradient: [ZC:41km=7.0mm] [ZC:139km=120.0mm] [ZC:167km=122.0mm] [ZC:178km=400.0mm] [ZC:302km=51.0mm] [ZC:328km=0.0mm] [ZC:331km=101.0mm] [ZC:423km=0.0mm] [ZC:441km=54.0mm] [ZC:473km=75.0mm] [ZC:524km=103.0mm],False,insufficient_pre_event_iwv,False,offline_verification,WIDESPREAD_HEAVY_RAIN,11
Guwahati,13,ISRO0067_15F043(NALBARI),26.4358333,91.335,2013-01-11,120.0,T1,0.1417,COARSE,WIDESPREAD_HEAVY_RAIN,L=0.142 | R_core=120.0mm | R_bg=103.0mm (nearest_proxy (389km)) | scale=COARSE | gradient: [ZC:28km=122.0mm] [ZC:46km=400.0mm] [ZC:139km=89.0mm] [ZC:144km=7.0mm] [ZC:163km=51.0mm] [ZC:199km=101.0mm] [ZC:225km=0.0mm] [ZC:288km=0.0mm] [ZC:308km=54.0mm] [ZC:339km=75.0mm] [ZC:389km=103.0mm],False,insufficient_pre_event_iwv,False,offline_verification,WIDESPREAD_HEAVY_RAIN,11
Guwahati,13,ISRO1112_15F458(President. Gharowa. Lumding),25.751112,93.178055,2013-01-11,101.0,T1,0.1188,COARSE,WIDESPREAD_HEAVY_RAIN,L=0.119 | R_core=101.0mm | R_bg=89.0mm (nearest_proxy (331km)) | scale=COARSE | gradient: [ZC:80km=51.0mm] [ZC:109km=0.0mm] [ZC:155km=400.0mm] [ZC:173km=122.0mm] [ZC:186km=0.0mm] [ZC:199km=120.0mm] [ZC:216km=54.0mm] [ZC:235km=75.0mm] [ZC:269km=103.0mm] [ZC:322km=7.0mm] [ZC:331km=89.0mm],False,insufficient_pre_event_iwv,False,offline_verification,WIDESPREAD_HEAVY_RAIN,11
Guwahati,13,ISRO1106_15F452(Rangiya Degree College. Rangiya),26.426945,91.61389,2013-01-11,122.0,T1,0.1557,COARSE,WIDESPREAD_HEAVY_RAIN,L=0.156 | R_core=122.0mm | R_bg=103.0mm (nearest_proxy (363km)) | scale=COARSE | gradient: [ZC:27km=400.0mm] [ZC:28km=120.0mm] [ZC:136km=51.0mm] [ZC:167km=89.0mm] [ZC:170km=7.0mm] [ZC:173km=101.0mm] [ZC:208km=0.0mm] [ZC:262km=0.0mm] [ZC:283km=54.0mm] [ZC:314km=75.0mm] [ZC:363km=103.0mm],False,insufficient_pre_event_iwv,False,offline_verification,WIDESPREAD_HEAVY_RAIN,11
Guwahati,13,ISRO0076_15F04C(Dhubri),26.023333,89.96917,2013-01-11,7.0,NORMAL,0.0,N/A,NORMAL,,False,,False,,NORMAL,0
Lengpui,12,ISRO0069_15F045(ARUNACHAL),24.8541666,92.7388888,2013-01-11,0.0,NORMAL,0.0,N/A,NORMAL,,False,,False,,NORMAL,0
Guwahati,13,ISRO1069_15F42D(TRA. Dikom),27.466667,95.08889,2013-01-11,103.0,T1,0.932,COARSE,CLOUDBURST_CANDIDATE,L=0.932 | R_core=103.0mm | R_bg=7.0mm (nearest_proxy (533km)) | scale=COARSE | gradient: [ZC:53km=75.0mm] [ZC:85km=54.0mm] [ZC:101km=0.0mm] [ZC:238km=51.0mm] [ZC:269km=101.0mm] [ZC:363km=400.0mm] [ZC:363km=122.0mm] [ZC:373km=0.0mm] [ZC:389km=120.0mm] [ZC:524km=89.0mm] [ZC:533km=7.0mm],False,insufficient_pre_event_iwv,False,offline_verification,CANDIDATE_CLOUDBURST,11
Guwahati,13,ISRO1071_15F42F(Ananda),27.44861,94.22945,2013-01-11,54.0,T2,0.8704,COARSE,CLOUDBURST_CANDIDATE,L=0.870 | R_core=54.0mm | R_bg=7.0mm (nearest_proxy (452km)) | scale=COARSE | gradient: [ZC:30km=0.0mm] [ZC:32km=75.0mm] [ZC:85km=103.0mm] [ZC:167km=51.0mm] [ZC:216km=101.0mm] [ZC:283km=122.0mm] [ZC:285km=400.0mm] [ZC:308km=120.0mm] [ZC:325km=0.0mm] [ZC:441km=89.0mm] [ZC:452km=7.0mm],False,insufficient_pre_event_iwv,False,offline_verification,CANDIDATE_CLOUDBURST,11
Guwahati,13,ISRO0062_15F03E(LAKHIMPUR),27.2041666,94.1069444,2013-01-11,0.0,NORMAL,0.0,N/A,NORMAL,,False,,False,,NORMAL,0
Guwahati,13,ISRO1074_15F432(Salonah),26.445833,92.975,2013-01-11,51.0,T2,0.8627,COARSE,CLOUDBURST_CANDIDATE,L=0.863 | R_core=51.0mm | R_bg=7.0mm (nearest_proxy (303km)) | scale=COARSE | gradient: [ZC:80km=101.0mm] [ZC:128km=400.0mm] [ZC:136km=122.0mm] [ZC:140km=0.0mm] [ZC:163km=120.0mm] [ZC:167km=54.0mm] [ZC:179km=0.0mm] [ZC:194km=75.0mm] [ZC:238km=103.0mm] [ZC:302km=89.0mm] [ZC:303km=7.0mm],False,insufficient_pre_event_iwv,False,offline_verification,CANDIDATE_CLOUDBURST,11
Guwahati,13,ISRO1104_15F450(Dhemaji Degree College. Dhemaji),27.475555,94.55167,2013-01-11,75.0,T2,0.9067,COARSE,CLOUDBURST_CANDIDATE,L=0.907 | R_core=75.0mm | R_bg=7.0mm (nearest_proxy (483km)) | scale=COARSE | gradient: [ZC:32km=54.0mm] [ZC:53km=103.0mm] [ZC:53km=0.0mm] [ZC:194km=51.0mm] [ZC:235km=101.0mm] [ZC:314km=122.0mm] [ZC:315km=400.0mm] [ZC:339km=120.0mm] [ZC:343km=0.0mm] [ZC:473km=89.0mm] [ZC:483km=7.0mm],False,insufficient_pre_event_iwv,False,offline_verification,CANDIDATE_CLOUDBURST,11
Guwahati,13,ISRO1102_15F44E(North Guwhathi College. North Guwhathi),26.202223,91.715836,2013-01-11,400.0,T1,0.7425,COARSE,CLOUDBURST_CANDIDATE,L=0.743 | R_core=400.0mm | R_bg=103.0mm (nearest_proxy (363km)) | scale=COARSE | gradient: [ZC:27km=122.0mm] [ZC:46km=120.0mm] [ZC:128km=51.0mm] [ZC:155km=101.0mm] [ZC:176km=7.0mm] [ZC:178km=89.0mm] [ZC:182km=0.0mm] [ZC:262km=0.0mm] [ZC:285km=54.0mm] [ZC:315km=75.0mm] [ZC:363km=103.0mm],False,insufficient_pre_event_iwv,False,offline_verification,CANDIDATE_CLOUDBURST,11
Bagdogra,11,ISRO0066_15F042(GOSSAIGAON),26.3908333,89.9405555,2013-01-12,0.0,NORMAL,0.0,N/A,NORMAL,,False,,False,,NORMAL,0
Guwahati,13,ISRO1069_15F42D(TRA. Dikom),27.466667,95.08889,2013-01-12,0.0,NORMAL,0.0,N/A,NORMAL,,False,,False,,NORMAL,0
Guwahati,13,ISRO0062_15F03E(LAKHIMPUR),27.2041666,94.1069444,2013-01-12,0.0,NORMAL,0.0,N/A,NORMAL,,False,,False,,NORMAL,0
Guwahati,13,ISRO1112_15F458(President. Gharowa. Lumding),25.751112,93.178055,2013-01-12,9.0,NORMAL,0.0,N/A,NORMAL,,False,,False,,NORMAL,0
Guwahati,13,ISRO1104_15F450(Dhemaji Degree College. Dhemaji),27.475555,94.55167,2013-01-12,0.0,NORMAL,0.0,N/A,NORMAL,,False,,False,,NORMAL,0
Guwahati,13,ISRO0067_15F043(NALBARI),26.4358333,91.335,2013-01-12,0.0,NORMAL,0.0,N/A,NORMAL,,False,,False,,NORMAL,0
Guwahati,13,ISRO1106_15F452(Rangiya Degree College. Rangiya),26.426945,91.61389,2013-01-12,2.0,NORMAL,0.0,N/A,NORMAL,,False,,False,,NORMAL,0
Guwahati,13,ISRO1071_15F42F(Ananda),27.44861,94.22945,2013-01-12,4.0,NORMAL,0.0,N/A,NORMAL,,False,,False,,NORMAL,0
Guwahati,13,ISRO1102_15F44E(North Guwhathi College. North Guwhathi),26.202223,91.715836,2013-01-12,0.0,NORMAL,0.0,N/A,NORMAL,,False,,False,,NORMAL,0
Guwahati,13,ISRO1074_15F432(Salonah),26.445833,92.975,2013-01-12,0.0,NORMAL,0.0,N/A,NORMAL,,False,,False,,NORMAL,0
Guwahati,13,ISRO1068_15F42C(TRA. Jorhat),26.730833,94.22667,2013-01-12,0.0,NORMAL,0.0,N/A,NORMAL,,False,,False,,NORMAL,0
Guwahati,13,ISRO1112_15F458(President. Gharowa. Lumding),25.751112,93.178055,2013-01-13,0.0,NORMAL,0.0,N/A,NORMAL,,False,,False,,NORMAL,0
Guwahati,13,ISRO0076_15F04C(Dhubri),26.023333,89.96917,2013-01-13,0.0,NORMAL,0.0,N/A,NORMAL,,False,,False,,NORMAL,0
Guwahati,13,ISRO1071_15F42F(Ananda),27.44861,94.22945,2013-01-13,0.0,NORMAL,0.0,N/A,NORMAL,,False,,False,,NORMAL,0
Guwahati,13,ISRO1069_15F42D(TRA. Dikom),27.466667,95.08889,2013-01-13,0.0,NORMAL,0.0,N/A,NORMAL,,False,,False,,NORMAL,0
Guwahati,13,ISRO0062_15F03E(LAKHIMPUR),27.2041666,94.1069444,2013-01-13,0.0,NORMAL,0.0,N/A,NORMAL,,False,,False,,NORMAL,0
Guwahati,13,ISRO1074_15F432(Salonah),26.445833,92.975,2013-01-13,0.0,NORMAL,0.0,N/A,NORMAL,,False,,False,,NORMAL,0
Bagdogra,11,ISRO0066_15F042(GOSSAIGAON),26.3908333,89.9405555,2013-01-13,0.0,NORMAL,0.0,N/A,NORMAL,,False,,False,,NORMAL,0
Guwahati,13,ISRO0067_15F043(NALBARI),26.4358333,91.335,2013-01-13,0.0,NORMAL,0.0,N/A,NORMAL,,False,,False,,NORMAL,0
Guwahati,13,ISRO1104_15F450(Dhemaji Degree College. Dhemaji),27.475555,94.55167,2013-01-13,0.0,NORMAL,0.0,N/A,NORMAL,,False,,False,,NORMAL,0
Guwahati,13,ISRO1102_15F44E(North Guwhathi College. North Guwhathi),26.202223,91.715836,2013-01-13,0.0,NORMAL,0.0,N/A,NORMAL,,False,,False,,NORMAL,0
Lengpui,12,ISRO0069_15F045(ARUNACHAL),24.8541666,92.7388888,2013-01-13,0.0,NORMAL,0.0,N/A,NORMAL,,False,,False,,NORMAL,0
Guwahati,13,ISRO1068_15F42C(TRA. Jorhat),26.730833,94.22667,2013-01-13,0.0,NORMAL,0.0,N/A,NORMAL,,False,,False,,NORMAL,0
Guwahati,13,ISRO1106_15F452(Rangiya Degree College. Rangiya),26.426945,91.61389,2013-01-13,0.0,NORMAL,0.0,N/A,NORMAL,,False,,False,,NORMAL,0
Guwahati,13,ISRO0076_15F04C(Dhubri),26.023333,89.96917,2013-01-14,0.0,NORMAL,0.0,N/A,NORMAL,,False,,False,,NORMAL,0
Guwahati,13,ISRO1071_15F42F(Ananda),27.44861,94.22945,2013-01-14,0.0,NORMAL,0.0,N/A,NORMAL,,False,,False,,NORMAL,0
Bagdogra,11,ISRO0066_15F042(GOSSAIGAON),26.3908333,89.9405555,2013-01-14,0.0,NORMAL,0.0,N/A,NORMAL,,False,,False,,NORMAL,0
Lengpui,12,ISRO0069_15F045(ARUNACHAL),24.8541666,92.7388888,2013-01-14,0.0,NORMAL,0.0,N/A,NORMAL,,False,,False,,NORMAL,0
Guwahati,13,ISRO0067_15F043(NALBARI),26.4358333,91.335,2013-01-14,0.0,NORMAL,0.0,N/A,NORMAL,,False,,False,,NORMAL,0
Guwahati,13,ISRO1068_15F42C(TRA. Jorhat),26.730833,94.22667,2013-01-14,0.0,NORMAL,0.0,N/A,NORMAL,,False,,False,,NORMAL,0
Guwahati,13,ISRO1069_15F42D(TRA. Dikom),27.466667,95.08889,2013-01-14,0.0,NORMAL,0.0,N/A,NORMAL,,False,,False,,NORMAL,0
Guwahati,13,ISRO1112_15F458(President. Gharowa. Lumding),25.751112,93.178055,2013-01-14,0.0,NORMAL,0.0,N/A,NORMAL,,False,,False,,NORMAL,0
Guwahati,13,ISRO1102_15F44E(North Guwhathi College. North Guwhathi),26.202223,91.715836,2013-01-14,0.0,NORMAL,0.0,N/A,NORMAL,,False,,False,,NORMAL,0
Guwahati,13,ISRO1106_15F452(Rangiya Degree College. Rangiya),26.426945,91.61389,2013-01-14,0.0,NORMAL,0.0,N/A,NORMAL,,False,,False,,NORMAL,0
Guwahati,13,ISRO1074_15F432(Salonah),26.445833,92.975,2013-01-14,0.0,NORMAL,0.0,N/A,NORMAL,,False,,False,,NORMAL,0
Guwahati,13,ISRO0062_15F03E(LAKHIMPUR),27.2041666,94.1069444,2013-01-14,0.0,NORMAL,0.0,N/A,NORMAL,,False,,False,,NORMAL,0
Guwahati,13,ISRO1104_15F450(Dhemaji Degree College. Dhemaji),27.475555,94.55167,2013-01-14,0.0,NORMAL,0.0,N/A,NORMAL,,False,,False,,NORMAL,0
Guwahati,13,ISRO0076_15F04C(Dhubri),26.023333,89.96917,2013-01-15,0.0,NORMAL,0.0,N/A,NORMAL,,False,,False,,NORMAL,0
Guwahati,13,ISRO1068_15F42C(TRA. Jorhat),26.730833,94.22667,2013-01-15,0.0,NORMAL,0.0,N/A,NORMAL,,False,,False,,NORMAL,0
Guwahati,13,ISRO1112_15F458(President. Gharowa. Lumding),25.751112,93.178055,2013-01-15,0.0,NORMAL,0.0,N/A,NORMAL,,False,,False,,NORMAL,0
Guwahati,13,ISRO1106_15F452(Rangiya Degree College. Rangiya),26.426945,91.61389,2013-01-15,0.0,NORMAL,0.0,N/A,NORMAL,,False,,False,,NORMAL,0
Guwahati,13,ISRO1074_15F432(Salonah),26.445833,92.975,2013-01-15,0.0,NORMAL,0.0,N/A,NORMAL,,False,,False,,NORMAL,0
Bagdogra,11,ISRO0066_15F042(GOSSAIGAON),26.3908333,89.9405555,2013-01-15,0.0,NORMAL,0.0,N/A,NORMAL,,False,,False,,NORMAL,0
Guwahati,13,ISRO1104_15F450(Dhemaji Degree College. Dhemaji),27.475555,94.55167,2013-01-15,0.0,NORMAL,0.0,N/A,NORMAL,,False,,False,,NORMAL,0
Guwahati,13,ISRO0067_15F043(NALBARI),26.4358333,91.335,2013-01-15,0.0,NORMAL,0.0,N/A,NORMAL,,False,,False,,NORMAL,0
Guwahati,13,ISRO1071_15F42F(Ananda),27.44861,94.22945,2013-01-15,0.0,NORMAL,0.0,N/A,NORMAL,,False,,False,,NORMAL,0
Lengpui,12,ISRO0069_15F045(ARUNACHAL),24.8541666,92.7388888,2013-01-15,0.0,NORMAL,0.0,N/A,NORMAL,,False,,False,,NORMAL,0
Guwahati,13,ISRO1069_15F42D(TRA. Dikom),27.466667,95.08889,2013-01-15,0.0,NORMAL,0.0,N/A,NORMAL,,False,,False,,NORMAL,0
Guwahati,13,ISRO1102_15F44E(North Guwhathi College. North Guwhathi),26.202223,91.715836,2013-01-15,0.0,NORMAL,0.0,N/A,NORMAL,,False,,False,,NORMAL,0
Guwahati,13,ISRO1112_15F458(President. Gharowa. Lumding),25.751112,93.178055,2013-02-03,20.0,NORMAL,0.0,N/A,NORMAL,,False,,False,,NORMAL,0
Guwahati,13,ISRO1068_15F42C(TRA. Jorhat),26.730833,94.22667,2013-02-03,0.0,NORMAL,0.0,N/A,NORMAL,,False,,False,,NORMAL,0
Guwahati,13,ISRO1071_15F42F(Ananda),27.44861,94.22945,2013-02-03,16.0,NORMAL,0.0,N/A,NORMAL,,False,,False,,NORMAL,0
Guwahati,13,ISRO1102_15F44E(North Guwhathi College. North Guwhathi),26.202223,91.715836,2013-02-03,0.0,NORMAL,0.0,N/A,NORMAL,,False,,False,,NORMAL,0
Lengpui,12,ISRO0069_15F045(ARUNACHAL),24.8541666,92.7388888,2013-02-03,5.0,NORMAL,0.0,N/A,NORMAL,,False,,False,,NORMAL,0
Guwahati,13,ISRO1104_15F450(Dhemaji Degree College. Dhemaji),27.475555,94.55167,2013-02-03,8.0,NORMAL,0.0,N/A,NORMAL,,False,,False,,NORMAL,0
Guwahati,13,ISRO1069_15F42D(TRA. Dikom),27.466667,95.08889,2013-02-03,5.0,NORMAL,0.0,N/A,NORMAL,,False,,False,,NORMAL,0
Bagdogra,11,ISRO0066_15F042(GOSSAIGAON),26.3908333,89.9405555,2013-02-03,16.0,NORMAL,0.0,N/A,NORMAL,,False,,False,,NORMAL,0
Guwahati,13,ISRO1074_15F432(Salonah),26.445833,92.975,2013-02-03,7.0,NORMAL,0.0,N/A,NORMAL,,False,,False,,NORMAL,0
Guwahati,13,ISRO0076_15F04C(Dhubri),26.023333,89.96917,2013-02-03,14.0,NORMAL,0.0,N/A,NORMAL,,False,,False,,NORMAL,0
Guwahati,13,ISRO0067_15F043(NALBARI),26.4358333,91.335,2013-02-03,0.0,NORMAL,0.0,N/A,NORMAL,,False,,False,,NORMAL,0
Guwahati,13,ISRO1106_15F452(Rangiya Degree College. Rangiya),26.426945,91.61389,2013-02-03,12.0,NORMAL,0.0,N/A,NORMAL,,False,,False,,NORMAL,0
Guwahati,13,ISRO0062_15F03E(LAKHIMPUR),27.2041666,94.1069444,2013-02-03,4.0,NORMAL,0.0,N/A,NORMAL,,False,,False,,NORMAL,0
Guwahati,13,ISRO1074_15F432(Salonah),26.445833,92.975,2013-02-04,23.0,NORMAL,0.0,N/A,NORMAL,,False,,False,,NORMAL,0
Guwahati,13,ISRO1112_15F458(President. Gharowa. Lumding),25.751112,93.178055,2013-02-04,93.0,T2,0.8817,COARSE,CLOUDBURST_CANDIDATE,L=0.882 | R_core=93.0mm | R_bg=11.0mm (nearest_proxy (331km)) | scale=COARSE | gradient: [ZC:80km=23.0mm] [ZC:109km=81.0mm] [ZC:151km=0.0mm] [ZC:155km=0.0mm] [ZC:173km=16.0mm] [ZC:186km=49.0mm] [ZC:199km=0.0mm] [ZC:216km=88.0mm] [ZC:235km=116.0mm] [ZC:269km=41.0mm] [ZC:322km=6.0mm] [ZC:331km=11.0mm],False,insufficient_pre_event_iwv,False,offline_verification,CANDIDATE_CLOUDBURST,12
Guwahati,13,ISRO1104_15F450(Dhemaji Degree College. Dhemaji),27.475555,94.55167,2013-02-04,116.0,T1,0.9483,COARSE,CLOUDBURST_CANDIDATE,L=0.948 | R_core=116.0mm | R_bg=6.0mm (nearest_proxy (483km)) | scale=COARSE | gradient: [ZC:32km=88.0mm] [ZC:53km=41.0mm] [ZC:53km=49.0mm] [ZC:89km=0.0mm] [ZC:194km=23.0mm] [ZC:235km=93.0mm] [ZC:314km=16.0mm] [ZC:315km=0.0mm] [ZC:339km=0.0mm] [ZC:343km=81.0mm] [ZC:473km=11.0mm] [ZC:483km=6.0mm],False,insufficient_pre_event_iwv,False,offline_verification,CANDIDATE_CLOUDBURST,12
Guwahati,13,ISRO1069_15F42D(TRA. Dikom),27.466667,95.08889,2013-02-04,41.0,T2,0.8537,COARSE,CLOUDBURST_CANDIDATE,L=0.854 | R_core=41.0mm | R_bg=6.0mm (nearest_proxy (533km)) | scale=COARSE | gradient: [ZC:53km=116.0mm] [ZC:85km=88.0mm] [ZC:101km=49.0mm] [ZC:118km=0.0mm] [ZC:238km=23.0mm] [ZC:269km=93.0mm] [ZC:363km=0.0mm] [ZC:363km=16.0mm] [ZC:373km=81.0mm] [ZC:389km=0.0mm] [ZC:524km=11.0mm] [ZC:533km=6.0mm],False,insufficient_pre_event_iwv,False,offline_verification,CANDIDATE_CLOUDBURST,12
Guwahati,13,ISRO0067_15F043(NALBARI),26.4358333,91.335,2013-02-04,0.0,NORMAL,0.0,N/A,NORMAL,,False,,False,,NORMAL,0
Guwahati,13,ISRO1071_15F42F(Ananda),27.44861,94.22945,2013-02-04,88.0,T2,0.9318,COARSE,CLOUDBURST_CANDIDATE,L=0.932 | R_core=88.0mm | R_bg=6.0mm (nearest_proxy (452km)) | scale=COARSE | gradient: [ZC:30km=49.0mm] [ZC:32km=116.0mm] [ZC:80km=0.0mm] [ZC:85km=41.0mm] [ZC:167km=23.0mm] [ZC:216km=93.0mm] [ZC:283km=16.0mm] [ZC:285km=0.0mm] [ZC:308km=0.0mm] [ZC:325km=81.0mm] [ZC:441km=11.0mm] [ZC:452km=6.0mm],False,insufficient_pre_event_iwv,False,offline_verification,CANDIDATE_CLOUDBURST,12
Guwahati,13,ISRO1068_15F42C(TRA. Jorhat),26.730833,94.22667,2013-02-04,0.0,NORMAL,0.0,N/A,NORMAL,,False,,False,,NORMAL,0
Guwahati,13,ISRO0062_15F03E(LAKHIMPUR),27.2041666,94.1069444,2013-02-04,49.0,T2,0.8776,COARSE,CLOUDBURST_CANDIDATE,L=0.878 | R_core=49.0mm | R_bg=6.0mm (nearest_proxy (432km)) | scale=COARSE | gradient: [ZC:30km=88.0mm] [ZC:53km=116.0mm] [ZC:54km=0.0mm] [ZC:101km=41.0mm] [ZC:140km=23.0mm] [ZC:186km=93.0mm] [ZC:262km=16.0mm] [ZC:262km=0.0mm] [ZC:288km=0.0mm] [ZC:295km=81.0mm] [ZC:423km=11.0mm] [ZC:432km=6.0mm],False,insufficient_pre_event_iwv,False,offline_verification,CANDIDATE_CLOUDBURST,12
Lengpui,12,ISRO0069_15F045(ARUNACHAL),24.8541666,92.7388888,2013-02-04,81.0,T2,0.4938,COARSE,CLOUDBURST_CANDIDATE,L=0.494 | R_core=81.0mm | R_bg=41.0mm (nearest_proxy (373km)) | scale=COARSE | gradient: [ZC:109km=93.0mm] [ZC:179km=23.0mm] [ZC:182km=0.0mm] [ZC:208km=16.0mm] [ZC:225km=0.0mm] [ZC:256km=0.0mm] [ZC:295km=49.0mm] [ZC:307km=6.0mm] [ZC:325km=88.0mm] [ZC:328km=11.0mm] [ZC:343km=116.0mm] [ZC:373km=41.0mm],False,insufficient_pre_event_iwv,False,offline_verification,CANDIDATE_CLOUDBURST,12
Guwahati,13,ISRO1106_15F452(Rangiya Degree College. Rangiya),26.426945,91.61389,2013-02-04,16.0,NORMAL,0.0,N/A,NORMAL,,False,,False,,NORMAL,0
Bagdogra,11,ISRO0066_15F042(GOSSAIGAON),26.3908333,89.9405555,2013-02-04,11.0,NORMAL,0.0,N/A,NORMAL,,False,,False,,NORMAL,0
Guwahati,13,ISRO1102_15F44E(North Guwhathi College. North Guwhathi),26.202223,91.715836,2013-02-04,0.0,NORMAL,0.0,N/A,NORMAL,,False,,False,,NORMAL,0
Guwahati,13,ISRO1106_15F452(Rangiya Degree College. Rangiya),26.426945,91.61389,2013-02-05,57.0,T2,0.8246,COARSE,CLOUDBURST_CANDIDATE,L=0.825 | R_core=57.0mm | R_bg=10.0mm (nearest_proxy (363km)) | scale=COARSE | gradient: [ZC:27km=0.0mm] [ZC:28km=0.0mm] [ZC:136km=28.0mm] [ZC:167km=400.0mm] [ZC:170km=12.0mm] [ZC:173km=93.0mm] [ZC:208km=221.0mm] [ZC:262km=164.0mm] [ZC:262km=0.0mm] [ZC:283km=143.0mm] [ZC:314km=211.0mm] [ZC:363km=10.0mm],False,insufficient_pre_event_iwv,False,offline_verification,CANDIDATE_CLOUDBURST,12
Guwahati,13,ISRO1112_15F458(President. Gharowa. Lumding),25.751112,93.178055,2013-02-05,93.0,T2,0.0,COARSE,WIDESPREAD_HEAVY_RAIN,L=0.000 | R_core=93.0mm | R_bg=400.0mm (nearest_proxy (331km)) | scale=COARSE | gradient: [ZC:80km=28.0mm] [ZC:109km=221.0mm] [ZC:151km=164.0mm] [ZC:155km=0.0mm] [ZC:173km=57.0mm] [ZC:186km=0.0mm] [ZC:199km=0.0mm] [ZC:216km=143.0mm] [ZC:235km=211.0mm] [ZC:269km=10.0mm] [ZC:322km=12.0mm] [ZC:331km=400.0mm],False,insufficient_pre_event_iwv,False,offline_verification,WIDESPREAD_HEAVY_RAIN,12
Guwahati,13,ISRO1069_15F42D(TRA. Dikom),27.466667,95.08889,2013-02-05,10.0,NORMAL,0.0,N/A,NORMAL,,False,,False,,NORMAL,0
Guwahati,13,ISRO0067_15F043(NALBARI),26.4358333,91.335,2013-02-05,0.0,NORMAL,0.0,N/A,NORMAL,,False,,False,,NORMAL,0
Guwahati,13,ISRO0062_15F03E(LAKHIMPUR),27.2041666,94.1069444,2013-02-05,0.0,NORMAL,0.0,N/A,NORMAL,,False,,False,,NORMAL,0
Guwahati,13,ISRO1102_15F44E(North Guwhathi College. North Guwhathi),26.202223,91.715836,2013-02-05,0.0,NORMAL,0.0,N/A,NORMAL,,False,,False,,NORMAL,0
Guwahati,13,ISRO1071_15F42F(Ananda),27.44861,94.22945,2013-02-05,143.0,T1,0.9161,COARSE,CLOUDBURST_CANDIDATE,L=0.916 | R_core=143.0mm | R_bg=12.0mm (nearest_proxy (452km)) | scale=COARSE | gradient: [ZC:30km=0.0mm] [ZC:32km=211.0mm] [ZC:80km=164.0mm] [ZC:85km=10.0mm] [ZC:167km=28.0mm] [ZC:216km=93.0mm] [ZC:283km=57.0mm] [ZC:285km=0.0mm] [ZC:308km=0.0mm] [ZC:325km=221.0mm] [ZC:441km=400.0mm] [ZC:452km=12.0mm],False,insufficient_pre_event_iwv,False,offline_verification,CANDIDATE_CLOUDBURST,12
Guwahati,13,ISRO1074_15F432(Salonah),26.445833,92.975,2013-02-05,28.0,NORMAL,0.0,N/A,NORMAL,,False,,False,,NORMAL,0
Lengpui,12,ISRO0069_15F045(ARUNACHAL),24.8541666,92.7388888,2013-02-05,221.0,T1,0.9548,COARSE,CLOUDBURST_CANDIDATE,L=0.955 | R_core=221.0mm | R_bg=10.0mm (nearest_proxy (373km)) | scale=COARSE | gradient: [ZC:109km=93.0mm] [ZC:179km=28.0mm] [ZC:182km=0.0mm] [ZC:208km=57.0mm] [ZC:225km=0.0mm] [ZC:256km=164.0mm] [ZC:295km=0.0mm] [ZC:307km=12.0mm] [ZC:325km=143.0mm] [ZC:328km=400.0mm] [ZC:343km=211.0mm] [ZC:373km=10.0mm],False,insufficient_pre_event_iwv,False,offline_verification,CANDIDATE_CLOUDBURST,12
Guwahati,13,ISRO1068_15F42C(TRA. Jorhat),26.730833,94.22667,2013-02-05,164.0,T1,0.9268,COARSE,CLOUDBURST_CANDIDATE,L=0.927 | R_core=164.0mm | R_bg=12.0mm (nearest_proxy (431km)) | scale=COARSE | gradient: [ZC:54km=0.0mm] [ZC:80km=143.0mm] [ZC:89km=211.0mm] [ZC:118km=10.0mm] [ZC:128km=28.0mm] [ZC:151km=93.0mm] [ZC:256km=221.0mm] [ZC:257km=0.0mm] [ZC:262km=57.0mm] [ZC:289km=0.0mm] [ZC:428km=400.0mm] [ZC:431km=12.0mm],False,insufficient_pre_event_iwv,False,offline_verification,CANDIDATE_CLOUDBURST,12
Guwahati,13,ISRO1104_15F450(Dhemaji Degree College. Dhemaji),27.475555,94.55167,2013-02-05,211.0,T1,0.9431,COARSE,CLOUDBURST_CANDIDATE,L=0.943 | R_core=211.0mm | R_bg=12.0mm (nearest_proxy (483km)) | scale=COARSE | gradient: [ZC:32km=143.0mm] [ZC:53km=10.0mm] [ZC:53km=0.0mm] [ZC:89km=164.0mm] [ZC:194km=28.0mm] [ZC:235km=93.0mm] [ZC:314km=57.0mm] [ZC:315km=0.0mm] [ZC:339km=0.0mm] [ZC:343km=221.0mm] [ZC:473km=400.0mm] [ZC:483km=12.0mm],False,insufficient_pre_event_iwv,False,offline_verification,CANDIDATE_CLOUDBURST,12
Bagdogra,11,ISRO0066_15F042(GOSSAIGAON),26.3908333,89.9405555,2013-02-05,400.0,T1,0.975,COARSE,CLOUDBURST_CANDIDATE,L=0.975 | R_core=400.0mm | R_bg=10.0mm (nearest_proxy (524km)) | scale=COARSE | gradient: [ZC:41km=12.0mm] [ZC:139km=0.0mm] [ZC:167km=57.0mm] [ZC:178km=0.0mm] [ZC:302km=28.0mm] [ZC:328km=221.0mm] [ZC:331km=93.0mm] [ZC:423km=0.0mm] [ZC:428km=164.0mm] [ZC:441km=143.0mm] [ZC:473km=211.0mm] [ZC:524km=10.0mm],False,insufficient_pre_event_iwv,False,offline_verification,CANDIDATE_CLOUDBURST,12
Guwahati,13,ISRO1102_15F44E(North Guwhathi College. North Guwhathi),26.202223,91.715836,2013-02-06,0.0,NORMAL,0.0,N/A,NORMAL,,False,,False,,NORMAL,0
Guwahati,13,ISRO1071_15F42F(Ananda),27.44861,94.22945,2013-02-06,88.0,T2,0.3977,COARSE,WIDESPREAD_HEAVY_RAIN,L=0.398 | R_core=88.0mm | R_bg=53.0mm (nearest_proxy (452km)) | scale=COARSE | gradient: [ZC:30km=1.0mm] [ZC:32km=310.0mm] [ZC:80km=0.0mm] [ZC:85km=14.0mm] [ZC:167km=59.0mm] [ZC:216km=260.0mm] [ZC:283km=33.0mm] [ZC:285km=0.0mm] [ZC:308km=0.0mm] [ZC:441km=41.0mm] [ZC:452km=53.0mm],False,insufficient_pre_event_iwv,False,offline_verification,WIDESPREAD_HEAVY_RAIN,11
Guwahati,13,ISRO0062_15F03E(LAKHIMPUR),27.2041666,94.1069444,2013-02-06,1.0,NORMAL,0.0,N/A,NORMAL,,False,,False,,NORMAL,0
Guwahati,13,ISRO1074_15F432(Salonah),26.445833,92.975,2013-02-06,59.0,T2,0.1017,COARSE,WIDESPREAD_HEAVY_RAIN,L=0.102 | R_core=59.0mm | R_bg=53.0mm (nearest_proxy (303km)) | scale=COARSE | gradient: [ZC:80km=260.0mm] [ZC:128km=0.0mm] [ZC:128km=0.0mm] [ZC:136km=33.0mm] [ZC:140km=1.0mm] [ZC:163km=0.0mm] [ZC:167km=88.0mm] [ZC:194km=310.0mm] [ZC:238km=14.0mm] [ZC:302km=41.0mm] [ZC:303km=53.0mm],False,insufficient_pre_event_iwv,False,offline_verification,WIDESPREAD_HEAVY_RAIN,11
Guwahati,13,ISRO1104_15F450(Dhemaji Degree College. Dhemaji),27.475555,94.55167,2013-02-06,310.0,T1,0.829,COARSE,CLOUDBURST_CANDIDATE,L=0.829 | R_core=310.0mm | R_bg=53.0mm (nearest_proxy (483km)) | scale=COARSE | gradient: [ZC:32km=88.0mm] [ZC:53km=14.0mm] [ZC:53km=1.0mm] [ZC:89km=0.0mm] [ZC:194km=59.0mm] [ZC:235km=260.0mm] [ZC:314km=33.0mm] [ZC:315km=0.0mm] [ZC:339km=0.0mm] [ZC:473km=41.0mm] [ZC:483km=53.0mm],False,insufficient_pre_event_iwv,False,offline_verification,CANDIDATE_CLOUDBURST,11
Guwahati,13,ISRO1112_15F458(President. Gharowa. Lumding),25.751112,93.178055,2013-02-06,260.0,T1,0.8423,COARSE,CLOUDBURST_CANDIDATE,L=0.842 | R_core=260.0mm | R_bg=41.0mm (nearest_proxy (331km)) | scale=COARSE | gradient: [ZC:80km=59.0mm] [ZC:151km=0.0mm] [ZC:155km=0.0mm] [ZC:173km=33.0mm] [ZC:186km=1.0mm] [ZC:199km=0.0mm] [ZC:216km=88.0mm] [ZC:235km=310.0mm] [ZC:269km=14.0mm] [ZC:322km=53.0mm] [ZC:331km=41.0mm],False,insufficient_pre_event_iwv,False,offline_verification,CANDIDATE_CLOUDBURST,11
Guwahati,13,ISRO1069_15F42D(TRA. Dikom),27.466667,95.08889,2013-02-06,14.0,NORMAL,0.0,N/A,NORMAL,,False,,False,,NORMAL,0
Guwahati,13,ISRO0067_15F043(NALBARI),26.4358333,91.335,2013-02-06,0.0,NORMAL,0.0,N/A,NORMAL,,False,,False,,NORMAL,0
Guwahati,13,ISRO0076_15F04C(Dhubri),26.023333,89.96917,2013-02-06,53.0,T2,0.7358,COARSE,CLOUDBURST_CANDIDATE,L=0.736 | R_core=53.0mm | R_bg=14.0mm (nearest_proxy (533km)) | scale=COARSE | gradient: [ZC:41km=41.0mm] [ZC:144km=0.0mm] [ZC:170km=33.0mm] [ZC:176km=0.0mm] [ZC:303km=59.0mm] [ZC:322km=260.0mm] [ZC:431km=0.0mm] [ZC:432km=1.0mm] [ZC:452km=88.0mm] [ZC:483km=310.0mm] [ZC:533km=14.0mm],False,insufficient_pre_event_iwv,False,offline_verification,CANDIDATE_CLOUDBURST,11
Guwahati,13,ISRO1068_15F42C(TRA. Jorhat),26.730833,94.22667,2013-02-06,0.0,NORMAL,0.0,N/A,NORMAL,,False,,False,,NORMAL,0
Guwahati,13,ISRO1106_15F452(Rangiya Degree College. Rangiya),26.426945,91.61389,2013-02-06,33.0,T2,0.5758,COARSE,CLOUDBURST_CANDIDATE,L=0.576 | R_core=33.0mm | R_bg=14.0mm (nearest_proxy (363km)) | scale=COARSE | gradient: [ZC:27km=0.0mm] [ZC:28km=0.0mm] [ZC:136km=59.0mm] [ZC:167km=41.0mm] [ZC:170km=53.0mm] [ZC:173km=260.0mm] [ZC:262km=0.0mm] [ZC:262km=1.0mm] [ZC:283km=88.0mm] [ZC:314km=310.0mm] [ZC:363km=14.0mm],False,insufficient_pre_event_iwv,False,offline_verification,CANDIDATE_CLOUDBURST,11
Bagdogra,11,ISRO0066_15F042(GOSSAIGAON),26.3908333,89.9405555,2013-02-06,41.0,T2,0.6585,COARSE,CLOUDBURST_CANDIDATE,L=0.659 | R_core=41.0mm | R_bg=14.0mm (nearest_proxy (524km)) | scale=COARSE | gradient: [ZC:41km=53.0mm] [ZC:139km=0.0mm] [ZC:167km=33.0mm] [ZC:178km=0.0mm] [ZC:302km=59.0mm] [ZC:331km=260.0mm] [ZC:423km=1.0mm] [ZC:428km=0.0mm] [ZC:441km=88.0mm] [ZC:473km=310.0mm] [ZC:524km=14.0mm],False,insufficient_pre_event_iwv,False,offline_verification,CANDIDATE_CLOUDBURST,11
Guwahati,13,ISRO1074_15F432(Salonah),26.445833,92.975,2013-02-07,81.0,T2,0.679,COARSE,CLOUDBURST_CANDIDATE,L=0.679 | R_core=81.0mm | R_bg=26.0mm (nearest_proxy (303km)) | scale=COARSE | gradient: [ZC:80km=191.0mm] [ZC:128km=0.0mm] [ZC:128km=0.0mm] [ZC:136km=135.0mm] [ZC:140km=0.0mm] [ZC:163km=0.0mm] [ZC:167km=14.0mm] [ZC:179km=124.0mm] [ZC:238km=1.0mm] [ZC:303km=26.0mm],False,insufficient_pre_event_iwv,False,offline_verification,CANDIDATE_CLOUDBURST,10
Guwahati,13,ISRO0076_15F04C(Dhubri),26.023333,89.96917,2013-02-07,26.0,NORMAL,0.0,N/A,NORMAL,,False,,False,,NORMAL,0
Guwahati,13,ISRO0067_15F043(NALBARI),26.4358333,91.335,2013-02-07,0.0,NORMAL,0.0,N/A,NORMAL,,False,,False,,NORMAL,0
Lengpui,12,ISRO0069_15F045(ARUNACHAL),24.8541666,92.7388888,2013-02-07,124.0,T1,0.9919,COARSE,CLOUDBURST_CANDIDATE,L=0.992 | R_core=124.0mm | R_bg=1.0mm (nearest_proxy (373km)) | scale=COARSE | gradient: [ZC:109km=191.0mm] [ZC:179km=81.0mm] [ZC:182km=0.0mm] [ZC:208km=135.0mm] [ZC:225km=0.0mm] [ZC:256km=0.0mm] [ZC:295km=0.0mm] [ZC:307km=26.0mm] [ZC:325km=14.0mm] [ZC:373km=1.0mm],False,insufficient_pre_event_iwv,False,offline_verification,CANDIDATE_CLOUDBURST,10
Guwahati,13,ISRO1068_15F42C(TRA. Jorhat),26.730833,94.22667,2013-02-07,0.0,NORMAL,0.0,N/A,NORMAL,,False,,False,,NORMAL,0
Guwahati,13,ISRO1071_15F42F(Ananda),27.44861,94.22945,2013-02-07,14.0,NORMAL,0.0,N/A,NORMAL,,False,,False,,NORMAL,0
Guwahati,13,ISRO1106_15F452(Rangiya Degree College. Rangiya),26.426945,91.61389,2013-02-07,135.0,T1,0.9926,COARSE,CLOUDBURST_CANDIDATE,L=0.993 | R_core=135.0mm | R_bg=1.0mm (nearest_proxy (363km)) | scale=COARSE | gradient: [ZC:27km=0.0mm] [ZC:28km=0.0mm] [ZC:136km=81.0mm] [ZC:170km=26.0mm] [ZC:173km=191.0mm] [ZC:208km=124.0mm] [ZC:262km=0.0mm] [ZC:262km=0.0mm] [ZC:283km=14.0mm] [ZC:363km=1.0mm],False,insufficient_pre_event_iwv,False,offline_verification,CANDIDATE_CLOUDBURST,10
Guwahati,13,ISRO1112_15F458(President. Gharowa. Lumding),25.751112,93.178055,2013-02-07,191.0,T1,0.8639,COARSE,CLOUDBURST_CANDIDATE,L=0.864 | R_core=191.0mm | R_bg=26.0mm (nearest_proxy (322km)) | scale=COARSE | gradient: [ZC:80km=81.0mm] [ZC:109km=124.0mm] [ZC:151km=0.0mm] [ZC:155km=0.0mm] [ZC:173km=135.0mm] [ZC:186km=0.0mm] [ZC:199km=0.0mm] [ZC:216km=14.0mm] [ZC:269km=1.0mm] [ZC:322km=26.0mm],False,insufficient_pre_event_iwv,False,offline_verification,CANDIDATE_CLOUDBURST,10
Guwahati,13,ISRO1069_15F42D(TRA. Dikom),27.466667,95.08889,2013-02-07,1.0,NORMAL,0.0,N/A,NORMAL,,False,,False,,NORMAL,0
Guwahati,13,ISRO1104_15F450(Dhemaji Degree College. Dhemaji),27.475555,94.55167,2013-02-08,400.0,T1,0.99,COARSE,CLOUDBURST_CANDIDATE,L=0.990 | R_core=400.0mm | R_bg=4.0mm (nearest_proxy (483km)) | scale=COARSE | gradient: [ZC:32km=4.0mm] [ZC:53km=5.0mm] [ZC:53km=0.0mm] [ZC:89km=0.0mm] [ZC:194km=75.0mm] [ZC:314km=64.0mm] [ZC:315km=0.0mm] [ZC:339km=0.0mm] [ZC:343km=360.0mm] [ZC:473km=11.0mm] [ZC:483km=4.0mm],False,insufficient_pre_event_iwv,False,offline_verification,CANDIDATE_CLOUDBURST,11
Guwahati,13,ISRO1074_15F432(Salonah),26.445833,92.975,2013-02-08,75.0,T2,0.9467,COARSE,CLOUDBURST_CANDIDATE,L=0.947 | R_core=75.0mm | R_bg=4.0mm (nearest_proxy (303km)) | scale=COARSE | gradient: [ZC:128km=0.0mm] [ZC:128km=0.0mm] [ZC:136km=64.0mm] [ZC:140km=0.0mm] [ZC:163km=0.0mm] [ZC:167km=4.0mm] [ZC:179km=360.0mm] [ZC:194km=400.0mm] [ZC:238km=5.0mm] [ZC:302km=11.0mm] [ZC:303km=4.0mm],False,insufficient_pre_event_iwv,False,offline_verification,CANDIDATE_CLOUDBURST,11
Guwahati,13,ISRO0062_15F03E(LAKHIMPUR),27.2041666,94.1069444,2013-02-08,0.0,NORMAL,0.0,N/A,NORMAL,,False,,False,,NORMAL,0
Guwahati,13,ISRO1102_15F44E(North Guwhathi College. North Guwhathi),26.202223,91.715836,2013-02-08,0.0,NORMAL,0.0,N/A,NORMAL,,False,,False,,NORMAL,0
Guwahati,13,ISRO1068_15F42C(TRA. Jorhat),26.730833,94.22667,2013-02-08,0.0,NORMAL,0.0,N/A,NORMAL,,False,,False,,NORMAL,0
Guwahati,13,ISRO1071_15F42F(Ananda),27.44861,94.22945,2013-02-08,4.0,NORMAL,0.0,N/A,NORMAL,,False,,False,,NORMAL,0
Bagdogra,11,ISRO0066_15F042(GOSSAIGAON),26.3908333,89.9405555,2013-02-08,11.0,NORMAL,0.0,N/A,NORMAL,,False,,False,,NORMAL,0
Lengpui,12,ISRO0069_15F045(ARUNACHAL),24.8541666,92.7388888,2013-02-08,360.0,T1,0.9861,COARSE,CLOUDBURST_CANDIDATE,L=0.986 | R_core=360.0mm | R_bg=5.0mm (nearest_proxy (373km)) | scale=COARSE | gradient: [ZC:179km=75.0mm] [ZC:182km=0.0mm] [ZC:208km=64.0mm] [ZC:225km=0.0mm] [ZC:256km=0.0mm] [ZC:295km=0.0mm] [ZC:307km=4.0mm] [ZC:325km=4.0mm] [ZC:328km=11.0mm] [ZC:343km=400.0mm] [ZC:373km=5.0mm],False,insufficient_pre_event_iwv,False,offline_verification,CANDIDATE_CLOUDBURST,11
Guwahati,13,ISRO0076_15F04C(Dhubri),26.023333,89.96917,2013-02-08,4.0,NORMAL,0.0,N/A,NORMAL,,False,,False,,NORMAL,0
Guwahati,13,ISRO1106_15F452(Rangiya Degree College. Rangiya),26.426945,91.61389,2013-02-08,64.0,T2,0.9219,COARSE,CLOUDBURST_CANDIDATE,L=0.922 | R_core=64.0mm | R_bg=5.0mm (nearest_proxy (363km)) | scale=COARSE | gradient: [ZC:27km=0.0mm] [ZC:28km=0.0mm] [ZC:136km=75.0mm] [ZC:167km=11.0mm] [ZC:170km=4.0mm] [ZC:208km=360.0mm] [ZC:262km=0.0mm] [ZC:262km=0.0mm] [ZC:283km=4.0mm] [ZC:314km=400.0mm] [ZC:363km=5.0mm],False,insufficient_pre_event_iwv,False,offline_verification,CANDIDATE_CLOUDBURST,11
Guwahati,13,ISRO0062_15F03E(LAKHIMPUR),27.2041666,94.1069444,2013-02-09,0.0,NORMAL,0.0,N/A,NORMAL,,False,,False,,NORMAL,0
Guwahati,13,ISRO1069_15F42D(TRA. Dikom),27.466667,95.08889,2013-02-09,0.0,NORMAL,0.0,N/A,NORMAL,,False,,False,,NORMAL,0
Guwahati,13,ISRO1071_15F42F(Ananda),27.44861,94.22945,2013-02-09,0.0,NORMAL,0.0,N/A,NORMAL,,False,,False,,NORMAL,0
Guwahati,13,ISRO1104_15F450(Dhemaji Degree College. Dhemaji),27.475555,94.55167,2013-02-09,0.0,NORMAL,0.0,N/A,NORMAL,,False,,False,,NORMAL,0
Lengpui,12,ISRO0069_15F045(ARUNACHAL),24.8541666,92.7388888,2013-02-09,0.0,NORMAL,0.0,N/A,NORMAL,,False,,False,,NORMAL,0
Guwahati,13,ISRO1112_15F458(President. Gharowa. Lumding),25.751112,93.178055,2013-02-09,0.0,NORMAL,0.0,N/A,NORMAL,,False,,False,,NORMAL,0
Guwahati,13,ISRO1074_15F432(Salonah),26.445833,92.975,2013-02-09,0.0,NORMAL,0.0,N/A,NORMAL,,False,,False,,NORMAL,0
Bagdogra,11,ISRO0066_15F042(GOSSAIGAON),26.3908333,89.9405555,2013-02-09,0.0,NORMAL,0.0,N/A,NORMAL,,False,,False,,NORMAL,0
Guwahati,13,ISRO1106_15F452(Rangiya Degree College. Rangiya),26.426945,91.61389,2013-02-09,0.0,NORMAL,0.0,N/A,NORMAL,,False,,False,,NORMAL,0
Guwahati,13,ISRO0067_15F043(NALBARI),26.4358333,91.335,2013-02-09,0.0,NORMAL,0.0,N/A,NORMAL,,False,,False,,NORMAL,0
Guwahati,13,ISRO1069_15F42D(TRA. Dikom),27.466667,95.08889,2013-02-10,75.0,T2,0.8667,COARSE,CLOUDBURST_CANDIDATE,L=0.867 | R_core=75.0mm | R_bg=10.0mm (nearest_proxy (533km)) | scale=COARSE | gradient: [ZC:85km=48.0mm] [ZC:101km=0.0mm] [ZC:269km=133.0mm] [ZC:373km=0.0mm] [ZC:389km=0.0mm] [ZC:524km=400.0mm] [ZC:533km=10.0mm],False,insufficient_pre_event_iwv,False,offline_verification,CANDIDATE_CLOUDBURST,7
Guwahati,13,ISRO1112_15F458(President. Gharowa. Lumding),25.751112,93.178055,2013-02-10,133.0,T1,0.0,COARSE,WIDESPREAD_HEAVY_RAIN,L=0.000 | R_core=133.0mm | R_bg=400.0mm (nearest_proxy (331km)) | scale=COARSE | gradient: [ZC:109km=0.0mm] [ZC:186km=0.0mm] [ZC:199km=0.0mm] [ZC:216km=48.0mm] [ZC:269km=75.0mm] [ZC:322km=10.0mm] [ZC:331km=400.0mm],False,insufficient_pre_event_iwv,False,offline_verification,WIDESPREAD_HEAVY_RAIN,7
Guwahati,13,ISRO1071_15F42F(Ananda),27.44861,94.22945,2013-02-10,48.0,T2,0.7917,COARSE,CLOUDBURST_CANDIDATE,L=0.792 | R_core=48.0mm | R_bg=10.0mm (nearest_proxy (452km)) | scale=COARSE | gradient: [ZC:30km=0.0mm] [ZC:85km=75.0mm] [ZC:216km=133.0mm] [ZC:308km=0.0mm] [ZC:325km=0.0mm] [ZC:441km=400.0mm] [ZC:452km=10.0mm],False,insufficient_pre_event_iwv,False,offline_verification,CANDIDATE_CLOUDBURST,7
Guwahati,13,ISRO0067_15F043(NALBARI),26.4358333,91.335,2013-02-10,0.0,NORMAL,0.0,N/A,NORMAL,,False,,False,,NORMAL,0
Bagdogra,11,ISRO0066_15F042(GOSSAIGAON),26.3908333,89.9405555,2013-02-10,400.0,T1,0.8125,COARSE,CLOUDBURST_CANDIDATE,L=0.812 | R_core=400.0mm | R_bg=75.0mm (nearest_proxy (524km)) | scale=COARSE | gradient: [ZC:41km=10.0mm] [ZC:139km=0.0mm] [ZC:328km=0.0mm] [ZC:331km=133.0mm] [ZC:423km=0.0mm] [ZC:441km=48.0mm] [ZC:524km=75.0mm],False,insufficient_pre_event_iwv,False,offline_verification,CANDIDATE_CLOUDBURST,7
Lengpui,12,ISRO0069_15F045(ARUNACHAL),24.8541666,92.7388888,2013-02-10,0.0,NORMAL,0.0,N/A,NORMAL,,False,,False,,NORMAL,0
Guwahati,13,ISRO0062_15F03E(LAKHIMPUR),27.2041666,94.1069444,2013-02-10,0.0,NORMAL,0.0,N/A,NORMAL,,False,,False,,NORMAL,0
Guwahati,13,ISRO0076_15F04C(Dhubri),26.023333,89.96917,2013-02-10,10.0,NORMAL,0.0,N/A,NORMAL,,False,,False,,NORMAL,0
Guwahati,13,ISRO0062_15F03E(LAKHIMPUR),27.2041666,94.1069444,2013-02-11,0.0,NORMAL,0.0,N/A,NORMAL,,False,,False,,NORMAL,0
Lengpui,12,ISRO0069_15F045(ARUNACHAL),24.8541666,92.7388888,2013-02-11,0.0,NORMAL,0.0,N/A,NORMAL,,False,,False,,NORMAL,0
Guwahati,13,ISRO1074_15F432(Salonah),26.445833,92.975,2013-02-11,51.0,T2,0.8824,COARSE,CLOUDBURST_CANDIDATE,L=0.882 | R_core=51.0mm | R_bg=6.0mm (nearest_proxy (303km)) | scale=COARSE | gradient: [ZC:80km=104.0mm] [ZC:128km=0.0mm] [ZC:136km=122.0mm] [ZC:140km=0.0mm] [ZC:163km=120.0mm] [ZC:167km=54.0mm] [ZC:179km=0.0mm] [ZC:194km=75.0mm] [ZC:238km=103.0mm] [ZC:302km=89.0mm] [ZC:303km=6.0mm],False,insufficient_pre_event_iwv,False,offline_verification,CANDIDATE_CLOUDBURST,11
Guwahati,13,ISRO0076_15F04C(Dhubri),26.023333,89.96917,2013-02-11,6.0,NORMAL,0.0,N/A,NORMAL,,False,,False,,NORMAL,0
Bagdogra,11,ISRO0066_15F042(GOSSAIGAON),26.3908333,89.9405555,2013-02-11,89.0,T2,0.0,COARSE,WIDESPREAD_HEAVY_RAIN,L=0.000 | R_core=89.0mm | R_bg=103.0mm (nearest_proxy (524km)) | scale=COARSE | gradient: [ZC:41km=6.0mm] [ZC:139km=120.0mm] [ZC:167km=122.0mm] [ZC:178km=0.0mm] [ZC:302km=51.0mm] [ZC:328km=0.0mm] [ZC:331km=104.0mm] [ZC:423km=0.0mm] [ZC:441km=54.0mm] [ZC:473km=75.0mm] [ZC:524km=103.0mm],False,insufficient_pre_event_iwv,False,offline_verification,WIDESPREAD_HEAVY_RAIN,11
Guwahati,13,ISRO1106_15F452(Rangiya Degree College. Rangiya),26.426945,91.61389,2013-02-11,122.0,T1,0.1557,COARSE,WIDESPREAD_HEAVY_RAIN,L=0.156 | R_core=122.0mm | R_bg=103.0mm (nearest_proxy (363km)) | scale=COARSE | gradient: [ZC:27km=0.0mm] [ZC:28km=120.0mm] [ZC:136km=51.0mm] [ZC:167km=89.0mm] [ZC:170km=6.0mm] [ZC:173km=104.0mm] [ZC:208km=0.0mm] [ZC:262km=0.0mm] [ZC:283km=54.0mm] [ZC:314km=75.0mm] [ZC:363km=103.0mm],False,insufficient_pre_event_iwv,False,offline_verification,WIDESPREAD_HEAVY_RAIN,11
Guwahati,13,ISRO1071_15F42F(Ananda),27.44861,94.22945,2013-02-11,54.0,T2,0.8889,COARSE,CLOUDBURST_CANDIDATE,L=0.889 | R_core=54.0mm | R_bg=6.0mm (nearest_proxy (452km)) | scale=COARSE | gradient: [ZC:30km=0.0mm] [ZC:32km=75.0mm] [ZC:85km=103.0mm] [ZC:167km=51.0mm] [ZC:216km=104.0mm] [ZC:283km=122.0mm] [ZC:285km=0.0mm] [ZC:308km=120.0mm] [ZC:325km=0.0mm] [ZC:441km=89.0mm] [ZC:452km=6.0mm],False,insufficient_pre_event_iwv,False,offline_verification,CANDIDATE_CLOUDBURST,11
Guwahati,13,ISRO0067_15F043(NALBARI),26.4358333,91.335,2013-02-11,120.0,T1,0.1417,COARSE,WIDESPREAD_HEAVY_RAIN,L=0.142 | R_core=120.0mm | R_bg=103.0mm (nearest_proxy (389km)) | scale=COARSE | gradient: [ZC:28km=122.0mm] [ZC:46km=0.0mm] [ZC:139km=89.0mm] [ZC:144km=6.0mm] [ZC:163km=51.0mm] [ZC:199km=104.0mm] [ZC:225km=0.0mm] [ZC:288km=0.0mm] [ZC:308km=54.0mm] [ZC:339km=75.0mm] [ZC:389km=103.0mm],False,insufficient_pre_event_iwv,False,offline_verification,WIDESPREAD_HEAVY_RAIN,11
Guwahati,13,ISRO1104_15F450(Dhemaji Degree College. Dhemaji),27.475555,94.55167,2013-02-11,75.0,T2,0.92,COARSE,CLOUDBURST_CANDIDATE,L=0.920 | R_core=75.0mm | R_bg=6.0mm (nearest_proxy (483km)) | scale=COARSE | gradient: [ZC:32km=54.0mm] [ZC:53km=103.0mm] [ZC:53km=0.0mm] [ZC:194km=51.0mm] [ZC:235km=104.0mm] [ZC:314km=122.0mm] [ZC:315km=0.0mm] [ZC:339km=120.0mm] [ZC:343km=0.0mm] [ZC:473km=89.0mm] [ZC:483km=6.0mm],False,insufficient_pre_event_iwv,False,offline_verification,CANDIDATE_CLOUDBURST,11
Guwahati,13,ISRO1102_15F44E(North Guwhathi College. North Guwhathi),26.202223,91.715836,2013-02-11,0.0,NORMAL,0.0,N/A,NORMAL,,False,,False,,NORMAL,0
Guwahati,13,ISRO1112_15F458(President. Gharowa. Lumding),25.751112,93.178055,2013-02-11,104.0,T1,0.1442,COARSE,WIDESPREAD_HEAVY_RAIN,L=0.144 | R_core=104.0mm | R_bg=89.0mm (nearest_proxy (331km)) | scale=COARSE | gradient: [ZC:80km=51.0mm] [ZC:109km=0.0mm] [ZC:155km=0.0mm] [ZC:173km=122.0mm] [ZC:186km=0.0mm] [ZC:199km=120.0mm] [ZC:216km=54.0mm] [ZC:235km=75.0mm] [ZC:269km=103.0mm] [ZC:322km=6.0mm] [ZC:331km=89.0mm],False,insufficient_pre_event_iwv,False,offline_verification,WIDESPREAD_HEAVY_RAIN,11
Guwahati,13,ISRO1069_15F42D(TRA. Dikom),27.466667,95.08889,2013-02-11,103.0,T1,0.9417,COARSE,CLOUDBURST_CANDIDATE,L=0.942 | R_core=103.0mm | R_bg=6.0mm (nearest_proxy (533km)) | scale=COARSE | gradient: [ZC:53km=75.0mm] [ZC:85km=54.0mm] [ZC:101km=0.0mm] [ZC:238km=51.0mm] [ZC:269km=104.0mm] [ZC:363km=0.0mm] [ZC:363km=122.0mm] [ZC:373km=0.0mm] [ZC:389km=120.0mm] [ZC:524km=89.0mm] [ZC:533km=6.0mm],False,insufficient_pre_event_iwv,False,offline_verification,CANDIDATE_CLOUDBURST,11
Guwahati,13,ISRO1104_15F450(Dhemaji Degree College. Dhemaji),27.475555,94.55167,2013-02-12,0.0,NORMAL,0.0,N/A,NORMAL,,False,,False,,NORMAL,0
Bagdogra,11,ISRO0066_15F042(GOSSAIGAON),26.3908333,89.9405555,2013-02-12,0.0,NORMAL,0.0,N/A,NORMAL,,False,,False,,NORMAL,0
Guwahati,13,ISRO0062_15F03E(LAKHIMPUR),27.2041666,94.1069444,2013-02-12,0.0,NORMAL,0.0,N/A,NORMAL,,False,,False,,NORMAL,0
Guwahati,13,ISRO1106_15F452(Rangiya Degree College. Rangiya),26.426945,91.61389,2013-02-12,2.0,NORMAL,0.0,N/A,NORMAL,,False,,False,,NORMAL,0
Guwahati,13,ISRO1068_15F42C(TRA. Jorhat),26.730833,94.22667,2013-02-12,0.0,NORMAL,0.0,N/A,NORMAL,,False,,False,,NORMAL,0
Guwahati,13,ISRO1071_15F42F(Ananda),27.44861,94.22945,2013-02-12,0.0,NORMAL,0.0,N/A,NORMAL,,False,,False,,NORMAL,0
Guwahati,13,ISRO1069_15F42D(TRA. Dikom),27.466667,95.08889,2013-02-12,0.0,NORMAL,0.0,N/A,NORMAL,,False,,False,,NORMAL,0
Guwahati,13,ISRO1074_15F432(Salonah),26.445833,92.975,2013-02-12,0.0,NORMAL,0.0,N/A,NORMAL,,False,,False,,NORMAL,0
Guwahati,13,ISRO1112_15F458(President. Gharowa. Lumding),25.751112,93.178055,2013-02-12,6.0,NORMAL,0.0,N/A,NORMAL,,False,,False,,NORMAL,0
Bagdogra,11,ISRO0066_15F042(GOSSAIGAON),26.3908333,89.9405555,2013-02-13,0.0,NORMAL,0.0,N/A,NORMAL,,False,,False,,NORMAL,0
Guwahati,13,ISRO1112_15F458(President. Gharowa. Lumding),25.751112,93.178055,2013-02-13,0.0,NORMAL,0.0,N/A,NORMAL,,False,,False,,NORMAL,0
Guwahati,13,ISRO1074_15F432(Salonah),26.445833,92.975,2013-02-13,0.0,NORMAL,0.0,N/A,NORMAL,,False,,False,,NORMAL,0
Guwahati,13,ISRO1104_15F450(Dhemaji Degree College. Dhemaji),27.475555,94.55167,2013-02-13,0.0,NORMAL,0.0,N/A,NORMAL,,False,,False,,NORMAL,0
Lengpui,12,ISRO0069_15F045(ARUNACHAL),24.8541666,92.7388888,2013-02-13,0.0,NORMAL,0.0,N/A,NORMAL,,False,,False,,NORMAL,0
Guwahati,13,ISRO1071_15F42F(Ananda),27.44861,94.22945,2013-02-13,0.0,NORMAL,0.0,N/A,NORMAL,,False,,False,,NORMAL,0
Guwahati,13,ISRO1106_15F452(Rangiya Degree College. Rangiya),26.426945,91.61389,2013-02-13,0.0,NORMAL,0.0,N/A,NORMAL,,False,,False,,NORMAL,0
Guwahati,13,ISRO1102_15F44E(North Guwhathi College. North Guwhathi),26.202223,91.715836,2013-02-13,0.0,NORMAL,0.0,N/A,NORMAL,,False,,False,,NORMAL,0
Guwahati,13,ISRO1069_15F42D(TRA. Dikom),27.466667,95.08889,2013-02-13,0.0,NORMAL,0.0,N/A,NORMAL,,False,,False,,NORMAL,0
Guwahati,13,ISRO0067_15F043(NALBARI),26.4358333,91.335,2013-02-13,0.0,NORMAL,0.0,N/A,NORMAL,,False,,False,,NORMAL,0
Bagdogra,11,ISRO0066_15F042(GOSSAIGAON),26.3908333,89.9405555,2013-02-14,0.0,NORMAL,0.0,N/A,NORMAL,,False,,False,,NORMAL,0
Guwahati,13,ISRO0062_15F03E(LAKHIMPUR),27.2041666,94.1069444,2013-02-14,0.0,NORMAL,0.0,N/A,NORMAL,,False,,False,,NORMAL,0
Guwahati,13,ISRO1102_15F44E(North Guwhathi College. North Guwhathi),26.202223,91.715836,2013-02-14,0.0,NORMAL,0.0,N/A,NORMAL,,False,,False,,NORMAL,0
Guwahati,13,ISRO1068_15F42C(TRA. Jorhat),26.730833,94.22667,2013-02-14,0.0,NORMAL,0.0,N/A,NORMAL,,False,,False,,NORMAL,0
Guwahati,13,ISRO1112_15F458(President. Gharowa. Lumding),25.751112,93.178055,2013-02-14,0.0,NORMAL,0.0,N/A,NORMAL,,False,,False,,NORMAL,0
Guwahati,13,ISRO0067_15F043(NALBARI),26.4358333,91.335,2013-02-14,0.0,NORMAL,0.0,N/A,NORMAL,,False,,False,,NORMAL,0
Guwahati,13,ISRO1069_15F42D(TRA. Dikom),27.466667,95.08889,2013-02-14,0.0,NORMAL,0.0,N/A,NORMAL,,False,,False,,NORMAL,0
Guwahati,13,ISRO1104_15F450(Dhemaji Degree College. Dhemaji),27.475555,94.55167,2013-02-14,0.0,NORMAL,0.0,N/A,NORMAL,,False,,False,,NORMAL,0
Guwahati,13,ISRO1106_15F452(Rangiya Degree College. Rangiya),26.426945,91.61389,2013-02-14,0.0,NORMAL,0.0,N/A,NORMAL,,False,,False,,NORMAL,0
Guwahati,13,ISRO0076_15F04C(Dhubri),26.023333,89.96917,2013-02-14,0.0,NORMAL,0.0,N/A,NORMAL,,False,,False,,NORMAL,0
Lengpui,12,ISRO0069_15F045(ARUNACHAL),24.8541666,92.7388888,2013-02-14,0.0,NORMAL,0.0,N/A,NORMAL,,False,,False,,NORMAL,0
Guwahati,13,ISRO1071_15F42F(Ananda),27.44861,94.22945,2013-02-14,0.0,NORMAL,0.0,N/A,NORMAL,,False,,False,,NORMAL,0
Guwahati,13,ISRO0076_15F04C(Dhubri),26.023333,89.96917,2013-02-15,0.0,NORMAL,0.0,N/A,NORMAL,,False,,False,,NORMAL,0
Guwahati,13,ISRO1104_15F450(Dhemaji Degree College. Dhemaji),27.475555,94.55167,2013-02-15,0.0,NORMAL,0.0,N/A,NORMAL,,False,,False,,NORMAL,0
Guwahati,13,ISRO1074_15F432(Salonah),26.445833,92.975,2013-02-15,0.0,NORMAL,0.0,N/A,NORMAL,,False,,False,,NORMAL,0
Guwahati,13,ISRO1106_15F452(Rangiya Degree College. Rangiya),26.426945,91.61389,2013-02-15,0.0,NORMAL,0.0,N/A,NORMAL,,False,,False,,NORMAL,0
Lengpui,12,ISRO0069_15F045(ARUNACHAL),24.8541666,92.7388888,2013-02-15,0.0,NORMAL,0.0,N/A,NORMAL,,False,,False,,NORMAL,0
Bagdogra,11,ISRO0066_15F042(GOSSAIGAON),26.3908333,89.9405555,2013-02-15,0.0,NORMAL,0.0,N/A,NORMAL,,False,,False,,NORMAL,0
Guwahati,13,ISRO1112_15F458(President. Gharowa. Lumding),25.751112,93.178055,2013-02-15,0.0,NORMAL,0.0,N/A,NORMAL,,False,,False,,NORMAL,0
Guwahati,13,ISRO1069_15F42D(TRA. Dikom),27.466667,95.08889,2013-02-15,0.0,NORMAL,0.0,N/A,NORMAL,,False,,False,,NORMAL,0
Lengpui,12,ISRO0069_15F045(ARUNACHAL),24.8541666,92.7388888,2013-03-03,5.0,NORMAL,0.0,N/A,NORMAL,,False,,False,,NORMAL,0
Guwahati,13,ISRO1106_15F452(Rangiya Degree College. Rangiya),26.426945,91.61389,2013-03-03,12.0,NORMAL,0.0,N/A,NORMAL,,False,,False,,NORMAL,0
Guwahati,13,ISRO1104_15F450(Dhemaji Degree College. Dhemaji),27.475555,94.55167,2013-03-03,8.0,NORMAL,0.0,N/A,NORMAL,,False,,False,,NORMAL,0
Guwahati,13,ISRO0062_15F03E(LAKHIMPUR),27.2041666,94.1069444,2013-03-03,4.0,NORMAL,0.0,N/A,NORMAL,,False,,False,,NORMAL,0
Guwahati,13,ISRO0076_15F04C(Dhubri),26.023333,89.96917,2013-03-03,14.0,NORMAL,0.0,N/A,NORMAL,,False,,False,,NORMAL,0
Bagdogra,11,ISRO0066_15F042(GOSSAIGAON),26.3908333,89.9405555,2013-03-03,16.0,NORMAL,0.0,N/A,NORMAL,,False,,False,,NORMAL,0
Guwahati,13,ISRO1071_15F42F(Ananda),27.44861,94.22945,2013-03-03,16.0,NORMAL,0.0,N/A,NORMAL,,False,,False,,NORMAL,0
Guwahati,13,ISRO1068_15F42C(TRA. Jorhat),26.730833,94.22667,2013-03-03,0.0,NORMAL,0.0,N/A,NORMAL,,False,,False,,NORMAL,0
Guwahati,13,ISRO1112_15F458(President. Gharowa. Lumding),25.751112,93.178055,2013-03-03,20.0,NORMAL,0.0,N/A,NORMAL,,False,,False,,NORMAL,0
Guwahati,13,ISRO1074_15F432(Salonah),26.445833,92.975,2013-03-03,7.0,NORMAL,0.0,N/A,NORMAL,,False,,False,,NORMAL,0
Lengpui,12,ISRO0069_15F045(ARUNACHAL),24.8541666,92.7388888,2013-03-04,85.0,T2,0.5059,COARSE,CLOUDBURST_CANDIDATE,L=0.506 | R_core=85.0mm | R_bg=42.0mm (nearest_proxy (373km)) | scale=COARSE | gradient: [ZC:109km=94.0mm] [ZC:179km=23.0mm] [ZC:182km=11.0mm] [ZC:208km=16.0mm] [ZC:225km=0.0mm] [ZC:256km=0.0mm] [ZC:295km=49.0mm] [ZC:307km=6.0mm] [ZC:325km=89.0mm] [ZC:328km=11.0mm] [ZC:343km=116.0mm] [ZC:373km=42.0mm],False,no_iwv_buildup (delta=-0.8mm < 2.0mm threshold),False,offline_verification,CANDIDATE_CLOUDBURST,12
Guwahati,13,ISRO1104_15F450(Dhemaji Degree College. Dhemaji),27.475555,94.55167,2013-03-04,116.0,T1,0.9483,COARSE,CLOUDBURST_CANDIDATE,L=0.948 | R_core=116.0mm | R_bg=6.0mm (nearest_proxy (483km)) | scale=COARSE | gradient: [ZC:32km=89.0mm] [ZC:53km=42.0mm] [ZC:53km=49.0mm] [ZC:89km=0.0mm] [ZC:194km=23.0mm] [ZC:235km=94.0mm] [ZC:314km=16.0mm] [ZC:315km=11.0mm] [ZC:339km=0.0mm] [ZC:343km=85.0mm] [ZC:473km=11.0mm] [ZC:483km=6.0mm],True,"buildup=2.2mm, drawdown=no (-0.7mm)",True,IWV_confirmed,CONFIRMED_CLOUDBURST,12
Guwahati,13,ISRO1074_15F432(Salonah),26.445833,92.975,2013-03-04,23.0,NORMAL,0.0,N/A,NORMAL,,False,,False,,NORMAL,0
Guwahati,13,ISRO1112_15F458(President. Gharowa. Lumding),25.751112,93.178055,2013-03-04,94.0,T2,0.883,COARSE,CLOUDBURST_CANDIDATE,L=0.883 | R_core=94.0mm | R_bg=11.0mm (nearest_proxy (331km)) | scale=COARSE | gradient: [ZC:80km=23.0mm] [ZC:109km=85.0mm] [ZC:151km=0.0mm] [ZC:155km=11.0mm] [ZC:173km=16.0mm] [ZC:186km=49.0mm] [ZC:199km=0.0mm] [ZC:216km=89.0mm] [ZC:235km=116.0mm] [ZC:269km=42.0mm] [ZC:322km=6.0mm] [ZC:331km=11.0mm],True,"buildup=2.2mm, drawdown=no (-0.7mm)",True,IWV_confirmed,CONFIRMED_CLOUDBURST,12
Guwahati,13,ISRO0062_15F03E(LAKHIMPUR),27.2041666,94.1069444,2013-03-04,49.0,T2,0.8776,COARSE,CLOUDBURST_CANDIDATE,L=0.878 | R_core=49.0mm | R_bg=6.0mm (nearest_proxy (432km)) | scale=COARSE | gradient: [ZC:30km=89.0mm] [ZC:53km=116.0mm] [ZC:54km=0.0mm] [ZC:101km=42.0mm] [ZC:140km=23.0mm] [ZC:186km=94.0mm] [ZC:262km=16.0mm] [ZC:262km=11.0mm] [ZC:288km=0.0mm] [ZC:295km=85.0mm] [ZC:423km=11.0mm] [ZC:432km=6.0mm],True,"buildup=2.2mm, drawdown=no (-0.7mm)",True,IWV_confirmed,CONFIRMED_CLOUDBURST,12
Guwahati,13,ISRO0067_15F043(NALBARI),26.4358333,91.335,2013-03-04,0.0,NORMAL,0.0,N/A,NORMAL,,False,,False,,NORMAL,0
Guwahati,13,ISRO1106_15F452(Rangiya Degree College. Rangiya),26.426945,91.61389,2013-03-04,16.0,NORMAL,0.0,N/A,NORMAL,,False,,False,,NORMAL,0
Guwahati,13,ISRO1068_15F42C(TRA. Jorhat),26.730833,94.22667,2013-03-04,0.0,NORMAL,0.0,N/A,NORMAL,,False,,False,,NORMAL,0
Guwahati,13,ISRO1102_15F44E(North Guwhathi College. North Guwhathi),26.202223,91.715836,2013-03-04,11.0,NORMAL,0.0,N/A,NORMAL,,False,,False,,NORMAL,0
Guwahati,13,ISRO1069_15F42D(TRA. Dikom),27.466667,95.08889,2013-03-04,42.0,T2,0.8571,COARSE,CLOUDBURST_CANDIDATE,L=0.857 | R_core=42.0mm | R_bg=6.0mm (nearest_proxy (533km)) | scale=COARSE | gradient: [ZC:53km=116.0mm] [ZC:85km=89.0mm] [ZC:101km=49.0mm] [ZC:118km=0.0mm] [ZC:238km=23.0mm] [ZC:269km=94.0mm] [ZC:363km=11.0mm] [ZC:363km=16.0mm] [ZC:373km=85.0mm] [ZC:389km=0.0mm] [ZC:524km=11.0mm] [ZC:533km=6.0mm],True,"buildup=2.2mm, drawdown=no (-0.7mm)",True,IWV_confirmed,CONFIRMED_CLOUDBURST,12
Guwahati,13,ISRO0076_15F04C(Dhubri),26.023333,89.96917,2013-03-04,6.0,NORMAL,0.0,N/A,NORMAL,,False,,False,,NORMAL,0
Bagdogra,11,ISRO0066_15F042(GOSSAIGAON),26.3908333,89.9405555,2013-03-04,11.0,NORMAL,0.0,N/A,NORMAL,,False,,False,,NORMAL,0
Guwahati,13,ISRO1071_15F42F(Ananda),27.44861,94.22945,2013-03-04,89.0,T2,0.9326,COARSE,CLOUDBURST_CANDIDATE,L=0.933 | R_core=89.0mm | R_bg=6.0mm (nearest_proxy (452km)) | scale=COARSE | gradient: [ZC:30km=49.0mm] [ZC:32km=116.0mm] [ZC:80km=0.0mm] [ZC:85km=42.0mm] [ZC:167km=23.0mm] [ZC:216km=94.0mm] [ZC:283km=16.0mm] [ZC:285km=11.0mm] [ZC:308km=0.0mm] [ZC:325km=85.0mm] [ZC:441km=11.0mm] [ZC:452km=6.0mm],True,"buildup=2.2mm, drawdown=no (-0.7mm)",True,IWV_confirmed,CONFIRMED_CLOUDBURST,12
Guwahati,13,ISRO1106_15F452(Rangiya Degree College. Rangiya),26.426945,91.61389,2013-03-05,59.0,T2,0.7966,COARSE,CLOUDBURST_CANDIDATE,L=0.797 | R_core=59.0mm | R_bg=12.0mm (nearest_proxy (363km)) | scale=COARSE | gradient: [ZC:28km=0.0mm] [ZC:136km=30.0mm] [ZC:167km=400.0mm] [ZC:170km=13.0mm] [ZC:173km=92.0mm] [ZC:208km=308.0mm] [ZC:262km=164.0mm] [ZC:262km=0.0mm] [ZC:283km=157.0mm] [ZC:314km=221.0mm] [ZC:363km=12.0mm],False,no_iwv_buildup (delta=-1.8mm < 2.0mm threshold),False,offline_verification,CANDIDATE_CLOUDBURST,11
Lengpui,12,ISRO0069_15F045(ARUNACHAL),24.8541666,92.7388888,2013-03-05,308.0,T1,0.961,COARSE,CLOUDBURST_CANDIDATE,L=0.961 | R_core=308.0mm | R_bg=12.0mm (nearest_proxy (373km)) | scale=COARSE | gradient: [ZC:109km=92.0mm] [ZC:179km=30.0mm] [ZC:208km=59.0mm] [ZC:225km=0.0mm] [ZC:256km=164.0mm] [ZC:295km=0.0mm] [ZC:307km=13.0mm] [ZC:325km=157.0mm] [ZC:328km=400.0mm] [ZC:343km=221.0mm] [ZC:373km=12.0mm],False,no_iwv_buildup (delta=-2.4mm < 2.0mm threshold),False,offline_verification,CANDIDATE_CLOUDBURST,11
Guwahati,13,ISRO1074_15F432(Salonah),26.445833,92.975,2013-03-05,30.0,T2,0.5667,COARSE,CLOUDBURST_CANDIDATE,L=0.567 | R_core=30.0mm | R_bg=13.0mm (nearest_proxy (303km)) | scale=COARSE | gradient: [ZC:80km=92.0mm] [ZC:128km=164.0mm] [ZC:136km=59.0mm] [ZC:140km=0.0mm] [ZC:163km=0.0mm] [ZC:167km=157.0mm] [ZC:179km=308.0mm] [ZC:194km=221.0mm] [ZC:238km=12.0mm] [ZC:302km=400.0mm] [ZC:303km=13.0mm],False,no_iwv_buildup (delta=-1.8mm < 2.0mm threshold),False,offline_verification,CANDIDATE_CLOUDBURST,11
Guwahati,13,ISRO0067_15F043(NALBARI),26.4358333,91.335,2013-03-05,0.0,NORMAL,0.0,N/A,NORMAL,,False,,False,,NORMAL,0
Bagdogra,11,ISRO0066_15F042(GOSSAIGAON),26.3908333,89.9405555,2013-03-05,400.0,T1,0.97,COARSE,CLOUDBURST_CANDIDATE,L=0.970 | R_core=400.0mm | R_bg=12.0mm (nearest_proxy (524km)) | scale=COARSE | gradient: [ZC:41km=13.0mm] [ZC:139km=0.0mm] [ZC:167km=59.0mm] [ZC:302km=30.0mm] [ZC:328km=308.0mm] [ZC:331km=92.0mm] [ZC:423km=0.0mm] [ZC:428km=164.0mm] [ZC:441km=157.0mm] [ZC:473km=221.0mm] [ZC:524km=12.0mm],False,no_iwv_buildup (delta=-4.2mm < 2.0mm threshold),False,offline_verification,CANDIDATE_CLOUDBURST,11
Guwahati,13,ISRO0062_15F03E(LAKHIMPUR),27.2041666,94.1069444,2013-03-05,0.0,NORMAL,0.0,N/A,NORMAL,,False,,False,,NORMAL,0
Guwahati,13,ISRO1104_15F450(Dhemaji Degree College. Dhemaji),27.475555,94.55167,2013-03-05,221.0,T1,0.9412,COARSE,CLOUDBURST_CANDIDATE,L=0.941 | R_core=221.0mm | R_bg=13.0mm (nearest_proxy (483km)) | scale=COARSE | gradient: [ZC:32km=157.0mm] [ZC:53km=12.0mm] [ZC:53km=0.0mm] [ZC:89km=164.0mm] [ZC:194km=30.0mm] [ZC:235km=92.0mm] [ZC:314km=59.0mm] [ZC:339km=0.0mm] [ZC:343km=308.0mm] [ZC:473km=400.0mm] [ZC:483km=13.0mm],False,no_iwv_buildup (delta=-1.8mm < 2.0mm threshold),False,offline_verification,CANDIDATE_CLOUDBURST,11
Guwahati,13,ISRO1071_15F42F(Ananda),27.44861,94.22945,2013-03-05,157.0,T1,0.9172,COARSE,CLOUDBURST_CANDIDATE,L=0.917 | R_core=157.0mm | R_bg=13.0mm (nearest_proxy (452km)) | scale=COARSE | gradient: [ZC:30km=0.0mm] [ZC:32km=221.0mm] [ZC:80km=164.0mm] [ZC:85km=12.0mm] [ZC:167km=30.0mm] [ZC:216km=92.0mm] [ZC:283km=59.0mm] [ZC:308km=0.0mm] [ZC:325km=308.0mm] [ZC:441km=400.0mm] [ZC:452km=13.0mm],False,no_iwv_buildup (delta=-1.8mm < 2.0mm threshold),False,offline_verification,CANDIDATE_CLOUDBURST,11
Guwahati,13,ISRO1112_15F458(President. Gharowa. Lumding),25.751112,93.178055,2013-03-05,92.0,T2,0.0,COARSE,WIDESPREAD_HEAVY_RAIN,L=0.000 | R_core=92.0mm | R_bg=400.0mm (nearest_proxy (331km)) | scale=COARSE | gradient: [ZC:80km=30.0mm] [ZC:109km=308.0mm] [ZC:151km=164.0mm] [ZC:173km=59.0mm] [ZC:186km=0.0mm] [ZC:199km=0.0mm] [ZC:216km=157.0mm] [ZC:235km=221.0mm] [ZC:269km=12.0mm] [ZC:322km=13.0mm] [ZC:331km=400.0mm],False,no_iwv_buildup (delta=-1.8mm < 2.0mm threshold),False,offline_verification,WIDESPREAD_HEAVY_RAIN,11
Guwahati,13,ISRO1068_15F42C(TRA. Jorhat),26.730833,94.22667,2013-03-05,164.0,T1,0.9207,COARSE,CLOUDBURST_CANDIDATE,L=0.921 | R_core=164.0mm | R_bg=13.0mm (nearest_proxy (431km)) | scale=COARSE | gradient: [ZC:54km=0.0mm] [ZC:80km=157.0mm] [ZC:89km=221.0mm] [ZC:118km=12.0mm] [ZC:128km=30.0mm] [ZC:151km=92.0mm] [ZC:256km=308.0mm] [ZC:262km=59.0mm] [ZC:289km=0.0mm] [ZC:428km=400.0mm] [ZC:431km=13.0mm],False,no_iwv_buildup (delta=-1.8mm < 2.0mm threshold),False,offline_verification,CANDIDATE_CLOUDBURST,11
Guwahati,13,ISRO0076_15F04C(Dhubri),26.023333,89.96917,2013-03-05,13.0,NORMAL,0.0,N/A,NORMAL,,False,,False,,NORMAL,0
Guwahati,13,ISRO1102_15F44E(North Guwhathi College. North Guwhathi),26.202223,91.715836,2013-03-06,0.0,NORMAL,0.0,N/A,NORMAL,,False,,False,,NORMAL,0
Guwahati,13,ISRO0067_15F043(NALBARI),26.4358333,91.335,2013-03-06,0.0,NORMAL,0.0,N/A,NORMAL,,False,,False,,NORMAL,0
Guwahati,13,ISRO0076_15F04C(Dhubri),26.023333,89.96917,2013-03-06,53.0,T2,0.7925,COARSE,CLOUDBURST_CANDIDATE,L=0.792 | R_core=53.0mm | R_bg=11.0mm (nearest_proxy (533km)) | scale=COARSE | gradient: [ZC:41km=43.0mm] [ZC:144km=0.0mm] [ZC:170km=31.0mm] [ZC:176km=0.0mm] [ZC:303km=59.0mm] [ZC:322km=261.0mm] [ZC:431km=0.0mm] [ZC:432km=1.0mm] [ZC:452km=74.0mm] [ZC:483km=301.0mm] [ZC:533km=11.0mm],False,no_iwv_buildup (delta=0.8mm < 2.0mm threshold),False,offline_verification,CANDIDATE_CLOUDBURST,11
Guwahati,13,ISRO1104_15F450(Dhemaji Degree College. Dhemaji),27.475555,94.55167,2013-03-06,301.0,T1,0.8239,COARSE,CLOUDBURST_CANDIDATE,L=0.824 | R_core=301.0mm | R_bg=53.0mm (nearest_proxy (483km)) | scale=COARSE | gradient: [ZC:32km=74.0mm] [ZC:53km=11.0mm] [ZC:53km=1.0mm] [ZC:89km=0.0mm] [ZC:194km=59.0mm] [ZC:235km=261.0mm] [ZC:314km=31.0mm] [ZC:315km=0.0mm] [ZC:339km=0.0mm] [ZC:473km=43.0mm] [ZC:483km=53.0mm],False,no_iwv_buildup (delta=0.8mm < 2.0mm threshold),False,offline_verification,CANDIDATE_CLOUDBURST,11
Guwahati,13,ISRO1112_15F458(President. Gharowa. Lumding),25.751112,93.178055,2013-03-06,261.0,T1,0.8352,COARSE,CLOUDBURST_CANDIDATE,L=0.835 | R_core=261.0mm | R_bg=43.0mm (nearest_proxy (331km)) | scale=COARSE | gradient: [ZC:80km=59.0mm] [ZC:151km=0.0mm] [ZC:155km=0.0mm] [ZC:173km=31.0mm] [ZC:186km=1.0mm] [ZC:199km=0.0mm] [ZC:216km=74.0mm] [ZC:235km=301.0mm] [ZC:269km=11.0mm] [ZC:322km=53.0mm] [ZC:331km=43.0mm],False,no_iwv_buildup (delta=0.8mm < 2.0mm threshold),False,offline_verification,CANDIDATE_CLOUDBURST,11
Guwahati,13,ISRO1068_15F42C(TRA. Jorhat),26.730833,94.22667,2013-03-06,0.0,NORMAL,0.0,N/A,NORMAL,,False,,False,,NORMAL,0
Guwahati,13,ISRO1069_15F42D(TRA. Dikom),27.466667,95.08889,2013-03-06,11.0,NORMAL,0.0,N/A,NORMAL,,False,,False,,NORMAL,0
Guwahati,13,ISRO0062_15F03E(LAKHIMPUR),27.2041666,94.1069444,2013-03-06,1.0,NORMAL,0.0,N/A,NORMAL,,False,,False,,NORMAL,0
Guwahati,13,ISRO1106_15F452(Rangiya Degree College. Rangiya),26.426945,91.61389,2013-03-06,31.0,T2,0.6452,COARSE,CLOUDBURST_CANDIDATE,L=0.645 | R_core=31.0mm | R_bg=11.0mm (nearest_proxy (363km)) | scale=COARSE | gradient: [ZC:27km=0.0mm] [ZC:28km=0.0mm] [ZC:136km=59.0mm] [ZC:167km=43.0mm] [ZC:170km=53.0mm] [ZC:173km=261.0mm] [ZC:262km=0.0mm] [ZC:262km=1.0mm] [ZC:283km=74.0mm] [ZC:314km=301.0mm] [ZC:363km=11.0mm],False,no_iwv_buildup (delta=0.8mm < 2.0mm threshold),False,offline_verification,CANDIDATE_CLOUDBURST,11
Guwahati,13,ISRO1071_15F42F(Ananda),27.44861,94.22945,2013-03-06,74.0,T2,0.2838,COARSE,WIDESPREAD_HEAVY_RAIN,L=0.284 | R_core=74.0mm | R_bg=53.0mm (nearest_proxy (452km)) | scale=COARSE | gradient: [ZC:30km=1.0mm] [ZC:32km=301.0mm] [ZC:80km=0.0mm] [ZC:85km=11.0mm] [ZC:167km=59.0mm] [ZC:216km=261.0mm] [ZC:283km=31.0mm] [ZC:285km=0.0mm] [ZC:308km=0.0mm] [ZC:441km=43.0mm] [ZC:452km=53.0mm],False,no_iwv_buildup (delta=0.8mm < 2.0mm threshold),False,offline_verification,WIDESPREAD_HEAVY_RAIN,11
Bagdogra,11,ISRO0066_15F042(GOSSAIGAON),26.3908333,89.9405555,2013-03-06,43.0,T2,0.7442,COARSE,CLOUDBURST_CANDIDATE,L=0.744 | R_core=43.0mm | R_bg=11.0mm (nearest_proxy (524km)) | scale=COARSE | gradient: [ZC:41km=53.0mm] [ZC:139km=0.0mm] [ZC:167km=31.0mm] [ZC:178km=0.0mm] [ZC:302km=59.0mm] [ZC:331km=261.0mm] [ZC:423km=1.0mm] [ZC:428km=0.0mm] [ZC:441km=74.0mm] [ZC:473km=301.0mm] [ZC:524km=11.0mm],False,no_iwv_buildup (delta=-1.1mm < 2.0mm threshold),False,offline_verification,CANDIDATE_CLOUDBURST,11
Guwahati,13,ISRO1074_15F432(Salonah),26.445833,92.975,2013-03-06,59.0,T2,0.1017,COARSE,WIDESPREAD_HEAVY_RAIN,L=0.102 | R_core=59.0mm | R_bg=53.0mm (nearest_proxy (303km)) | scale=COARSE | gradient: [ZC:80km=261.0mm] [ZC:128km=0.0mm] [ZC:128km=0.0mm] [ZC:136km=31.0mm] [ZC:140km=1.0mm] [ZC:163km=0.0mm] [ZC:167km=74.0mm] [ZC:194km=301.0mm] [ZC:238km=11.0mm] [ZC:302km=43.0mm] [ZC:303km=53.0mm],False,no_iwv_buildup (delta=0.8mm < 2.0mm threshold),False,offline_verification,WIDESPREAD_HEAVY_RAIN,11
Guwahati,13,ISRO1069_15F42D(TRA. Dikom),27.466667,95.08889,2013-03-07,1.0,NORMAL,0.0,N/A,NORMAL,,False,,False,,NORMAL,0
Guwahati,13,ISRO0076_15F04C(Dhubri),26.023333,89.96917,2013-03-07,25.0,NORMAL,0.0,N/A,NORMAL,,False,,False,,NORMAL,0
Guwahati,13,ISRO0062_15F03E(LAKHIMPUR),27.2041666,94.1069444,2013-03-07,0.0,NORMAL,0.0,N/A,NORMAL,,False,,False,,NORMAL,0
Guwahati,13,ISRO1112_15F458(President. Gharowa. Lumding),25.751112,93.178055,2013-03-07,190.0,T1,0.8684,COARSE,CLOUDBURST_CANDIDATE,L=0.868 | R_core=190.0mm | R_bg=25.0mm (nearest_proxy (322km)) | scale=COARSE | gradient: [ZC:80km=81.0mm] [ZC:109km=124.0mm] [ZC:151km=0.0mm] [ZC:155km=279.0mm] [ZC:173km=143.0mm] [ZC:186km=0.0mm] [ZC:199km=0.0mm] [ZC:216km=13.0mm] [ZC:269km=1.0mm] [ZC:322km=25.0mm],False,no_iwv_buildup (delta=-0.7mm < 2.0mm threshold),False,offline_verification,CANDIDATE_CLOUDBURST,10
Guwahati,13,ISRO1068_15F42C(TRA. Jorhat),26.730833,94.22667,2013-03-07,0.0,NORMAL,0.0,N/A,NORMAL,,False,,False,,NORMAL,0
Guwahati,13,ISRO1071_15F42F(Ananda),27.44861,94.22945,2013-03-07,13.0,NORMAL,0.0,N/A,NORMAL,,False,,False,,NORMAL,0
Guwahati,13,ISRO1074_15F432(Salonah),26.445833,92.975,2013-03-07,81.0,T2,0.6914,COARSE,CLOUDBURST_CANDIDATE,L=0.691 | R_core=81.0mm | R_bg=25.0mm (nearest_proxy (303km)) | scale=COARSE | gradient: [ZC:80km=190.0mm] [ZC:128km=279.0mm] [ZC:128km=0.0mm] [ZC:136km=143.0mm] [ZC:140km=0.0mm] [ZC:163km=0.0mm] [ZC:167km=13.0mm] [ZC:179km=124.0mm] [ZC:238km=1.0mm] [ZC:303km=25.0mm],False,no_iwv_buildup (delta=-0.7mm < 2.0mm threshold),False,offline_verification,CANDIDATE_CLOUDBURST,10
Guwahati,13,ISRO0067_15F043(NALBARI),26.4358333,91.335,2013-03-07,0.0,NORMAL,0.0,N/A,NORMAL,,False,,False,,NORMAL,0
Guwahati,13,ISRO1106_15F452(Rangiya Degree College. Rangiya),26.426945,91.61389,2013-03-07,143.0,T1,0.993,COARSE,CLOUDBURST_CANDIDATE,L=0.993 | R_core=143.0mm | R_bg=1.0mm (nearest_proxy (363km)) | scale=COARSE | gradient: [ZC:27km=279.0mm] [ZC:28km=0.0mm] [ZC:136km=81.0mm] [ZC:170km=25.0mm] [ZC:173km=190.0mm] [ZC:208km=124.0mm] [ZC:262km=0.0mm] [ZC:262km=0.0mm] [ZC:283km=13.0mm] [ZC:363km=1.0mm],False,no_iwv_buildup (delta=-0.7mm < 2.0mm threshold),False,offline_verification,CANDIDATE_CLOUDBURST,10
Guwahati,13,ISRO1102_15F44E(North Guwhathi College. North Guwhathi),26.202223,91.715836,2013-03-07,279.0,T1,0.9964,COARSE,CLOUDBURST_CANDIDATE,L=0.996 | R_core=279.0mm | R_bg=1.0mm (nearest_proxy (363km)) | scale=COARSE | gradient: [ZC:27km=143.0mm] [ZC:46km=0.0mm] [ZC:128km=81.0mm] [ZC:155km=190.0mm] [ZC:176km=25.0mm] [ZC:182km=124.0mm] [ZC:257km=0.0mm] [ZC:262km=0.0mm] [ZC:285km=13.0mm] [ZC:363km=1.0mm],False,no_iwv_buildup (delta=-0.7mm < 2.0mm threshold),False,offline_verification,CANDIDATE_CLOUDBURST,10
Lengpui,12,ISRO0069_15F045(ARUNACHAL),24.8541666,92.7388888,2013-03-07,124.0,T1,0.9919,COARSE,CLOUDBURST_CANDIDATE,L=0.992 | R_core=124.0mm | R_bg=1.0mm (nearest_proxy (373km)) | scale=COARSE | gradient: [ZC:109km=190.0mm] [ZC:179km=81.0mm] [ZC:182km=279.0mm] [ZC:208km=143.0mm] [ZC:225km=0.0mm] [ZC:256km=0.0mm] [ZC:295km=0.0mm] [ZC:307km=25.0mm] [ZC:325km=13.0mm] [ZC:373km=1.0mm],False,no_iwv_buildup (delta=-1.3mm < 2.0mm threshold),False,offline_verification,CANDIDATE_CLOUDBURST,10
Guwahati,13,ISRO0076_15F04C(Dhubri),26.023333,89.96917,2013-03-08,4.0,NORMAL,0.0,N/A,NORMAL,,False,,False,,NORMAL,0
Guwahati,13,ISRO1069_15F42D(TRA. Dikom),27.466667,95.08889,2013-03-08,5.0,NORMAL,0.0,N/A,NORMAL,,False,,False,,NORMAL,0
Guwahati,13,ISRO1106_15F452(Rangiya Degree College. Rangiya),26.426945,91.61389,2013-03-08,56.0,T2,0.9107,COARSE,CLOUDBURST_CANDIDATE,L=0.911 | R_core=56.0mm | R_bg=5.0mm (nearest_proxy (363km)) | scale=COARSE | gradient: [ZC:27km=0.0mm] [ZC:28km=0.0mm] [ZC:136km=73.0mm] [ZC:167km=11.0mm] [ZC:170km=4.0mm] [ZC:208km=364.0mm] [ZC:262km=0.0mm] [ZC:262km=0.0mm] [ZC:283km=5.0mm] [ZC:314km=400.0mm] [ZC:363km=5.0mm],False,no_iwv_buildup (delta=-1.2mm < 2.0mm threshold),False,offline_verification,CANDIDATE_CLOUDBURST,11
Guwahati,13,ISRO0062_15F03E(LAKHIMPUR),27.2041666,94.1069444,2013-03-08,0.0,NORMAL,0.0,N/A,NORMAL,,False,,False,,NORMAL,0
Lengpui,12,ISRO0069_15F045(ARUNACHAL),24.8541666,92.7388888,2013-03-08,364.0,T1,0.9863,COARSE,CLOUDBURST_CANDIDATE,L=0.986 | R_core=364.0mm | R_bg=5.0mm (nearest_proxy (373km)) | scale=COARSE | gradient: [ZC:179km=73.0mm] [ZC:182km=0.0mm] [ZC:208km=56.0mm] [ZC:225km=0.0mm] [ZC:256km=0.0mm] [ZC:295km=0.0mm] [ZC:307km=4.0mm] [ZC:325km=5.0mm] [ZC:328km=11.0mm] [ZC:343km=400.0mm] [ZC:373km=5.0mm],False,no_iwv_buildup (delta=-1.7mm < 2.0mm threshold),False,offline_verification,CANDIDATE_CLOUDBURST,11
Guwahati,13,ISRO1071_15F42F(Ananda),27.44861,94.22945,2013-03-08,5.0,NORMAL,0.0,N/A,NORMAL,,False,,False,,NORMAL,0
Bagdogra,11,ISRO0066_15F042(GOSSAIGAON),26.3908333,89.9405555,2013-03-08,11.0,NORMAL,0.0,N/A,NORMAL,,False,,False,,NORMAL,0
Guwahati,13,ISRO1104_15F450(Dhemaji Degree College. Dhemaji),27.475555,94.55167,2013-03-08,400.0,T1,0.99,COARSE,CLOUDBURST_CANDIDATE,L=0.990 | R_core=400.0mm | R_bg=4.0mm (nearest_proxy (483km)) | scale=COARSE | gradient: [ZC:32km=5.0mm] [ZC:53km=5.0mm] [ZC:53km=0.0mm] [ZC:89km=0.0mm] [ZC:194km=73.0mm] [ZC:314km=56.0mm] [ZC:315km=0.0mm] [ZC:339km=0.0mm] [ZC:343km=364.0mm] [ZC:473km=11.0mm] [ZC:483km=4.0mm],False,no_iwv_buildup (delta=-1.2mm < 2.0mm threshold),False,offline_verification,CANDIDATE_CLOUDBURST,11
Guwahati,13,ISRO1074_15F432(Salonah),26.445833,92.975,2013-03-08,73.0,T2,0.9452,COARSE,CLOUDBURST_CANDIDATE,L=0.945 | R_core=73.0mm | R_bg=4.0mm (nearest_proxy (303km)) | scale=COARSE | gradient: [ZC:128km=0.0mm] [ZC:128km=0.0mm] [ZC:136km=56.0mm] [ZC:140km=0.0mm] [ZC:163km=0.0mm] [ZC:167km=5.0mm] [ZC:179km=364.0mm] [ZC:194km=400.0mm] [ZC:238km=5.0mm] [ZC:302km=11.0mm] [ZC:303km=4.0mm],False,no_iwv_buildup (delta=-1.2mm < 2.0mm threshold),False,offline_verification,CANDIDATE_CLOUDBURST,11
Guwahati,13,ISRO1102_15F44E(North Guwhathi College. North Guwhathi),26.202223,91.715836,2013-03-08,0.0,NORMAL,0.0,N/A,NORMAL,,False,,False,,NORMAL,0
Guwahati,13,ISRO0067_15F043(NALBARI),26.4358333,91.335,2013-03-08,0.0,NORMAL,0.0,N/A,NORMAL,,False,,False,,NORMAL,0
Guwahati,13,ISRO1074_15F432(Salonah),26.445833,92.975,2013-03-09,0.0,NORMAL,0.0,N/A,NORMAL,,False,,False,,NORMAL,0
Bagdogra,11,ISRO0066_15F042(GOSSAIGAON),26.3908333,89.9405555,2013-03-09,0.0,NORMAL,0.0,N/A,NORMAL,,False,,False,,NORMAL,0
Guwahati,13,ISRO1102_15F44E(North Guwhathi College. North Guwhathi),26.202223,91.715836,2013-03-09,0.0,NORMAL,0.0,N/A,NORMAL,,False,,False,,NORMAL,0
Guwahati,13,ISRO0067_15F043(NALBARI),26.4358333,91.335,2013-03-09,0.0,NORMAL,0.0,N/A,NORMAL,,False,,False,,NORMAL,0
Guwahati,13,ISRO1112_15F458(President. Gharowa. Lumding),25.751112,93.178055,2013-03-09,0.0,NORMAL,0.0,N/A,NORMAL,,False,,False,,NORMAL,0
Guwahati,13,ISRO1069_15F42D(TRA. Dikom),27.466667,95.08889,2013-03-09,0.0,NORMAL,0.0,N/A,NORMAL,,False,,False,,NORMAL,0
Lengpui,12,ISRO0069_15F045(ARUNACHAL),24.8541666,92.7388888,2013-03-09,0.0,NORMAL,0.0,N/A,NORMAL,,False,,False,,NORMAL,0
Guwahati,13,ISRO1104_15F450(Dhemaji Degree College. Dhemaji),27.475555,94.55167,2013-03-09,0.0,NORMAL,0.0,N/A,NORMAL,,False,,False,,NORMAL,0
Guwahati,13,ISRO0076_15F04C(Dhubri),26.023333,89.96917,2013-03-09,0.0,NORMAL,0.0,N/A,NORMAL,,False,,False,,NORMAL,0
Guwahati,13,ISRO0062_15F03E(LAKHIMPUR),27.2041666,94.1069444,2013-03-09,0.0,NORMAL,0.0,N/A,NORMAL,,False,,False,,NORMAL,0
Guwahati,13,ISRO1071_15F42F(Ananda),27.44861,94.22945,2013-03-09,0.0,NORMAL,0.0,N/A,NORMAL,,False,,False,,NORMAL,0
Guwahati,13,ISRO1106_15F452(Rangiya Degree College. Rangiya),26.426945,91.61389,2013-03-09,0.0,NORMAL,0.0,N/A,NORMAL,,False,,False,,NORMAL,0
Guwahati,13,ISRO1071_15F42F(Ananda),27.44861,94.22945,2013-03-10,47.0,T2,0.7872,COARSE,CLOUDBURST_CANDIDATE,L=0.787 | R_core=47.0mm | R_bg=10.0mm (nearest_proxy (452km)) | scale=COARSE | gradient: [ZC:30km=0.0mm] [ZC:85km=75.0mm] [ZC:216km=133.0mm] [ZC:285km=400.0mm] [ZC:308km=1.0mm] [ZC:325km=0.0mm] [ZC:441km=400.0mm] [ZC:452km=10.0mm],False,no_iwv_buildup (delta=1.4mm < 2.0mm threshold),False,offline_verification,CANDIDATE_CLOUDBURST,8
Guwahati,13,ISRO0067_15F043(NALBARI),26.4358333,91.335,2013-03-10,1.0,NORMAL,0.0,N/A,NORMAL,,False,,False,,NORMAL,0
Guwahati,13,ISRO1069_15F42D(TRA. Dikom),27.466667,95.08889,2013-03-10,75.0,T2,0.8667,COARSE,CLOUDBURST_CANDIDATE,L=0.867 | R_core=75.0mm | R_bg=10.0mm (nearest_proxy (533km)) | scale=COARSE | gradient: [ZC:85km=47.0mm] [ZC:101km=0.0mm] [ZC:269km=133.0mm] [ZC:363km=400.0mm] [ZC:373km=0.0mm] [ZC:389km=1.0mm] [ZC:524km=400.0mm] [ZC:533km=10.0mm],False,no_iwv_buildup (delta=1.4mm < 2.0mm threshold),False,offline_verification,CANDIDATE_CLOUDBURST,8
Guwahati,13,ISRO1112_15F458(President. Gharowa. Lumding),25.751112,93.178055,2013-03-10,133.0,T1,0.0,COARSE,WIDESPREAD_HEAVY_RAIN,L=0.000 | R_core=133.0mm | R_bg=400.0mm (nearest_proxy (331km)) | scale=COARSE | gradient: [ZC:109km=0.0mm] [ZC:155km=400.0mm] [ZC:186km=0.0mm] [ZC:199km=1.0mm] [ZC:216km=47.0mm] [ZC:269km=75.0mm] [ZC:322km=10.0mm] [ZC:331km=400.0mm],False,no_iwv_buildup (delta=1.4mm < 2.0mm threshold),False,offline_verification,WIDESPREAD_HEAVY_RAIN,8
Guwahati,13,ISRO0076_15F04C(Dhubri),26.023333,89.96917,2013-03-10,10.0,NORMAL,0.0,N/A,NORMAL,,False,,False,,NORMAL,0
Lengpui,12,ISRO0069_15F045(ARUNACHAL),24.8541666,92.7388888,2013-03-10,0.0,NORMAL,0.0,N/A,NORMAL,,False,,False,,NORMAL,0
Bagdogra,11,ISRO0066_15F042(GOSSAIGAON),26.3908333,89.9405555,2013-03-10,400.0,T1,0.8125,COARSE,CLOUDBURST_CANDIDATE,L=0.812 | R_core=400.0mm | R_bg=75.0mm (nearest_proxy (524km)) | scale=COARSE | gradient: [ZC:41km=10.0mm] [ZC:139km=1.0mm] [ZC:178km=400.0mm] [ZC:328km=0.0mm] [ZC:331km=133.0mm] [ZC:423km=0.0mm] [ZC:441km=47.0mm] [ZC:524km=75.0mm],False,no_iwv_buildup (delta=-1.5mm < 2.0mm threshold),False,offline_verification,CANDIDATE_CLOUDBURST,8
Guwahati,13,ISRO1102_15F44E(North Guwhathi College. North Guwhathi),26.202223,91.715836,2013-03-10,400.0,T1,0.8125,COARSE,CLOUDBURST_CANDIDATE,L=0.812 | R_core=400.0mm | R_bg=75.0mm (nearest_proxy (363km)) | scale=COARSE | gradient: [ZC:46km=1.0mm] [ZC:155km=133.0mm] [ZC:176km=10.0mm] [ZC:178km=400.0mm] [ZC:182km=0.0mm] [ZC:262km=0.0mm] [ZC:285km=47.0mm] [ZC:363km=75.0mm],False,no_iwv_buildup (delta=1.4mm < 2.0mm threshold),False,offline_verification,CANDIDATE_CLOUDBURST,8
Guwahati,13,ISRO0062_15F03E(LAKHIMPUR),27.2041666,94.1069444,2013-03-10,0.0,NORMAL,0.0,N/A,NORMAL,,False,,False,,NORMAL,0
Guwahati,13,ISRO1071_15F42F(Ananda),27.44861,94.22945,2013-03-11,58.0,T2,0.8966,COARSE,CLOUDBURST_CANDIDATE,L=0.897 | R_core=58.0mm | R_bg=6.0mm (nearest_proxy (452km)) | scale=COARSE | gradient: [ZC:30km=0.0mm] [ZC:32km=75.0mm] [ZC:85km=103.0mm] [ZC:167km=51.0mm] [ZC:216km=104.0mm] [ZC:283km=112.0mm] [ZC:285km=0.0mm] [ZC:308km=119.0mm] [ZC:325km=0.0mm] [ZC:441km=85.0mm] [ZC:452km=6.0mm],False,no_iwv_buildup (delta=-0.5mm < 2.0mm threshold),False,offline_verification,CANDIDATE_CLOUDBURST,11
Guwahati,13,ISRO1106_15F452(Rangiya Degree College. Rangiya),26.426945,91.61389,2013-03-11,112.0,T1,0.0804,COARSE,WIDESPREAD_HEAVY_RAIN,L=0.080 | R_core=112.0mm | R_bg=103.0mm (nearest_proxy (363km)) | scale=COARSE | gradient: [ZC:27km=0.0mm] [ZC:28km=119.0mm] [ZC:136km=51.0mm] [ZC:167km=85.0mm] [ZC:170km=6.0mm] [ZC:173km=104.0mm] [ZC:208km=0.0mm] [ZC:262km=0.0mm] [ZC:283km=58.0mm] [ZC:314km=75.0mm] [ZC:363km=103.0mm],False,no_iwv_buildup (delta=-0.5mm < 2.0mm threshold),False,offline_verification,WIDESPREAD_HEAVY_RAIN,11
Guwahati,13,ISRO1112_15F458(President. Gharowa. Lumding),25.751112,93.178055,2013-03-11,104.0,T1,0.1827,COARSE,WIDESPREAD_HEAVY_RAIN,L=0.183 | R_core=104.0mm | R_bg=85.0mm (nearest_proxy (331km)) | scale=COARSE | gradient: [ZC:80km=51.0mm] [ZC:109km=0.0mm] [ZC:155km=0.0mm] [ZC:173km=112.0mm] [ZC:186km=0.0mm] [ZC:199km=119.0mm] [ZC:216km=58.0mm] [ZC:235km=75.0mm] [ZC:269km=103.0mm] [ZC:322km=6.0mm] [ZC:331km=85.0mm],False,no_iwv_buildup (delta=-0.5mm < 2.0mm threshold),False,offline_verification,WIDESPREAD_HEAVY_RAIN,11
Guwahati,13,ISRO0076_15F04C(Dhubri),26.023333,89.96917,2013-03-11,6.0,NORMAL,0.0,N/A,NORMAL,,False,,False,,NORMAL,0
Bagdogra,11,ISRO0066_15F042(GOSSAIGAON),26.3908333,89.9405555,2013-03-11,85.0,T2,0.0,COARSE,WIDESPREAD_HEAVY_RAIN,L=0.000 | R_core=85.0mm | R_bg=103.0mm (nearest_proxy (524km)) | scale=COARSE | gradient: [ZC:41km=6.0mm] [ZC:139km=119.0mm] [ZC:167km=112.0mm] [ZC:178km=0.0mm] [ZC:302km=51.0mm] [ZC:328km=0.0mm] [ZC:331km=104.0mm] [ZC:423km=0.0mm] [ZC:441km=58.0mm] [ZC:473km=75.0mm] [ZC:524km=103.0mm],False,no_iwv_buildup (delta=-0.2mm < 2.0mm threshold),False,offline_verification,WIDESPREAD_HEAVY_RAIN,11
Guwahati,13,ISRO1104_15F450(Dhemaji Degree College. Dhemaji),27.475555,94.55167,2013-03-11,75.0,T2,0.92,COARSE,CLOUDBURST_CANDIDATE,L=0.920 | R_core=75.0mm | R_bg=6.0mm (nearest_proxy (483km)) | scale=COARSE | gradient: [ZC:32km=58.0mm] [ZC:53km=103.0mm] [ZC:53km=0.0mm] [ZC:194km=51.0mm] [ZC:235km=104.0mm] [ZC:314km=112.0mm] [ZC:315km=0.0mm] [ZC:339km=119.0mm] [ZC:343km=0.0mm] [ZC:473km=85.0mm] [ZC:483km=6.0mm],False,no_iwv_buildup (delta=-0.5mm < 2.0mm threshold),False,offline_verification,CANDIDATE_CLOUDBURST,11
Guwahati,13,ISRO0067_15F043(NALBARI),26.4358333,91.335,2013-03-11,119.0,T1,0.1345,COARSE,WIDESPREAD_HEAVY_RAIN,L=0.134 | R_core=119.0mm | R_bg=103.0mm (nearest_proxy (389km)) | scale=COARSE | gradient: [ZC:28km=112.0mm] [ZC:46km=0.0mm] [ZC:139km=85.0mm] [ZC:144km=6.0mm] [ZC:163km=51.0mm] [ZC:199km=104.0mm] [ZC:225km=0.0mm] [ZC:288km=0.0mm] [ZC:308km=58.0mm] [ZC:339km=75.0mm] [ZC:389km=103.0mm],False,no_iwv_buildup (delta=-0.5mm < 2.0mm threshold),False,offline_verification,WIDESPREAD_HEAVY_RAIN,11
Lengpui,12,ISRO0069_15F045(ARUNACHAL),24.8541666,92.7388888,2013-03-11,0.0,NORMAL,0.0,N/A,NORMAL,,False,,False,,NORMAL,0
Guwahati,13,ISRO0062_15F03E(LAKHIMPUR),27.2041666,94.1069444,2013-03-11,0.0,NORMAL,0.0,N/A,NORMAL,,False,,False,,NORMAL,0
Guwahati,13,ISRO1069_15F42D(TRA. Dikom),27.466667,95.08889,2013-03-11,103.0,T1,0.9417,COARSE,CLOUDBURST_CANDIDATE,L=0.942 | R_core=103.0mm | R_bg=6.0mm (nearest_proxy (533km)) | scale=COARSE | gradient: [ZC:53km=75.0mm] [ZC:85km=58.0mm] [ZC:101km=0.0mm] [ZC:238km=51.0mm] [ZC:269km=104.0mm] [ZC:363km=0.0mm] [ZC:363km=112.0mm] [ZC:373km=0.0mm] [ZC:389km=119.0mm] [ZC:524km=85.0mm] [ZC:533km=6.0mm],False,no_iwv_buildup (delta=-0.5mm < 2.0mm threshold),False,offline_verification,CANDIDATE_CLOUDBURST,11
Guwahati,13,ISRO1102_15F44E(North Guwhathi College. North Guwhathi),26.202223,91.715836,2013-03-11,0.0,NORMAL,0.0,N/A,NORMAL,,False,,False,,NORMAL,0
Guwahati,13,ISRO1074_15F432(Salonah),26.445833,92.975,2013-03-11,51.0,T2,0.8824,COARSE,CLOUDBURST_CANDIDATE,L=0.882 | R_core=51.0mm | R_bg=6.0mm (nearest_proxy (303km)) | scale=COARSE | gradient: [ZC:80km=104.0mm] [ZC:128km=0.0mm] [ZC:136km=112.0mm] [ZC:140km=0.0mm] [ZC:163km=119.0mm] [ZC:167km=58.0mm] [ZC:179km=0.0mm] [ZC:194km=75.0mm] [ZC:238km=103.0mm] [ZC:302km=85.0mm] [ZC:303km=6.0mm],False,no_iwv_buildup (delta=-0.5mm < 2.0mm threshold),False,offline_verification,CANDIDATE_CLOUDBURST,11
Guwahati,13,ISRO0062_15F03E(LAKHIMPUR),27.2041666,94.1069444,2013-03-12,0.0,NORMAL,0.0,N/A,NORMAL,,False,,False,,NORMAL,0
Guwahati,13,ISRO1106_15F452(Rangiya Degree College. Rangiya),26.426945,91.61389,2013-03-12,0.0,NORMAL,0.0,N/A,NORMAL,,False,,False,,NORMAL,0
Guwahati,13,ISRO1104_15F450(Dhemaji Degree College. Dhemaji),27.475555,94.55167,2013-03-12,0.0,NORMAL,0.0,N/A,NORMAL,,False,,False,,NORMAL,0
Guwahati,13,ISRO1071_15F42F(Ananda),27.44861,94.22945,2013-03-12,0.0,NORMAL,0.0,N/A,NORMAL,,False,,False,,NORMAL,0
Guwahati,13,ISRO1068_15F42C(TRA. Jorhat),26.730833,94.22667,2013-03-12,0.0,NORMAL,0.0,N/A,NORMAL,,False,,False,,NORMAL,0
Guwahati,13,ISRO0076_15F04C(Dhubri),26.023333,89.96917,2013-03-12,1.0,NORMAL,0.0,N/A,NORMAL,,False,,False,,NORMAL,0
Guwahati,13,ISRO1074_15F432(Salonah),26.445833,92.975,2013-03-12,0.0,NORMAL,0.0,N/A,NORMAL,,False,,False,,NORMAL,0
Guwahati,13,ISRO1102_15F44E(North Guwhathi College. North Guwhathi),26.202223,91.715836,2013-03-12,0.0,NORMAL,0.0,N/A,NORMAL,,False,,False,,NORMAL,0
Bagdogra,11,ISRO0066_15F042(GOSSAIGAON),26.3908333,89.9405555,2013-03-12,0.0,NORMAL,0.0,N/A,NORMAL,,False,,False,,NORMAL,0
Guwahati,13,ISRO1112_15F458(President. Gharowa. Lumding),25.751112,93.178055,2013-03-12,6.0,NORMAL,0.0,N/A,NORMAL,,False,,False,,NORMAL,0
Guwahati,13,ISRO1069_15F42D(TRA. Dikom),27.466667,95.08889,2013-03-12,0.0,NORMAL,0.0,N/A,NORMAL,,False,,False,,NORMAL,0
Guwahati,13,ISRO0067_15F043(NALBARI),26.4358333,91.335,2013-03-12,0.0,NORMAL,0.0,N/A,NORMAL,,False,,False,,NORMAL,0
Guwahati,13,ISRO1068_15F42C(TRA. Jorhat),26.730833,94.22667,2013-03-13,0.0,NORMAL,0.0,N/A,NORMAL,,False,,False,,NORMAL,0
Guwahati,13,ISRO1104_15F450(Dhemaji Degree College. Dhemaji),27.475555,94.55167,2013-03-13,0.0,NORMAL,0.0,N/A,NORMAL,,False,,False,,NORMAL,0
Guwahati,13,ISRO1112_15F458(President. Gharowa. Lumding),25.751112,93.178055,2013-03-13,0.0,NORMAL,0.0,N/A,NORMAL,,False,,False,,NORMAL,0
Guwahati,13,ISRO1102_15F44E(North Guwhathi College. North Guwhathi),26.202223,91.715836,2013-03-13,0.0,NORMAL,0.0,N/A,NORMAL,,False,,False,,NORMAL,0
Guwahati,13,ISRO1069_15F42D(TRA. Dikom),27.466667,95.08889,2013-03-13,0.0,NORMAL,0.0,N/A,NORMAL,,False,,False,,NORMAL,0
Guwahati,13,ISRO1106_15F452(Rangiya Degree College. Rangiya),26.426945,91.61389,2013-03-13,0.0,NORMAL,0.0,N/A,NORMAL,,False,,False,,NORMAL,0
Guwahati,13,ISRO1071_15F42F(Ananda),27.44861,94.22945,2013-03-13,0.0,NORMAL,0.0,N/A,NORMAL,,False,,False,,NORMAL,0
Guwahati,13,ISRO0076_15F04C(Dhubri),26.023333,89.96917,2013-03-13,0.0,NORMAL,0.0,N/A,NORMAL,,False,,False,,NORMAL,0
Guwahati,13,ISRO0067_15F043(NALBARI),26.4358333,91.335,2013-03-13,0.0,NORMAL,0.0,N/A,NORMAL,,False,,False,,NORMAL,0
Guwahati,13,ISRO0062_15F03E(LAKHIMPUR),27.2041666,94.1069444,2013-03-13,0.0,NORMAL,0.0,N/A,NORMAL,,False,,False,,NORMAL,0
Bagdogra,11,ISRO0066_15F042(GOSSAIGAON),26.3908333,89.9405555,2013-03-13,0.0,NORMAL,0.0,N/A,NORMAL,,False,,False,,NORMAL,0
Lengpui,12,ISRO0069_15F045(ARUNACHAL),24.8541666,92.7388888,2013-03-13,0.0,NORMAL,0.0,N/A,NORMAL,,False,,False,,NORMAL,0
Guwahati,13,ISRO1068_15F42C(TRA. Jorhat),26.730833,94.22667,2013-03-14,0.0,NORMAL,0.0,N/A,NORMAL,,False,,False,,NORMAL,0
Guwahati,13,ISRO1104_15F450(Dhemaji Degree College. Dhemaji),27.475555,94.55167,2013-03-14,0.0,NORMAL,0.0,N/A,NORMAL,,False,,False,,NORMAL,0
Guwahati,13,ISRO1069_15F42D(TRA. Dikom),27.466667,95.08889,2013-03-14,0.0,NORMAL,0.0,N/A,NORMAL,,False,,False,,NORMAL,0
Guwahati,13,ISRO1074_15F432(Salonah),26.445833,92.975,2013-03-14,0.0,NORMAL,0.0,N/A,NORMAL,,False,,False,,NORMAL,0
Guwahati,13,ISRO1071_15F42F(Ananda),27.44861,94.22945,2013-03-14,0.0,NORMAL,0.0,N/A,NORMAL,,False,,False,,NORMAL,0
Guwahati,13,ISRO0067_15F043(NALBARI),26.4358333,91.335,2013-03-14,0.0,NORMAL,0.0,N/A,NORMAL,,False,,False,,NORMAL,0
Lengpui,12,ISRO0069_15F045(ARUNACHAL),24.8541666,92.7388888,2013-03-14,0.0,NORMAL,0.0,N/A,NORMAL,,False,,False,,NORMAL,0
Guwahati,13,ISRO0062_15F03E(LAKHIMPUR),27.2041666,94.1069444,2013-03-14,0.0,NORMAL,0.0,N/A,NORMAL,,False,,False,,NORMAL,0
Guwahati,13,ISRO1102_15F44E(North Guwhathi College. North Guwhathi),26.202223,91.715836,2013-03-14,0.0,NORMAL,0.0,N/A,NORMAL,,False,,False,,NORMAL,0
Bagdogra,11,ISRO0066_15F042(GOSSAIGAON),26.3908333,89.9405555,2013-03-14,0.0,NORMAL,0.0,N/A,NORMAL,,False,,False,,NORMAL,0
Guwahati,13,ISRO0076_15F04C(Dhubri),26.023333,89.96917,2013-03-14,0.0,NORMAL,0.0,N/A,NORMAL,,False,,False,,NORMAL,0
Guwahati,13,ISRO1112_15F458(President. Gharowa. Lumding),25.751112,93.178055,2013-03-14,0.0,NORMAL,0.0,N/A,NORMAL,,False,,False,,NORMAL,0
Guwahati,13,ISRO1106_15F452(Rangiya Degree College. Rangiya),26.426945,91.61389,2013-03-14,0.0,NORMAL,0.0,N/A,NORMAL,,False,,False,,NORMAL,0
Guwahati,13,ISRO1112_15F458(President. Gharowa. Lumding),25.751112,93.178055,2013-03-15,0.0,NORMAL,0.0,N/A,NORMAL,,False,,False,,NORMAL,0
Lengpui,12,ISRO0069_15F045(ARUNACHAL),24.8541666,92.7388888,2013-03-15,0.0,NORMAL,0.0,N/A,NORMAL,,False,,False,,NORMAL,0
Guwahati,13,ISRO1104_15F450(Dhemaji Degree College. Dhemaji),27.475555,94.55167,2013-03-15,0.0,NORMAL,0.0,N/A,NORMAL,,False,,False,,NORMAL,0
Guwahati,13,ISRO1074_15F432(Salonah),26.445833,92.975,2013-03-15,0.0,NORMAL,0.0,N/A,NORMAL,,False,,False,,NORMAL,0
Guwahati,13,ISRO1106_15F452(Rangiya Degree College. Rangiya),26.426945,91.61389,2013-03-15,0.0,NORMAL,0.0,N/A,NORMAL,,False,,False,,NORMAL,0
Guwahati,13,ISRO0076_15F04C(Dhubri),26.023333,89.96917,2013-03-15,0.0,NORMAL,0.0,N/A,NORMAL,,False,,False,,NORMAL,0
Guwahati,13,ISRO1069_15F42D(TRA. Dikom),27.466667,95.08889,2013-03-15,0.0,NORMAL,0.0,N/A,NORMAL,,False,,False,,NORMAL,0
Guwahati,13,ISRO1102_15F44E(North Guwhathi College. North Guwhathi),26.202223,91.715836,2013-03-15,0.0,NORMAL,0.0,N/A,NORMAL,,False,,False,,NORMAL,0
Guwahati,13,ISRO1071_15F42F(Ananda),27.44861,94.22945,2013-03-15,0.0,NORMAL,0.0,N/A,NORMAL,,False,,False,,NORMAL,0
Bagdogra,11,ISRO0066_15F042(GOSSAIGAON),26.3908333,89.9405555,2013-03-15,0.0,NORMAL,0.0,N/A,NORMAL,,False,,False,,NORMAL,0
Guwahati,13,ISRO0067_15F043(NALBARI),26.4358333,91.335,2013-03-15,0.0,NORMAL,0.0,N/A,NORMAL,,False,,False,,NORMAL,0
Guwahati,13,ISRO0067_15F043(NALBARI),26.4358333,91.335,2013-04-03,0.0,NORMAL,0.0,N/A,NORMAL,,False,,False,,NORMAL,0
Guwahati,13,ISRO1071_15F42F(Ananda),27.44861,94.22945,2013-04-03,16.0,NORMAL,0.0,N/A,NORMAL,,False,,False,,NORMAL,0
Guwahati,13,ISRO1106_15F452(Rangiya Degree College. Rangiya),26.426945,91.61389,2013-04-03,12.0,NORMAL,0.0,N/A,NORMAL,,False,,False,,NORMAL,0
Guwahati,13,ISRO1102_15F44E(North Guwhathi College. North Guwhathi),26.202223,91.715836,2013-04-03,0.0,NORMAL,0.0,N/A,NORMAL,,False,,False,,NORMAL,0
Guwahati,13,ISRO1104_15F450(Dhemaji Degree College. Dhemaji),27.475555,94.55167,2013-04-03,8.0,NORMAL,0.0,N/A,NORMAL,,False,,False,,NORMAL,0
Guwahati,13,ISRO1068_15F42C(TRA. Jorhat),26.730833,94.22667,2013-04-03,0.0,NORMAL,0.0,N/A,NORMAL,,False,,False,,NORMAL,0
Guwahati,13,ISRO0062_15F03E(LAKHIMPUR),27.2041666,94.1069444,2013-04-03,4.0,NORMAL,0.0,N/A,NORMAL,,False,,False,,NORMAL,0
Guwahati,13,ISRO0076_15F04C(Dhubri),26.023333,89.96917,2013-04-03,14.0,NORMAL,0.0,N/A,NORMAL,,False,,False,,NORMAL,0
Bagdogra,11,ISRO0066_15F042(GOSSAIGAON),26.3908333,89.9405555,2013-04-03,16.0,NORMAL,0.0,N/A,NORMAL,,False,,False,,NORMAL,0
Guwahati,13,ISRO1074_15F432(Salonah),26.445833,92.975,2013-04-03,7.0,NORMAL,0.0,N/A,NORMAL,,False,,False,,NORMAL,0
Guwahati,13,ISRO1069_15F42D(TRA. Dikom),27.466667,95.08889,2013-04-03,5.0,NORMAL,0.0,N/A,NORMAL,,False,,False,,NORMAL,0
Lengpui,12,ISRO0069_15F045(ARUNACHAL),24.8541666,92.7388888,2013-04-03,5.0,NORMAL,0.0,N/A,NORMAL,,False,,False,,NORMAL,0
Guwahati,13,ISRO1112_15F458(President. Gharowa. Lumding),25.751112,93.178055,2013-04-03,20.0,NORMAL,0.0,N/A,NORMAL,,False,,False,,NORMAL,0
Guwahati,13,ISRO1106_15F452(Rangiya Degree College. Rangiya),26.426945,91.61389,2013-04-04,16.0,NORMAL,0.0,N/A,NORMAL,,False,,False,,NORMAL,0
Guwahati,13,ISRO1071_15F42F(Ananda),27.44861,94.22945,2013-04-04,89.0,T2,0.9326,COARSE,CLOUDBURST_CANDIDATE,L=0.933 | R_core=89.0mm | R_bg=6.0mm (nearest_proxy (452km)) | scale=COARSE | gradient: [ZC:30km=49.0mm] [ZC:32km=116.0mm] [ZC:80km=110.0mm] [ZC:85km=42.0mm] [ZC:167km=28.0mm] [ZC:216km=94.0mm] [ZC:283km=16.0mm] [ZC:285km=0.0mm] [ZC:308km=0.0mm] [ZC:325km=85.0mm] [ZC:441km=11.0mm] [ZC:452km=6.0mm],False,no_iwv_buildup (delta=-3.8mm < 2.0mm threshold),False,offline_verification,CANDIDATE_CLOUDBURST,12
Guwahati,13,ISRO1112_15F458(President. Gharowa. Lumding),25.751112,93.178055,2013-04-04,94.0,T2,0.883,COARSE,CLOUDBURST_CANDIDATE,L=0.883 | R_core=94.0mm | R_bg=11.0mm (nearest_proxy (331km)) | scale=COARSE | gradient: [ZC:80km=28.0mm] [ZC:109km=85.0mm] [ZC:151km=110.0mm] [ZC:155km=0.0mm] [ZC:173km=16.0mm] [ZC:186km=49.0mm] [ZC:199km=0.0mm] [ZC:216km=89.0mm] [ZC:235km=116.0mm] [ZC:269km=42.0mm] [ZC:322km=6.0mm] [ZC:331km=11.0mm],False,no_iwv_buildup (delta=-3.8mm < 2.0mm threshold),False,offline_verification,CANDIDATE_CLOUDBURST,12
Guwahati,13,ISRO0067_15F043(NALBARI),26.4358333,91.335,2013-04-04,0.0,NORMAL,0.0,N/A,NORMAL,,False,,False,,NORMAL,0
Guwahati,13,ISRO1104_15F450(Dhemaji Degree College. Dhemaji),27.475555,94.55167,2013-04-04,116.0,T1,0.9483,COARSE,CLOUDBURST_CANDIDATE,L=0.948 | R_core=116.0mm | R_bg=6.0mm (nearest_proxy (483km)) | scale=COARSE | gradient: [ZC:32km=89.0mm] [ZC:53km=42.0mm] [ZC:53km=49.0mm] [ZC:89km=110.0mm] [ZC:194km=28.0mm] [ZC:235km=94.0mm] [ZC:314km=16.0mm] [ZC:315km=0.0mm] [ZC:339km=0.0mm] [ZC:343km=85.0mm] [ZC:473km=11.0mm] [ZC:483km=6.0mm],False,no_iwv_buildup (delta=-3.8mm < 2.0mm threshold),False,offline_verification,CANDIDATE_CLOUDBURST,12
Lengpui,12,ISRO0069_15F045(ARUNACHAL),24.8541666,92.7388888,2013-04-04,85.0,T2,0.5059,COARSE,CLOUDBURST_CANDIDATE,L=0.506 | R_core=85.0mm | R_bg=42.0mm (nearest_proxy (373km)) | scale=COARSE | gradient: [ZC:109km=94.0mm] [ZC:179km=28.0mm] [ZC:182km=0.0mm] [ZC:208km=16.0mm] [ZC:225km=0.0mm] [ZC:256km=110.0mm] [ZC:295km=49.0mm] [ZC:307km=6.0mm] [ZC:325km=89.0mm] [ZC:328km=11.0mm] [ZC:343km=116.0mm] [ZC:373km=42.0mm],False,no_iwv_buildup (delta=0.1mm < 2.0mm threshold),False,offline_verification,CANDIDATE_CLOUDBURST,12
Guwahati,13,ISRO0062_15F03E(LAKHIMPUR),27.2041666,94.1069444,2013-04-04,49.0,T2,0.8776,COARSE,CLOUDBURST_CANDIDATE,L=0.878 | R_core=49.0mm | R_bg=6.0mm (nearest_proxy (432km)) | scale=COARSE | gradient: [ZC:30km=89.0mm] [ZC:53km=116.0mm] [ZC:54km=110.0mm] [ZC:101km=42.0mm] [ZC:140km=28.0mm] [ZC:186km=94.0mm] [ZC:262km=16.0mm] [ZC:262km=0.0mm] [ZC:288km=0.0mm] [ZC:295km=85.0mm] [ZC:423km=11.0mm] [ZC:432km=6.0mm],False,no_iwv_buildup (delta=-3.8mm < 2.0mm threshold),False,offline_verification,CANDIDATE_CLOUDBURST,12
Guwahati,13,ISRO1102_15F44E(North Guwhathi College. North Guwhathi),26.202223,91.715836,2013-04-04,0.0,NORMAL,0.0,N/A,NORMAL,,False,,False,,NORMAL,0
Guwahati,13,ISRO1068_15F42C(TRA. Jorhat),26.730833,94.22667,2013-04-04,110.0,T1,0.9455,COARSE,CLOUDBURST_CANDIDATE,L=0.945 | R_core=110.0mm | R_bg=6.0mm (nearest_proxy (431km)) | scale=COARSE | gradient: [ZC:54km=49.0mm] [ZC:80km=89.0mm] [ZC:89km=116.0mm] [ZC:118km=42.0mm] [ZC:128km=28.0mm] [ZC:151km=94.0mm] [ZC:256km=85.0mm] [ZC:257km=0.0mm] [ZC:262km=16.0mm] [ZC:289km=0.0mm] [ZC:428km=11.0mm] [ZC:431km=6.0mm],False,no_iwv_buildup (delta=-3.8mm < 2.0mm threshold),False,offline_verification,CANDIDATE_CLOUDBURST,12
Guwahati,13,ISRO1069_15F42D(TRA. Dikom),27.466667,95.08889,2013-04-04,42.0,T2,0.8571,COARSE,CLOUDBURST_CANDIDATE,L=0.857 | R_core=42.0mm | R_bg=6.0mm (nearest_proxy (533km)) | scale=COARSE | gradient: [ZC:53km=116.0mm] [ZC:85km=89.0mm] [ZC:101km=49.0mm] [ZC:118km=110.0mm] [ZC:238km=28.0mm] [ZC:269km=94.0mm] [ZC:363km=0.0mm] [ZC:363km=16.0mm] [ZC:373km=85.0mm] [ZC:389km=0.0mm] [ZC:524km=11.0mm] [ZC:533km=6.0mm],False,no_iwv_buildup (delta=-3.8mm < 2.0mm threshold),False,offline_verification,CANDIDATE_CLOUDBURST,12
Bagdogra,11,ISRO0066_15F042(GOSSAIGAON),26.3908333,89.9405555,2013-04-04,11.0,NORMAL,0.0,N/A,NORMAL,,False,,False,,NORMAL,0
Guwahati,13,ISRO1074_15F432(Salonah),26.445833,92.975,2013-04-04,28.0,NORMAL,0.0,N/A,NORMAL,,False,,False,,NORMAL,0
Guwahati,13,ISRO1104_15F450(Dhemaji Degree College. Dhemaji),27.475555,94.55167,2013-04-05,260.0,T1,0.95,COARSE,CLOUDBURST_CANDIDATE,L=0.950 | R_core=260.0mm | R_bg=13.0mm (nearest_proxy (483km)) | scale=COARSE | gradient: [ZC:32km=187.0mm] [ZC:53km=13.0mm] [ZC:53km=0.0mm] [ZC:89km=54.0mm] [ZC:194km=25.0mm] [ZC:235km=92.0mm] [ZC:314km=59.0mm] [ZC:315km=0.0mm] [ZC:339km=0.0mm] [ZC:343km=381.0mm] [ZC:473km=400.0mm] [ZC:483km=13.0mm],False,no_iwv_buildup (delta=-6.9mm < 2.0mm threshold),False,offline_verification,CANDIDATE_CLOUDBURST,12
Guwahati,13,ISRO1068_15F42C(TRA. Jorhat),26.730833,94.22667,2013-04-05,54.0,T2,0.7593,COARSE,CLOUDBURST_CANDIDATE,L=0.759 | R_core=54.0mm | R_bg=13.0mm (nearest_proxy (431km)) | scale=COARSE | gradient: [ZC:54km=0.0mm] [ZC:80km=187.0mm] [ZC:89km=260.0mm] [ZC:118km=13.0mm] [ZC:128km=25.0mm] [ZC:151km=92.0mm] [ZC:256km=381.0mm] [ZC:257km=0.0mm] [ZC:262km=59.0mm] [ZC:289km=0.0mm] [ZC:428km=400.0mm] [ZC:431km=13.0mm],False,no_iwv_buildup (delta=-6.9mm < 2.0mm threshold),False,offline_verification,CANDIDATE_CLOUDBURST,12
Guwahati,13,ISRO0076_15F04C(Dhubri),26.023333,89.96917,2013-04-05,13.0,NORMAL,0.0,N/A,NORMAL,,False,,False,,NORMAL,0
Guwahati,13,ISRO1074_15F432(Salonah),26.445833,92.975,2013-04-05,25.0,NORMAL,0.0,N/A,NORMAL,,False,,False,,NORMAL,0
Guwahati,13,ISRO1102_15F44E(North Guwhathi College. North Guwhathi),26.202223,91.715836,2013-04-05,0.0,NORMAL,0.0,N/A,NORMAL,,False,,False,,NORMAL,0
Guwahati,13,ISRO1069_15F42D(TRA. Dikom),27.466667,95.08889,2013-04-05,13.0,NORMAL,0.0,N/A,NORMAL,,False,,False,,NORMAL,0
Guwahati,13,ISRO1112_15F458(President. Gharowa. Lumding),25.751112,93.178055,2013-04-05,92.0,T2,0.0,COARSE,WIDESPREAD_HEAVY_RAIN,L=0.000 | R_core=92.0mm | R_bg=400.0mm (nearest_proxy (331km)) | scale=COARSE | gradient: [ZC:80km=25.0mm] [ZC:109km=381.0mm] [ZC:151km=54.0mm] [ZC:155km=0.0mm] [ZC:173km=59.0mm] [ZC:186km=0.0mm] [ZC:199km=0.0mm] [ZC:216km=187.0mm] [ZC:235km=260.0mm] [ZC:269km=13.0mm] [ZC:322km=13.0mm] [ZC:331km=400.0mm],False,no_iwv_buildup (delta=-6.9mm < 2.0mm threshold),False,offline_verification,WIDESPREAD_HEAVY_RAIN,12
Bagdogra,11,ISRO0066_15F042(GOSSAIGAON),26.3908333,89.9405555,2013-04-05,400.0,T1,0.9675,COARSE,CLOUDBURST_CANDIDATE,L=0.968 | R_core=400.0mm | R_bg=13.0mm (nearest_proxy (524km)) | scale=COARSE | gradient: [ZC:41km=13.0mm] [ZC:139km=0.0mm] [ZC:167km=59.0mm] [ZC:178km=0.0mm] [ZC:302km=25.0mm] [ZC:328km=381.0mm] [ZC:331km=92.0mm] [ZC:423km=0.0mm] [ZC:428km=54.0mm] [ZC:441km=187.0mm] [ZC:473km=260.0mm] [ZC:524km=13.0mm],False,no_iwv_buildup (delta=0.5mm < 2.0mm threshold),False,offline_verification,CANDIDATE_CLOUDBURST,12
Guwahati,13,ISRO0067_15F043(NALBARI),26.4358333,91.335,2013-04-05,0.0,NORMAL,0.0,N/A,NORMAL,,False,,False,,NORMAL,0
Lengpui,12,ISRO0069_15F045(ARUNACHAL),24.8541666,92.7388888,2013-04-05,381.0,T1,0.9659,COARSE,CLOUDBURST_CANDIDATE,L=0.966 | R_core=381.0mm | R_bg=13.0mm (nearest_proxy (373km)) | scale=COARSE | gradient: [ZC:109km=92.0mm] [ZC:179km=25.0mm] [ZC:182km=0.0mm] [ZC:208km=59.0mm] [ZC:225km=0.0mm] [ZC:256km=54.0mm] [ZC:295km=0.0mm] [ZC:307km=13.0mm] [ZC:325km=187.0mm] [ZC:328km=400.0mm] [ZC:343km=260.0mm] [ZC:373km=13.0mm],False,no_iwv_buildup (delta=-0.6mm < 2.0mm threshold),False,offline_verification,CANDIDATE_CLOUDBURST,12
Guwahati,13,ISRO1106_15F452(Rangiya Degree College. Rangiya),26.426945,91.61389,2013-04-05,59.0,T2,0.7797,COARSE,CLOUDBURST_CANDIDATE,L=0.780 | R_core=59.0mm | R_bg=13.0mm (nearest_proxy (363km)) | scale=COARSE | gradient: [ZC:27km=0.0mm] [ZC:28km=0.0mm] [ZC:136km=25.0mm] [ZC:167km=400.0mm] [ZC:170km=13.0mm] [ZC:173km=92.0mm] [ZC:208km=381.0mm] [ZC:262km=54.0mm] [ZC:262km=0.0mm] [ZC:283km=187.0mm] [ZC:314km=260.0mm] [ZC:363km=13.0mm],False,no_iwv_buildup (delta=-6.9mm < 2.0mm threshold),False,offline_verification,CANDIDATE_CLOUDBURST,12
Guwahati,13,ISRO0062_15F03E(LAKHIMPUR),27.2041666,94.1069444,2013-04-05,0.0,NORMAL,0.0,N/A,NORMAL,,False,,False,,NORMAL,0
Guwahati,13,ISRO1071_15F42F(Ananda),27.44861,94.22945,2013-04-05,187.0,T1,0.9305,COARSE,CLOUDBURST_CANDIDATE,L=0.930 | R_core=187.0mm | R_bg=13.0mm (nearest_proxy (452km)) | scale=COARSE | gradient: [ZC:30km=0.0mm] [ZC:32km=260.0mm] [ZC:80km=54.0mm] [ZC:85km=13.0mm] [ZC:167km=25.0mm] [ZC:216km=92.0mm] [ZC:283km=59.0mm] [ZC:285km=0.0mm] [ZC:308km=0.0mm] [ZC:325km=381.0mm] [ZC:441km=400.0mm] [ZC:452km=13.0mm],False,no_iwv_buildup (delta=-6.9mm < 2.0mm threshold),False,offline_verification,CANDIDATE_CLOUDBURST,12
Guwahati,13,ISRO1112_15F458(President. Gharowa. Lumding),25.751112,93.178055,2013-04-06,261.0,T1,0.8276,COARSE,CLOUDBURST_CANDIDATE,L=0.828 | R_core=261.0mm | R_bg=45.0mm (nearest_proxy (331km)) | scale=COARSE | gradient: [ZC:80km=62.0mm] [ZC:151km=0.0mm] [ZC:155km=0.0mm] [ZC:173km=51.0mm] [ZC:186km=1.0mm] [ZC:199km=13.0mm] [ZC:216km=44.0mm] [ZC:235km=270.0mm] [ZC:269km=10.0mm] [ZC:322km=54.0mm] [ZC:331km=45.0mm],False,no_iwv_buildup (delta=-0.9mm < 2.0mm threshold),False,offline_verification,CANDIDATE_CLOUDBURST,11
Guwahati,13,ISRO1102_15F44E(North Guwhathi College. North Guwhathi),26.202223,91.715836,2013-04-06,0.0,NORMAL,0.0,N/A,NORMAL,,False,,False,,NORMAL,0
Guwahati,13,ISRO1069_15F42D(TRA. Dikom),27.466667,95.08889,2013-04-06,10.0,NORMAL,0.0,N/A,NORMAL,,False,,False,,NORMAL,0
Guwahati,13,ISRO0076_15F04C(Dhubri),26.023333,89.96917,2013-04-06,54.0,T2,0.8148,COARSE,CLOUDBURST_CANDIDATE,L=0.815 | R_core=54.0mm | R_bg=10.0mm (nearest_proxy (533km)) | scale=COARSE | gradient: [ZC:41km=45.0mm] [ZC:144km=13.0mm] [ZC:170km=51.0mm] [ZC:176km=0.0mm] [ZC:303km=62.0mm] [ZC:322km=261.0mm] [ZC:431km=0.0mm] [ZC:432km=1.0mm] [ZC:452km=44.0mm] [ZC:483km=270.0mm] [ZC:533km=10.0mm],False,no_iwv_buildup (delta=-0.9mm < 2.0mm threshold),False,offline_verification,CANDIDATE_CLOUDBURST,11
Guwahati,13,ISRO1074_15F432(Salonah),26.445833,92.975,2013-04-06,62.0,T2,0.129,COARSE,WIDESPREAD_HEAVY_RAIN,L=0.129 | R_core=62.0mm | R_bg=54.0mm (nearest_proxy (303km)) | scale=COARSE | gradient: [ZC:80km=261.0mm] [ZC:128km=0.0mm] [ZC:128km=0.0mm] [ZC:136km=51.0mm] [ZC:140km=1.0mm] [ZC:163km=13.0mm] [ZC:167km=44.0mm] [ZC:194km=270.0mm] [ZC:238km=10.0mm] [ZC:302km=45.0mm] [ZC:303km=54.0mm],False,no_iwv_buildup (delta=-0.9mm < 2.0mm threshold),False,offline_verification,WIDESPREAD_HEAVY_RAIN,11
Guwahati,13,ISRO0067_15F043(NALBARI),26.4358333,91.335,2013-04-06,13.0,NORMAL,0.0,N/A,NORMAL,,False,,False,,NORMAL,0
Guwahati,13,ISRO1104_15F450(Dhemaji Degree College. Dhemaji),27.475555,94.55167,2013-04-06,270.0,T1,0.8,COARSE,CLOUDBURST_CANDIDATE,L=0.800 | R_core=270.0mm | R_bg=54.0mm (nearest_proxy (483km)) | scale=COARSE | gradient: [ZC:32km=44.0mm] [ZC:53km=10.0mm] [ZC:53km=1.0mm] [ZC:89km=0.0mm] [ZC:194km=62.0mm] [ZC:235km=261.0mm] [ZC:314km=51.0mm] [ZC:315km=0.0mm] [ZC:339km=13.0mm] [ZC:473km=45.0mm] [ZC:483km=54.0mm],False,no_iwv_buildup (delta=-0.9mm < 2.0mm threshold),False,offline_verification,CANDIDATE_CLOUDBURST,11
Guwahati,13,ISRO1106_15F452(Rangiya Degree College. Rangiya),26.426945,91.61389,2013-04-06,51.0,T2,0.8039,COARSE,CLOUDBURST_CANDIDATE,L=0.804 | R_core=51.0mm | R_bg=10.0mm (nearest_proxy (363km)) | scale=COARSE | gradient: [ZC:27km=0.0mm] [ZC:28km=13.0mm] [ZC:136km=62.0mm] [ZC:167km=45.0mm] [ZC:170km=54.0mm] [ZC:173km=261.0mm] [ZC:262km=0.0mm] [ZC:262km=1.0mm] [ZC:283km=44.0mm] [ZC:314km=270.0mm] [ZC:363km=10.0mm],False,no_iwv_buildup (delta=-0.9mm < 2.0mm threshold),False,offline_verification,CANDIDATE_CLOUDBURST,11
Guwahati,13,ISRO0062_15F03E(LAKHIMPUR),27.2041666,94.1069444,2013-04-06,1.0,NORMAL,0.0,N/A,NORMAL,,False,,False,,NORMAL,0
Bagdogra,11,ISRO0066_15F042(GOSSAIGAON),26.3908333,89.9405555,2013-04-06,45.0,T2,0.7778,COARSE,CLOUDBURST_CANDIDATE,L=0.778 | R_core=45.0mm | R_bg=10.0mm (nearest_proxy (524km)) | scale=COARSE | gradient: [ZC:41km=54.0mm] [ZC:139km=13.0mm] [ZC:167km=51.0mm] [ZC:178km=0.0mm] [ZC:302km=62.0mm] [ZC:331km=261.0mm] [ZC:423km=1.0mm] [ZC:428km=0.0mm] [ZC:441km=44.0mm] [ZC:473km=270.0mm] [ZC:524km=10.0mm],False,no_iwv_buildup (delta=0.1mm < 2.0mm threshold),False,offline_verification,CANDIDATE_CLOUDBURST,11
Guwahati,13,ISRO1071_15F42F(Ananda),27.44861,94.22945,2013-04-06,44.0,T2,0.0,COARSE,WIDESPREAD_HEAVY_RAIN,L=0.000 | R_core=44.0mm | R_bg=54.0mm (nearest_proxy (452km)) | scale=COARSE | gradient: [ZC:30km=1.0mm] [ZC:32km=270.0mm] [ZC:80km=0.0mm] [ZC:85km=10.0mm] [ZC:167km=62.0mm] [ZC:216km=261.0mm] [ZC:283km=51.0mm] [ZC:285km=0.0mm] [ZC:308km=13.0mm] [ZC:441km=45.0mm] [ZC:452km=54.0mm],False,no_iwv_buildup (delta=-0.9mm < 2.0mm threshold),False,offline_verification,WIDESPREAD_HEAVY_RAIN,11
Guwahati,13,ISRO1068_15F42C(TRA. Jorhat),26.730833,94.22667,2013-04-06,0.0,NORMAL,0.0,N/A,NORMAL,,False,,False,,NORMAL,0
Guwahati,13,ISRO1068_15F42C(TRA. Jorhat),26.730833,94.22667,2013-04-07,0.0,NORMAL,0.0,N/A,NORMAL,,False,,False,,NORMAL,0
Guwahati,13,ISRO1071_15F42F(Ananda),27.44861,94.22945,2013-04-07,13.0,NORMAL,0.0,N/A,NORMAL,,False,,False,,NORMAL,0
Guwahati,13,ISRO0076_15F04C(Dhubri),26.023333,89.96917,2013-04-07,24.0,NORMAL,0.0,N/A,NORMAL,,False,,False,,NORMAL,0
Guwahati,13,ISRO0062_15F03E(LAKHIMPUR),27.2041666,94.1069444,2013-04-07,0.0,NORMAL,0.0,N/A,NORMAL,,False,,False,,NORMAL,0
Guwahati,13,ISRO1069_15F42D(TRA. Dikom),27.466667,95.08889,2013-04-07,1.0,NORMAL,0.0,N/A,NORMAL,,False,,False,,NORMAL,0
Guwahati,13,ISRO1102_15F44E(North Guwhathi College. North Guwhathi),26.202223,91.715836,2013-04-07,0.0,NORMAL,0.0,N/A,NORMAL,,False,,False,,NORMAL,0
Guwahati,13,ISRO1074_15F432(Salonah),26.445833,92.975,2013-04-07,79.0,T2,0.6962,COARSE,CLOUDBURST_CANDIDATE,L=0.696 | R_core=79.0mm | R_bg=24.0mm (nearest_proxy (303km)) | scale=COARSE | gradient: [ZC:80km=190.0mm] [ZC:128km=0.0mm] [ZC:128km=0.0mm] [ZC:136km=123.0mm] [ZC:140km=0.0mm] [ZC:163km=0.0mm] [ZC:167km=13.0mm] [ZC:179km=124.0mm] [ZC:238km=1.0mm] [ZC:303km=24.0mm],False,no_iwv_buildup (delta=-1.7mm < 2.0mm threshold),False,offline_verification,CANDIDATE_CLOUDBURST,10
Lengpui,12,ISRO0069_15F045(ARUNACHAL),24.8541666,92.7388888,2013-04-07,124.0,T1,0.9919,COARSE,CLOUDBURST_CANDIDATE,L=0.992 | R_core=124.0mm | R_bg=1.0mm (nearest_proxy (373km)) | scale=COARSE | gradient: [ZC:109km=190.0mm] [ZC:179km=79.0mm] [ZC:182km=0.0mm] [ZC:208km=123.0mm] [ZC:225km=0.0mm] [ZC:256km=0.0mm] [ZC:295km=0.0mm] [ZC:307km=24.0mm] [ZC:325km=13.0mm] [ZC:373km=1.0mm],False,no_iwv_buildup (delta=0.1mm < 2.0mm threshold),False,offline_verification,CANDIDATE_CLOUDBURST,10
Guwahati,13,ISRO1106_15F452(Rangiya Degree College. Rangiya),26.426945,91.61389,2013-04-07,123.0,T1,0.9919,COARSE,CLOUDBURST_CANDIDATE,L=0.992 | R_core=123.0mm | R_bg=1.0mm (nearest_proxy (363km)) | scale=COARSE | gradient: [ZC:27km=0.0mm] [ZC:28km=0.0mm] [ZC:136km=79.0mm] [ZC:170km=24.0mm] [ZC:173km=190.0mm] [ZC:208km=124.0mm] [ZC:262km=0.0mm] [ZC:262km=0.0mm] [ZC:283km=13.0mm] [ZC:363km=1.0mm],False,no_iwv_buildup (delta=-1.7mm < 2.0mm threshold),False,offline_verification,CANDIDATE_CLOUDBURST,10
Guwahati,13,ISRO1112_15F458(President. Gharowa. Lumding),25.751112,93.178055,2013-04-07,190.0,T1,0.8737,COARSE,CLOUDBURST_CANDIDATE,L=0.874 | R_core=190.0mm | R_bg=24.0mm (nearest_proxy (322km)) | scale=COARSE | gradient: [ZC:80km=79.0mm] [ZC:109km=124.0mm] [ZC:151km=0.0mm] [ZC:155km=0.0mm] [ZC:173km=123.0mm] [ZC:186km=0.0mm] [ZC:199km=0.0mm] [ZC:216km=13.0mm] [ZC:269km=1.0mm] [ZC:322km=24.0mm],False,no_iwv_buildup (delta=-1.7mm < 2.0mm threshold),False,offline_verification,CANDIDATE_CLOUDBURST,10
Guwahati,13,ISRO0076_15F04C(Dhubri),26.023333,89.96917,2013-04-08,4.0,NORMAL,0.0,N/A,NORMAL,,False,,False,,NORMAL,0
Guwahati,13,ISRO1074_15F432(Salonah),26.445833,92.975,2013-04-08,72.0,T2,0.9444,COARSE,CLOUDBURST_CANDIDATE,L=0.944 | R_core=72.0mm | R_bg=4.0mm (nearest_proxy (303km)) | scale=COARSE | gradient: [ZC:80km=0.0mm] [ZC:128km=0.0mm] [ZC:128km=0.0mm] [ZC:136km=56.0mm] [ZC:140km=0.0mm] [ZC:163km=0.0mm] [ZC:167km=5.0mm] [ZC:179km=365.0mm] [ZC:194km=400.0mm] [ZC:238km=5.0mm] [ZC:302km=11.0mm] [ZC:303km=4.0mm],True,"buildup=3.6mm, drawdown=yes (0.0mm)",True,IWV_confirmed,CONFIRMED_CLOUDBURST,12
Lengpui,12,ISRO0069_15F045(ARUNACHAL),24.8541666,92.7388888,2013-04-08,365.0,T1,0.9863,COARSE,CLOUDBURST_CANDIDATE,L=0.986 | R_core=365.0mm | R_bg=5.0mm (nearest_proxy (373km)) | scale=COARSE | gradient: [ZC:109km=0.0mm] [ZC:179km=72.0mm] [ZC:182km=0.0mm] [ZC:208km=56.0mm] [ZC:225km=0.0mm] [ZC:256km=0.0mm] [ZC:295km=0.0mm] [ZC:307km=4.0mm] [ZC:325km=5.0mm] [ZC:328km=11.0mm] [ZC:343km=400.0mm] [ZC:373km=5.0mm],False,no_iwv_buildup (delta=-1.5mm < 2.0mm threshold),False,offline_verification,CANDIDATE_CLOUDBURST,12
Guwahati,13,ISRO1106_15F452(Rangiya Degree College. Rangiya),26.426945,91.61389,2013-04-08,56.0,T2,0.9107,COARSE,CLOUDBURST_CANDIDATE,L=0.911 | R_core=56.0mm | R_bg=5.0mm (nearest_proxy (363km)) | scale=COARSE | gradient: [ZC:27km=0.0mm] [ZC:28km=0.0mm] [ZC:136km=72.0mm] [ZC:167km=11.0mm] [ZC:170km=4.0mm] [ZC:173km=0.0mm] [ZC:208km=365.0mm] [ZC:262km=0.0mm] [ZC:262km=0.0mm] [ZC:283km=5.0mm] [ZC:314km=400.0mm] [ZC:363km=5.0mm],True,"buildup=3.6mm, drawdown=yes (0.0mm)",True,IWV_confirmed,CONFIRMED_CLOUDBURST,12
Guwahati,13,ISRO1071_15F42F(Ananda),27.44861,94.22945,2013-04-08,5.0,NORMAL,0.0,N/A,NORMAL,,False,,False,,NORMAL,0
Guwahati,13,ISRO0067_15F043(NALBARI),26.4358333,91.335,2013-04-08,0.0,NORMAL,0.0,N/A,NORMAL,,False,,False,,NORMAL,0
Guwahati,13,ISRO1068_15F42C(TRA. Jorhat),26.730833,94.22667,2013-04-08,0.0,NORMAL,0.0,N/A,NORMAL,,False,,False,,NORMAL,0
Guwahati,13,ISRO1069_15F42D(TRA. Dikom),27.466667,95.08889,2013-04-08,5.0,NORMAL,0.0,N/A,NORMAL,,False,,False,,NORMAL,0
Guwahati,13,ISRO1112_15F458(President. Gharowa. Lumding),25.751112,93.178055,2013-04-08,0.0,NORMAL,0.0,N/A,NORMAL,,False,,False,,NORMAL,0
Guwahati,13,ISRO1104_15F450(Dhemaji Degree College. Dhemaji),27.475555,94.55167,2013-04-08,400.0,T1,0.99,COARSE,CLOUDBURST_CANDIDATE,L=0.990 | R_core=400.0mm | R_bg=4.0mm (nearest_proxy (483km)) | scale=COARSE | gradient: [ZC:32km=5.0mm] [ZC:53km=5.0mm] [ZC:53km=0.0mm] [ZC:89km=0.0mm] [ZC:194km=72.0mm] [ZC:235km=0.0mm] [ZC:314km=56.0mm] [ZC:315km=0.0mm] [ZC:339km=0.0mm] [ZC:343km=365.0mm] [ZC:473km=11.0mm] [ZC:483km=4.0mm],True,"buildup=3.6mm, drawdown=yes (0.0mm)",True,IWV_confirmed,CONFIRMED_CLOUDBURST,12
Bagdogra,11,ISRO0066_15F042(GOSSAIGAON),26.3908333,89.9405555,2013-04-08,11.0,NORMAL,0.0,N/A,NORMAL,,False,,False,,NORMAL,0
Guwahati,13,ISRO1102_15F44E(North Guwhathi College. North Guwhathi),26.202223,91.715836,2013-04-08,0.0,NORMAL,0.0,N/A,NORMAL,,False,,False,,NORMAL,0
Lengpui,12,ISRO0069_15F045(ARUNACHAL),24.8541666,92.7388888,2013-04-09,0.0,NORMAL,0.0,N/A,NORMAL,,False,,False,,NORMAL,0
Guwahati,13,ISRO1071_15F42F(Ananda),27.44861,94.22945,2013-04-09,0.0,NORMAL,0.0,N/A,NORMAL,,False,,False,,NORMAL,0
Guwahati,13,ISRO0062_15F03E(LAKHIMPUR),27.2041666,94.1069444,2013-04-09,0.0,NORMAL,0.0,N/A,NORMAL,,False,,False,,NORMAL,0
Guwahati,13,ISRO0067_15F043(NALBARI),26.4358333,91.335,2013-04-09,0.0,NORMAL,0.0,N/A,NORMAL,,False,,False,,NORMAL,0
Guwahati,13,ISRO1112_15F458(President. Gharowa. Lumding),25.751112,93.178055,2013-04-09,0.0,NORMAL,0.0,N/A,NORMAL,,False,,False,,NORMAL,0
Guwahati,13,ISRO1074_15F432(Salonah),26.445833,92.975,2013-04-09,0.0,NORMAL,0.0,N/A,NORMAL,,False,,False,,NORMAL,0
Guwahati,13,ISRO1106_15F452(Rangiya Degree College. Rangiya),26.426945,91.61389,2013-04-09,0.0,NORMAL,0.0,N/A,NORMAL,,False,,False,,NORMAL,0
Bagdogra,11,ISRO0066_15F042(GOSSAIGAON),26.3908333,89.9405555,2013-04-09,0.0,NORMAL,0.0,N/A,NORMAL,,False,,False,,NORMAL,0
Guwahati,13,ISRO1069_15F42D(TRA. Dikom),27.466667,95.08889,2013-04-09,0.0,NORMAL,0.0,N/A,NORMAL,,False,,False,,NORMAL,0
Guwahati,13,ISRO1104_15F450(Dhemaji Degree College. Dhemaji),27.475555,94.55167,2013-04-09,0.0,NORMAL,0.0,N/A,NORMAL,,False,,False,,NORMAL,0
Guwahati,13,ISRO0076_15F04C(Dhubri),26.023333,89.96917,2013-04-09,0.0,NORMAL,0.0,N/A,NORMAL,,False,,False,,NORMAL,0
Guwahati,13,ISRO0076_15F04C(Dhubri),26.023333,89.96917,2013-04-10,10.0,NORMAL,0.0,N/A,NORMAL,,False,,False,,NORMAL,0
Guwahati,13,ISRO0062_15F03E(LAKHIMPUR),27.2041666,94.1069444,2013-04-10,0.0,NORMAL,0.0,N/A,NORMAL,,False,,False,,NORMAL,0
Bagdogra,11,ISRO0066_15F042(GOSSAIGAON),26.3908333,89.9405555,2013-04-10,400.0,T1,0.79,COARSE,CLOUDBURST_CANDIDATE,L=0.790 | R_core=400.0mm | R_bg=84.0mm (nearest_proxy (524km)) | scale=COARSE | gradient: [ZC:41km=10.0mm] [ZC:423km=0.0mm] [ZC:441km=47.0mm] [ZC:524km=84.0mm],False,no_iwv_buildup (delta=-0.6mm < 2.0mm threshold),False,offline_verification,CANDIDATE_CLOUDBURST,4
Guwahati,13,ISRO1069_15F42D(TRA. Dikom),27.466667,95.08889,2013-04-10,84.0,T2,0.881,COARSE,CLOUDBURST_CANDIDATE,L=0.881 | R_core=84.0mm | R_bg=10.0mm (nearest_proxy (533km)) | scale=COARSE | gradient: [ZC:85km=47.0mm] [ZC:101km=0.0mm] [ZC:524km=400.0mm] [ZC:533km=10.0mm],False,no_iwv_buildup (delta=1.3mm < 2.0mm threshold),False,offline_verification,CANDIDATE_CLOUDBURST,4
Guwahati,13,ISRO1071_15F42F(Ananda),27.44861,94.22945,2013-04-10,47.0,T2,0.7872,COARSE,CLOUDBURST_CANDIDATE,L=0.787 | R_core=47.0mm | R_bg=10.0mm (nearest_proxy (452km)) | scale=COARSE | gradient: [ZC:30km=0.0mm] [ZC:85km=84.0mm] [ZC:441km=400.0mm] [ZC:452km=10.0mm],False,no_iwv_buildup (delta=1.3mm < 2.0mm threshold),False,offline_verification,CANDIDATE_CLOUDBURST,4
Guwahati,13,ISRO1104_15F450(Dhemaji Degree College. Dhemaji),27.475555,94.55167,2013-04-11,73.0,T2,0.9178,COARSE,CLOUDBURST_CANDIDATE,L=0.918 | R_core=73.0mm | R_bg=6.0mm (nearest_proxy (483km)) | scale=COARSE | gradient: [ZC:32km=58.0mm] [ZC:53km=94.0mm] [ZC:53km=0.0mm] [ZC:194km=32.0mm] [ZC:235km=104.0mm] [ZC:314km=89.0mm] [ZC:315km=0.0mm] [ZC:339km=118.0mm] [ZC:343km=0.0mm] [ZC:473km=85.0mm] [ZC:483km=6.0mm],False,no_iwv_buildup (delta=-4.5mm < 2.0mm threshold),False,offline_verification,CANDIDATE_CLOUDBURST,11
Lengpui,12,ISRO0069_15F045(ARUNACHAL),24.8541666,92.7388888,2013-04-11,0.0,NORMAL,0.0,N/A,NORMAL,,False,,False,,NORMAL,0
Guwahati,13,ISRO1106_15F452(Rangiya Degree College. Rangiya),26.426945,91.61389,2013-04-11,89.0,T2,0.0,COARSE,WIDESPREAD_HEAVY_RAIN,L=0.000 | R_core=89.0mm | R_bg=94.0mm (nearest_proxy (363km)) | scale=COARSE | gradient: [ZC:27km=0.0mm] [ZC:28km=118.0mm] [ZC:136km=32.0mm] [ZC:167km=85.0mm] [ZC:170km=6.0mm] [ZC:173km=104.0mm] [ZC:208km=0.0mm] [ZC:262km=0.0mm] [ZC:283km=58.0mm] [ZC:314km=73.0mm] [ZC:363km=94.0mm],False,no_iwv_buildup (delta=-4.5mm < 2.0mm threshold),False,offline_verification,WIDESPREAD_HEAVY_RAIN,11
Guwahati,13,ISRO1071_15F42F(Ananda),27.44861,94.22945,2013-04-11,58.0,T2,0.8966,COARSE,CLOUDBURST_CANDIDATE,L=0.897 | R_core=58.0mm | R_bg=6.0mm (nearest_proxy (452km)) | scale=COARSE | gradient: [ZC:30km=0.0mm] [ZC:32km=73.0mm] [ZC:85km=94.0mm] [ZC:167km=32.0mm] [ZC:216km=104.0mm] [ZC:283km=89.0mm] [ZC:285km=0.0mm] [ZC:308km=118.0mm] [ZC:325km=0.0mm] [ZC:441km=85.0mm] [ZC:452km=6.0mm],False,no_iwv_buildup (delta=-4.5mm < 2.0mm threshold),False,offline_verification,CANDIDATE_CLOUDBURST,11
Guwahati,13,ISRO1112_15F458(President. Gharowa. Lumding),25.751112,93.178055,2013-04-11,104.0,T1,0.1827,COARSE,WIDESPREAD_HEAVY_RAIN,L=0.183 | R_core=104.0mm | R_bg=85.0mm (nearest_proxy (331km)) | scale=COARSE | gradient: [ZC:80km=32.0mm] [ZC:109km=0.0mm] [ZC:155km=0.0mm] [ZC:173km=89.0mm] [ZC:186km=0.0mm] [ZC:199km=118.0mm] [ZC:216km=58.0mm] [ZC:235km=73.0mm] [ZC:269km=94.0mm] [ZC:322km=6.0mm] [ZC:331km=85.0mm],False,no_iwv_buildup (delta=-4.5mm < 2.0mm threshold),False,offline_verification,WIDESPREAD_HEAVY_RAIN,11
Guwahati,13,ISRO1069_15F42D(TRA. Dikom),27.466667,95.08889,2013-04-11,94.0,T2,0.9362,COARSE,CLOUDBURST_CANDIDATE,L=0.936 | R_core=94.0mm | R_bg=6.0mm (nearest_proxy (533km)) | scale=COARSE | gradient: [ZC:53km=73.0mm] [ZC:85km=58.0mm] [ZC:101km=0.0mm] [ZC:238km=32.0mm] [ZC:269km=104.0mm] [ZC:363km=0.0mm] [ZC:363km=89.0mm] [ZC:373km=0.0mm] [ZC:389km=118.0mm] [ZC:524km=85.0mm] [ZC:533km=6.0mm],False,no_iwv_buildup (delta=-4.5mm < 2.0mm threshold),False,offline_verification,CANDIDATE_CLOUDBURST,11
Bagdogra,11,ISRO0066_15F042(GOSSAIGAON),26.3908333,89.9405555,2013-04-11,85.0,T2,0.0,COARSE,WIDESPREAD_HEAVY_RAIN,L=0.000 | R_core=85.0mm | R_bg=94.0mm (nearest_proxy (524km)) | scale=COARSE | gradient: [ZC:41km=6.0mm] [ZC:139km=118.0mm] [ZC:167km=89.0mm] [ZC:178km=0.0mm] [ZC:302km=32.0mm] [ZC:328km=0.0mm] [ZC:331km=104.0mm] [ZC:423km=0.0mm] [ZC:441km=58.0mm] [ZC:473km=73.0mm] [ZC:524km=94.0mm],False,no_iwv_buildup (delta=-0.5mm < 2.0mm threshold),False,offline_verification,WIDESPREAD_HEAVY_RAIN,11
Guwahati,13,ISRO0062_15F03E(LAKHIMPUR),27.2041666,94.1069444,2013-04-11,0.0,NORMAL,0.0,N/A,NORMAL,,False,,False,,NORMAL,0
Guwahati,13,ISRO0076_15F04C(Dhubri),26.023333,89.96917,2013-04-11,6.0,NORMAL,0.0,N/A,NORMAL,,False,,False,,NORMAL,0
Guwahati,13,ISRO1074_15F432(Salonah),26.445833,92.975,2013-04-11,32.0,T2,0.8125,COARSE,CLOUDBURST_CANDIDATE,L=0.812 | R_core=32.0mm | R_bg=6.0mm (nearest_proxy (303km)) | scale=COARSE | gradient: [ZC:80km=104.0mm] [ZC:128km=0.0mm] [ZC:136km=89.0mm] [ZC:140km=0.0mm] [ZC:163km=118.0mm] [ZC:167km=58.0mm] [ZC:179km=0.0mm] [ZC:194km=73.0mm] [ZC:238km=94.0mm] [ZC:302km=85.0mm] [ZC:303km=6.0mm],False,no_iwv_buildup (delta=-4.5mm < 2.0mm threshold),False,offline_verification,CANDIDATE_CLOUDBURST,11
Guwahati,13,ISRO0067_15F043(NALBARI),26.4358333,91.335,2013-04-11,118.0,T1,0.2034,COARSE,WIDESPREAD_HEAVY_RAIN,L=0.203 | R_core=118.0mm | R_bg=94.0mm (nearest_proxy (389km)) | scale=COARSE | gradient: [ZC:28km=89.0mm] [ZC:46km=0.0mm] [ZC:139km=85.0mm] [ZC:144km=6.0mm] [ZC:163km=32.0mm] [ZC:199km=104.0mm] [ZC:225km=0.0mm] [ZC:288km=0.0mm] [ZC:308km=58.0mm] [ZC:339km=73.0mm] [ZC:389km=94.0mm],False,no_iwv_buildup (delta=-4.5mm < 2.0mm threshold),False,offline_verification,WIDESPREAD_HEAVY_RAIN,11
Guwahati,13,ISRO0076_15F04C(Dhubri),26.023333,89.96917,2013-04-12,1.0,NORMAL,0.0,N/A,NORMAL,,False,,False,,NORMAL,0
Guwahati,13,ISRO1106_15F452(Rangiya Degree College. Rangiya),26.426945,91.61389,2013-04-12,0.0,NORMAL,0.0,N/A,NORMAL,,False,,False,,NORMAL,0
Guwahati,13,ISRO1068_15F42C(TRA. Jorhat),26.730833,94.22667,2013-04-12,0.0,NORMAL,0.0,N/A,NORMAL,,False,,False,,NORMAL,0
Lengpui,12,ISRO0069_15F045(ARUNACHAL),24.8541666,92.7388888,2013-04-12,110.0,T1,1.0,COARSE,CLOUDBURST_CANDIDATE,L=1.000 | R_core=110.0mm | R_bg=0.0mm (nearest_proxy (373km)) | scale=COARSE | gradient: [ZC:109km=6.0mm] [ZC:179km=0.0mm] [ZC:182km=0.0mm] [ZC:208km=0.0mm] [ZC:225km=0.0mm] [ZC:256km=0.0mm] [ZC:307km=1.0mm] [ZC:325km=0.0mm] [ZC:328km=0.0mm] [ZC:343km=0.0mm] [ZC:373km=0.0mm],False,no_iwv_buildup (delta=-0.0mm < 2.0mm threshold),False,offline_verification,CANDIDATE_CLOUDBURST,11
Guwahati,13,ISRO1104_15F450(Dhemaji Degree College. Dhemaji),27.475555,94.55167,2013-04-12,0.0,NORMAL,0.0,N/A,NORMAL,,False,,False,,NORMAL,0
Guwahati,13,ISRO1071_15F42F(Ananda),27.44861,94.22945,2013-04-12,0.0,NORMAL,0.0,N/A,NORMAL,,False,,False,,NORMAL,0
Guwahati,13,ISRO1074_15F432(Salonah),26.445833,92.975,2013-04-12,0.0,NORMAL,0.0,N/A,NORMAL,,False,,False,,NORMAL,0
Guwahati,13,ISRO1069_15F42D(TRA. Dikom),27.466667,95.08889,2013-04-12,0.0,NORMAL,0.0,N/A,NORMAL,,False,,False,,NORMAL,0
Bagdogra,11,ISRO0066_15F042(GOSSAIGAON),26.3908333,89.9405555,2013-04-12,0.0,NORMAL,0.0,N/A,NORMAL,,False,,False,,NORMAL,0
Guwahati,13,ISRO0067_15F043(NALBARI),26.4358333,91.335,2013-04-12,0.0,NORMAL,0.0,N/A,NORMAL,,False,,False,,NORMAL,0
Guwahati,13,ISRO1102_15F44E(North Guwhathi College. North Guwhathi),26.202223,91.715836,2013-04-12,0.0,NORMAL,0.0,N/A,NORMAL,,False,,False,,NORMAL,0
Guwahati,13,ISRO1112_15F458(President. Gharowa. Lumding),25.751112,93.178055,2013-04-12,6.0,NORMAL,0.0,N/A,NORMAL,,False,,False,,NORMAL,0
Guwahati,13,ISRO1071_15F42F(Ananda),27.44861,94.22945,2013-04-13,0.0,NORMAL,0.0,N/A,NORMAL,,False,,False,,NORMAL,0
Guwahati,13,ISRO1102_15F44E(North Guwhathi College. North Guwhathi),26.202223,91.715836,2013-04-13,0.0,NORMAL,0.0,N/A,NORMAL,,False,,False,,NORMAL,0
Bagdogra,11,ISRO0066_15F042(GOSSAIGAON),26.3908333,89.9405555,2013-04-13,0.0,NORMAL,0.0,N/A,NORMAL,,False,,False,,NORMAL,0
Guwahati,13,ISRO1068_15F42C(TRA. Jorhat),26.730833,94.22667,2013-04-13,0.0,NORMAL,0.0,N/A,NORMAL,,False,,False,,NORMAL,0
Guwahati,13,ISRO0062_15F03E(LAKHIMPUR),27.2041666,94.1069444,2013-04-13,0.0,NORMAL,0.0,N/A,NORMAL,,False,,False,,NORMAL,0
Guwahati,13,ISRO0067_15F043(NALBARI),26.4358333,91.335,2013-04-13,0.0,NORMAL,0.0,N/A,NORMAL,,False,,False,,NORMAL,0
Guwahati,13,ISRO1106_15F452(Rangiya Degree College. Rangiya),26.426945,91.61389,2013-04-13,0.0,NORMAL,0.0,N/A,NORMAL,,False,,False,,NORMAL,0
Lengpui,12,ISRO0069_15F045(ARUNACHAL),24.8541666,92.7388888,2013-04-13,0.0,NORMAL,0.0,N/A,NORMAL,,False,,False,,NORMAL,0
Guwahati,13,ISRO1074_15F432(Salonah),26.445833,92.975,2013-04-13,0.0,NORMAL,0.0,N/A,NORMAL,,False,,False,,NORMAL,0
Guwahati,13,ISRO1104_15F450(Dhemaji Degree College. Dhemaji),27.475555,94.55167,2013-04-13,0.0,NORMAL,0.0,N/A,NORMAL,,False,,False,,NORMAL,0
Guwahati,13,ISRO0076_15F04C(Dhubri),26.023333,89.96917,2013-04-13,0.0,NORMAL,0.0,N/A,NORMAL,,False,,False,,NORMAL,0
Guwahati,13,ISRO1112_15F458(President. Gharowa. Lumding),25.751112,93.178055,2013-04-13,0.0,NORMAL,0.0,N/A,NORMAL,,False,,False,,NORMAL,0
Guwahati,13,ISRO1104_15F450(Dhemaji Degree College. Dhemaji),27.475555,94.55167,2013-04-14,0.0,NORMAL,0.0,N/A,NORMAL,,False,,False,,NORMAL,0
Guwahati,13,ISRO0062_15F03E(LAKHIMPUR),27.2041666,94.1069444,2013-04-14,0.0,NORMAL,0.0,N/A,NORMAL,,False,,False,,NORMAL,0
Guwahati,13,ISRO1112_15F458(President. Gharowa. Lumding),25.751112,93.178055,2013-04-14,0.0,NORMAL,0.0,N/A,NORMAL,,False,,False,,NORMAL,0
Guwahati,13,ISRO1068_15F42C(TRA. Jorhat),26.730833,94.22667,2013-04-14,0.0,NORMAL,0.0,N/A,NORMAL,,False,,False,,NORMAL,0
Guwahati,13,ISRO1102_15F44E(North Guwhathi College. North Guwhathi),26.202223,91.715836,2013-04-14,0.0,NORMAL,0.0,N/A,NORMAL,,False,,False,,NORMAL,0
Bagdogra,11,ISRO0066_15F042(GOSSAIGAON),26.3908333,89.9405555,2013-04-14,0.0,NORMAL,0.0,N/A,NORMAL,,False,,False,,NORMAL,0
Guwahati,13,ISRO0067_15F043(NALBARI),26.4358333,91.335,2013-04-14,0.0,NORMAL,0.0,N/A,NORMAL,,False,,False,,NORMAL,0
Guwahati,13,ISRO1071_15F42F(Ananda),27.44861,94.22945,2013-04-14,0.0,NORMAL,0.0,N/A,NORMAL,,False,,False,,NORMAL,0
Guwahati,13,ISRO1074_15F432(Salonah),26.445833,92.975,2013-04-14,0.0,NORMAL,0.0,N/A,NORMAL,,False,,False,,NORMAL,0
Guwahati,13,ISRO1069_15F42D(TRA. Dikom),27.466667,95.08889,2013-04-14,0.0,NORMAL,0.0,N/A,NORMAL,,False,,False,,NORMAL,0
Guwahati,13,ISRO1106_15F452(Rangiya Degree College. Rangiya),26.426945,91.61389,2013-04-14,0.0,NORMAL,0.0,N/A,NORMAL,,False,,False,,NORMAL,0
Lengpui,12,ISRO0069_15F045(ARUNACHAL),24.8541666,92.7388888,2013-04-14,0.0,NORMAL,0.0,N/A,NORMAL,,False,,False,,NORMAL,0
Guwahati,13,ISRO0076_15F04C(Dhubri),26.023333,89.96917,2013-04-14,0.0,NORMAL,0.0,N/A,NORMAL,,False,,False,,NORMAL,0
Guwahati,13,ISRO1102_15F44E(North Guwhathi College. North Guwhathi),26.202223,91.715836,2013-04-15,0.0,NORMAL,0.0,N/A,NORMAL,,False,,False,,NORMAL,0
Guwahati,13,ISRO1071_15F42F(Ananda),27.44861,94.22945,2013-04-15,0.0,NORMAL,0.0,N/A,NORMAL,,False,,False,,NORMAL,0
Guwahati,13,ISRO1106_15F452(Rangiya Degree College. Rangiya),26.426945,91.61389,2013-04-15,0.0,NORMAL,0.0,N/A,NORMAL,,False,,False,,NORMAL,0
Guwahati,13,ISRO1069_15F42D(TRA. Dikom),27.466667,95.08889,2013-04-15,0.0,NORMAL,0.0,N/A,NORMAL,,False,,False,,NORMAL,0
Guwahati,13,ISRO1112_15F458(President. Gharowa. Lumding),25.751112,93.178055,2013-04-15,0.0,NORMAL,0.0,N/A,NORMAL,,False,,False,,NORMAL,0
Guwahati,13,ISRO1104_15F450(Dhemaji Degree College. Dhemaji),27.475555,94.55167,2013-04-15,0.0,NORMAL,0.0,N/A,NORMAL,,False,,False,,NORMAL,0
Guwahati,13,ISRO1074_15F432(Salonah),26.445833,92.975,2013-04-15,0.0,NORMAL,0.0,N/A,NORMAL,,False,,False,,NORMAL,0
Lengpui,12,ISRO0069_15F045(ARUNACHAL),24.8541666,92.7388888,2013-04-15,0.0,NORMAL,0.0,N/A,NORMAL,,False,,False,,NORMAL,0
Guwahati,13,ISRO0076_15F04C(Dhubri),26.023333,89.96917,2013-04-15,0.0,NORMAL,0.0,N/A,NORMAL,,False,,False,,NORMAL,0
Bagdogra,11,ISRO0066_15F042(GOSSAIGAON),26.3908333,89.9405555,2013-04-15,0.0,NORMAL,0.0,N/A,NORMAL,,False,,False,,NORMAL,0
Guwahati,13,ISRO0067_15F043(NALBARI),26.4358333,91.335,2013-04-15,0.0,NORMAL,0.0,N/A,NORMAL,,False,,False,,NORMAL,0
Guwahati,13,ISRO0062_15F03E(LAKHIMPUR),27.2041666,94.1069444,2013-04-15,0.0,NORMAL,0.0,N/A,NORMAL,,False,,False,,NORMAL,0
Bagdogra,11,ISRO0066_15F042(GOSSAIGAON),26.3908333,89.9405555,2013-05-03,16.0,NORMAL,0.0,N/A,NORMAL,,False,,False,,NORMAL,0
Guwahati,13,ISRO1068_15F42C(TRA. Jorhat),26.730833,94.22667,2013-05-03,0.0,NORMAL,0.0,N/A,NORMAL,,False,,False,,NORMAL,0
Guwahati,13,ISRO1112_15F458(President. Gharowa. Lumding),25.751112,93.178055,2013-05-03,20.0,NORMAL,0.0,N/A,NORMAL,,False,,False,,NORMAL,0
Guwahati,13,ISRO1102_15F44E(North Guwhathi College. North Guwhathi),26.202223,91.715836,2013-05-03,0.0,NORMAL,0.0,N/A,NORMAL,,False,,False,,NORMAL,0
Guwahati,13,ISRO1069_15F42D(TRA. Dikom),27.466667,95.08889,2013-05-03,5.0,NORMAL,0.0,N/A,NORMAL,,False,,False,,NORMAL,0
Guwahati,13,ISRO0067_15F043(NALBARI),26.4358333,91.335,2013-05-03,0.0,NORMAL,0.0,N/A,NORMAL,,False,,False,,NORMAL,0
Guwahati,13,ISRO1071_15F42F(Ananda),27.44861,94.22945,2013-05-03,16.0,NORMAL,0.0,N/A,NORMAL,,False,,False,,NORMAL,0
Guwahati,13,ISRO1106_15F452(Rangiya Degree College. Rangiya),26.426945,91.61389,2013-05-03,12.0,NORMAL,0.0,N/A,NORMAL,,False,,False,,NORMAL,0
Lengpui,12,ISRO0069_15F045(ARUNACHAL),24.8541666,92.7388888,2013-05-03,5.0,NORMAL,0.0,N/A,NORMAL,,False,,False,,NORMAL,0
Guwahati,13,ISRO1074_15F432(Salonah),26.445833,92.975,2013-05-03,7.0,NORMAL,0.0,N/A,NORMAL,,False,,False,,NORMAL,0
Guwahati,13,ISRO1104_15F450(Dhemaji Degree College. Dhemaji),27.475555,94.55167,2013-05-03,8.0,NORMAL,0.0,N/A,NORMAL,,False,,False,,NORMAL,0
Guwahati,13,ISRO0062_15F03E(LAKHIMPUR),27.2041666,94.1069444,2013-05-03,4.0,NORMAL,0.0,N/A,NORMAL,,False,,False,,NORMAL,0
Guwahati,13,ISRO1071_15F42F(Ananda),27.44861,94.22945,2013-05-04,89.0,T2,0.9326,COARSE,CLOUDBURST_CANDIDATE,L=0.933 | R_core=89.0mm | R_bg=6.0mm (nearest_proxy (452km)) | scale=COARSE | gradient: [ZC:30km=49.0mm] [ZC:32km=116.0mm] [ZC:80km=110.0mm] [ZC:85km=42.0mm] [ZC:167km=28.0mm] [ZC:216km=94.0mm] [ZC:283km=16.0mm] [ZC:285km=65.0mm] [ZC:308km=0.0mm] [ZC:325km=92.0mm] [ZC:441km=11.0mm] [ZC:452km=6.0mm],False,no_iwv_buildup (delta=-4.3mm < 2.0mm threshold),False,offline_verification,CANDIDATE_CLOUDBURST,12
Guwahati,13,ISRO1074_15F432(Salonah),26.445833,92.975,2013-05-04,28.0,NORMAL,0.0,N/A,NORMAL,,False,,False,,NORMAL,0
Guwahati,13,ISRO1069_15F42D(TRA. Dikom),27.466667,95.08889,2013-05-04,42.0,T2,0.8571,COARSE,CLOUDBURST_CANDIDATE,L=0.857 | R_core=42.0mm | R_bg=6.0mm (nearest_proxy (533km)) | scale=COARSE | gradient: [ZC:53km=116.0mm] [ZC:85km=89.0mm] [ZC:101km=49.0mm] [ZC:118km=110.0mm] [ZC:238km=28.0mm] [ZC:269km=94.0mm] [ZC:363km=65.0mm] [ZC:363km=16.0mm] [ZC:373km=92.0mm] [ZC:389km=0.0mm] [ZC:524km=11.0mm] [ZC:533km=6.0mm],False,no_iwv_buildup (delta=-4.3mm < 2.0mm threshold),False,offline_verification,CANDIDATE_CLOUDBURST,12
Bagdogra,11,ISRO0066_15F042(GOSSAIGAON),26.3908333,89.9405555,2013-05-04,11.0,NORMAL,0.0,N/A,NORMAL,,False,,False,,NORMAL,0
Guwahati,13,ISRO0067_15F043(NALBARI),26.4358333,91.335,2013-05-04,0.0,NORMAL,0.0,N/A,NORMAL,,False,,False,,NORMAL,0
Guwahati,13,ISRO1068_15F42C(TRA. Jorhat),26.730833,94.22667,2013-05-04,110.0,T1,0.9455,COARSE,CLOUDBURST_CANDIDATE,L=0.945 | R_core=110.0mm | R_bg=6.0mm (nearest_proxy (431km)) | scale=COARSE | gradient: [ZC:54km=49.0mm] [ZC:80km=89.0mm] [ZC:89km=116.0mm] [ZC:118km=42.0mm] [ZC:128km=28.0mm] [ZC:151km=94.0mm] [ZC:256km=92.0mm] [ZC:257km=65.0mm] [ZC:262km=16.0mm] [ZC:289km=0.0mm] [ZC:428km=11.0mm] [ZC:431km=6.0mm],False,no_iwv_buildup (delta=-4.3mm < 2.0mm threshold),False,offline_verification,CANDIDATE_CLOUDBURST,12
Guwahati,13,ISRO1102_15F44E(North Guwhathi College. North Guwhathi),26.202223,91.715836,2013-05-04,65.0,T2,0.3538,COARSE,WIDESPREAD_HEAVY_RAIN,L=0.354 | R_core=65.0mm | R_bg=42.0mm (nearest_proxy (363km)) | scale=COARSE | gradient: [ZC:27km=16.0mm] [ZC:46km=0.0mm] [ZC:128km=28.0mm] [ZC:155km=94.0mm] [ZC:176km=6.0mm] [ZC:178km=11.0mm] [ZC:182km=92.0mm] [ZC:257km=110.0mm] [ZC:262km=49.0mm] [ZC:285km=89.0mm] [ZC:315km=116.0mm] [ZC:363km=42.0mm],False,no_iwv_buildup (delta=-4.3mm < 2.0mm threshold),False,offline_verification,WIDESPREAD_HEAVY_RAIN,12
Guwahati,13,ISRO1112_15F458(President. Gharowa. Lumding),25.751112,93.178055,2013-05-04,94.0,T2,0.883,COARSE,CLOUDBURST_CANDIDATE,L=0.883 | R_core=94.0mm | R_bg=11.0mm (nearest_proxy (331km)) | scale=COARSE | gradient: [ZC:80km=28.0mm] [ZC:109km=92.0mm] [ZC:151km=110.0mm] [ZC:155km=65.0mm] [ZC:173km=16.0mm] [ZC:186km=49.0mm] [ZC:199km=0.0mm] [ZC:216km=89.0mm] [ZC:235km=116.0mm] [ZC:269km=42.0mm] [ZC:322km=6.0mm] [ZC:331km=11.0mm],False,no_iwv_buildup (delta=-4.3mm < 2.0mm threshold),False,offline_verification,CANDIDATE_CLOUDBURST,12
Guwahati,13,ISRO1106_15F452(Rangiya Degree College. Rangiya),26.426945,91.61389,2013-05-04,16.0,NORMAL,0.0,N/A,NORMAL,,False,,False,,NORMAL,0
Guwahati,13,ISRO1104_15F450(Dhemaji Degree College. Dhemaji),27.475555,94.55167,2013-05-04,116.0,T1,0.9483,COARSE,CLOUDBURST_CANDIDATE,L=0.948 | R_core=116.0mm | R_bg=6.0mm (nearest_proxy (483km)) | scale=COARSE | gradient: [ZC:32km=89.0mm] [ZC:53km=42.0mm] [ZC:53km=49.0mm] [ZC:89km=110.0mm] [ZC:194km=28.0mm] [ZC:235km=94.0mm] [ZC:314km=16.0mm] [ZC:315km=65.0mm] [ZC:339km=0.0mm] [ZC:343km=92.0mm] [ZC:473km=11.0mm] [ZC:483km=6.0mm],False,no_iwv_buildup (delta=-4.3mm < 2.0mm threshold),False,offline_verification,CANDIDATE_CLOUDBURST,12
Guwahati,13,ISRO0062_15F03E(LAKHIMPUR),27.2041666,94.1069444,2013-05-04,49.0,T2,0.8776,COARSE,CLOUDBURST_CANDIDATE,L=0.878 | R_core=49.0mm | R_bg=6.0mm (nearest_proxy (432km)) | scale=COARSE | gradient: [ZC:30km=89.0mm] [ZC:53km=116.0mm] [ZC:54km=110.0mm] [ZC:101km=42.0mm] [ZC:140km=28.0mm] [ZC:186km=94.0mm] [ZC:262km=16.0mm] [ZC:262km=65.0mm] [ZC:288km=0.0mm] [ZC:295km=92.0mm] [ZC:423km=11.0mm] [ZC:432km=6.0mm],False,no_iwv_buildup (delta=-4.3mm < 2.0mm threshold),False,offline_verification,CANDIDATE_CLOUDBURST,12
Lengpui,12,ISRO0069_15F045(ARUNACHAL),24.8541666,92.7388888,2013-05-04,92.0,T2,0.5435,COARSE,CLOUDBURST_CANDIDATE,L=0.543 | R_core=92.0mm | R_bg=42.0mm (nearest_proxy (373km)) | scale=COARSE | gradient: [ZC:109km=94.0mm] [ZC:179km=28.0mm] [ZC:182km=65.0mm] [ZC:208km=16.0mm] [ZC:225km=0.0mm] [ZC:256km=110.0mm] [ZC:295km=49.0mm] [ZC:307km=6.0mm] [ZC:325km=89.0mm] [ZC:328km=11.0mm] [ZC:343km=116.0mm] [ZC:373km=42.0mm],True,"buildup=3.0mm, drawdown=yes (1.5mm)",True,IWV_confirmed,CANDIDATE_CLOUDBURST,12
Guwahati,13,ISRO0076_15F04C(Dhubri),26.023333,89.96917,2013-05-04,6.0,NORMAL,0.0,N/A,NORMAL,,False,,False,,NORMAL,0
Guwahati,13,ISRO1068_15F42C(TRA. Jorhat),26.730833,94.22667,2013-05-05,54.0,T2,0.7407,COARSE,CLOUDBURST_CANDIDATE,L=0.741 | R_core=54.0mm | R_bg=14.0mm (nearest_proxy (431km)) | scale=COARSE | gradient: [ZC:54km=0.0mm] [ZC:80km=205.0mm] [ZC:89km=262.0mm] [ZC:118km=13.0mm] [ZC:128km=26.0mm] [ZC:151km=99.0mm] [ZC:256km=400.0mm] [ZC:262km=60.0mm] [ZC:289km=0.0mm] [ZC:428km=400.0mm] [ZC:431km=14.0mm],False,no_iwv_buildup (delta=-5.2mm < 2.0mm threshold),False,offline_verification,CANDIDATE_CLOUDBURST,11
Guwahati,13,ISRO1112_15F458(President. Gharowa. Lumding),25.751112,93.178055,2013-05-05,99.0,T2,0.0,COARSE,WIDESPREAD_HEAVY_RAIN,L=0.000 | R_core=99.0mm | R_bg=400.0mm (nearest_proxy (331km)) | scale=COARSE | gradient: [ZC:80km=26.0mm] [ZC:109km=400.0mm] [ZC:151km=54.0mm] [ZC:173km=60.0mm] [ZC:186km=0.0mm] [ZC:199km=0.0mm] [ZC:216km=205.0mm] [ZC:235km=262.0mm] [ZC:269km=13.0mm] [ZC:322km=14.0mm] [ZC:331km=400.0mm],False,no_iwv_buildup (delta=-5.2mm < 2.0mm threshold),False,offline_verification,WIDESPREAD_HEAVY_RAIN,11
Guwahati,13,ISRO1106_15F452(Rangiya Degree College. Rangiya),26.426945,91.61389,2013-05-05,60.0,T2,0.7833,COARSE,CLOUDBURST_CANDIDATE,L=0.783 | R_core=60.0mm | R_bg=13.0mm (nearest_proxy (363km)) | scale=COARSE | gradient: [ZC:28km=0.0mm] [ZC:136km=26.0mm] [ZC:167km=400.0mm] [ZC:170km=14.0mm] [ZC:173km=99.0mm] [ZC:208km=400.0mm] [ZC:262km=54.0mm] [ZC:262km=0.0mm] [ZC:283km=205.0mm] [ZC:314km=262.0mm] [ZC:363km=13.0mm],False,no_iwv_buildup (delta=-5.2mm < 2.0mm threshold),False,offline_verification,CANDIDATE_CLOUDBURST,11
Guwahati,13,ISRO1104_15F450(Dhemaji Degree College. Dhemaji),27.475555,94.55167,2013-05-05,262.0,T1,0.9466,COARSE,CLOUDBURST_CANDIDATE,L=0.947 | R_core=262.0mm | R_bg=14.0mm (nearest_proxy (483km)) | scale=COARSE | gradient: [ZC:32km=205.0mm] [ZC:53km=13.0mm] [ZC:53km=0.0mm] [ZC:89km=54.0mm] [ZC:194km=26.0mm] [ZC:235km=99.0mm] [ZC:314km=60.0mm] [ZC:339km=0.0mm] [ZC:343km=400.0mm] [ZC:473km=400.0mm] [ZC:483km=14.0mm],False,no_iwv_buildup (delta=-5.2mm < 2.0mm threshold),False,offline_verification,CANDIDATE_CLOUDBURST,11
Guwahati,13,ISRO0062_15F03E(LAKHIMPUR),27.2041666,94.1069444,2013-05-05,0.0,NORMAL,0.0,N/A,NORMAL,,False,,False,,NORMAL,0
Guwahati,13,ISRO1074_15F432(Salonah),26.445833,92.975,2013-05-05,26.0,NORMAL,0.0,N/A,NORMAL,,False,,False,,NORMAL,0
Guwahati,13,ISRO0067_15F043(NALBARI),26.4358333,91.335,2013-05-05,0.0,NORMAL,0.0,N/A,NORMAL,,False,,False,,NORMAL,0
Lengpui,12,ISRO0069_15F045(ARUNACHAL),24.8541666,92.7388888,2013-05-05,400.0,T1,0.9675,COARSE,CLOUDBURST_CANDIDATE,L=0.968 | R_core=400.0mm | R_bg=13.0mm (nearest_proxy (373km)) | scale=COARSE | gradient: [ZC:109km=99.0mm] [ZC:179km=26.0mm] [ZC:208km=60.0mm] [ZC:225km=0.0mm] [ZC:256km=54.0mm] [ZC:295km=0.0mm] [ZC:307km=14.0mm] [ZC:325km=205.0mm] [ZC:328km=400.0mm] [ZC:343km=262.0mm] [ZC:373km=13.0mm],True,"buildup=4.3mm, drawdown=yes (0.9mm)",True,IWV_confirmed,CONFIRMED_CLOUDBURST,11
Guwahati,13,ISRO1069_15F42D(TRA. Dikom),27.466667,95.08889,2013-05-05,13.0,NORMAL,0.0,N/A,NORMAL,,False,,False,,NORMAL,0
Guwahati,13,ISRO1071_15F42F(Ananda),27.44861,94.22945,2013-05-05,205.0,T1,0.9317,COARSE,CLOUDBURST_CANDIDATE,L=0.932 | R_core=205.0mm | R_bg=14.0mm (nearest_proxy (452km)) | scale=COARSE | gradient: [ZC:30km=0.0mm] [ZC:32km=262.0mm] [ZC:80km=54.0mm] [ZC:85km=13.0mm] [ZC:167km=26.0mm] [ZC:216km=99.0mm] [ZC:283km=60.0mm] [ZC:308km=0.0mm] [ZC:325km=400.0mm] [ZC:441km=400.0mm] [ZC:452km=14.0mm],False,no_iwv_buildup (delta=-5.2mm < 2.0mm threshold),False,offline_verification,CANDIDATE_CLOUDBURST,11
Bagdogra,11,ISRO0066_15F042(GOSSAIGAON),26.3908333,89.9405555,2013-05-05,400.0,T1,0.9675,COARSE,CLOUDBURST_CANDIDATE,L=0.968 | R_core=400.0mm | R_bg=13.0mm (nearest_proxy (524km)) | scale=COARSE | gradient: [ZC:41km=14.0mm] [ZC:139km=0.0mm] [ZC:167km=60.0mm] [ZC:302km=26.0mm] [ZC:328km=400.0mm] [ZC:331km=99.0mm] [ZC:423km=0.0mm] [ZC:428km=54.0mm] [ZC:441km=205.0mm] [ZC:473km=262.0mm] [ZC:524km=13.0mm],False,no_iwv_buildup (delta=-1.4mm < 2.0mm threshold),False,offline_verification,CANDIDATE_CLOUDBURST,11
Guwahati,13,ISRO1106_15F452(Rangiya Degree College. Rangiya),26.426945,91.61389,2013-05-06,53.0,T2,0.8113,COARSE,CLOUDBURST_CANDIDATE,L=0.811 | R_core=53.0mm | R_bg=10.0mm (nearest_proxy (363km)) | scale=COARSE | gradient: [ZC:27km=0.0mm] [ZC:28km=1.0mm] [ZC:136km=61.0mm] [ZC:167km=46.0mm] [ZC:170km=55.0mm] [ZC:173km=254.0mm] [ZC:262km=0.0mm] [ZC:262km=1.0mm] [ZC:283km=27.0mm] [ZC:314km=269.0mm] [ZC:363km=10.0mm],False,no_iwv_buildup (delta=-0.3mm < 2.0mm threshold),False,offline_verification,CANDIDATE_CLOUDBURST,11
Guwahati,13,ISRO1102_15F44E(North Guwhathi College. North Guwhathi),26.202223,91.715836,2013-05-06,0.0,NORMAL,0.0,N/A,NORMAL,,False,,False,,NORMAL,0
Guwahati,13,ISRO1104_15F450(Dhemaji Degree College. Dhemaji),27.475555,94.55167,2013-05-06,269.0,T1,0.7955,COARSE,CLOUDBURST_CANDIDATE,L=0.796 | R_core=269.0mm | R_bg=55.0mm (nearest_proxy (483km)) | scale=COARSE | gradient: [ZC:32km=27.0mm] [ZC:53km=10.0mm] [ZC:53km=1.0mm] [ZC:89km=0.0mm] [ZC:194km=61.0mm] [ZC:235km=254.0mm] [ZC:314km=53.0mm] [ZC:315km=0.0mm] [ZC:339km=1.0mm] [ZC:473km=46.0mm] [ZC:483km=55.0mm],False,no_iwv_buildup (delta=-0.3mm < 2.0mm threshold),False,offline_verification,CANDIDATE_CLOUDBURST,11
Guwahati,13,ISRO0062_15F03E(LAKHIMPUR),27.2041666,94.1069444,2013-05-06,1.0,NORMAL,0.0,N/A,NORMAL,,False,,False,,NORMAL,0
Guwahati,13,ISRO1071_15F42F(Ananda),27.44861,94.22945,2013-05-06,27.0,NORMAL,0.0,N/A,NORMAL,,False,,False,,NORMAL,0
Guwahati,13,ISRO0076_15F04C(Dhubri),26.023333,89.96917,2013-05-06,55.0,T2,0.8182,COARSE,CLOUDBURST_CANDIDATE,L=0.818 | R_core=55.0mm | R_bg=10.0mm (nearest_proxy (533km)) | scale=COARSE | gradient: [ZC:41km=46.0mm] [ZC:144km=1.0mm] [ZC:170km=53.0mm] [ZC:176km=0.0mm] [ZC:303km=61.0mm] [ZC:322km=254.0mm] [ZC:431km=0.0mm] [ZC:432km=1.0mm] [ZC:452km=27.0mm] [ZC:483km=269.0mm] [ZC:533km=10.0mm],False,no_iwv_buildup (delta=-0.3mm < 2.0mm threshold),False,offline_verification,CANDIDATE_CLOUDBURST,11
Guwahati,13,ISRO1068_15F42C(TRA. Jorhat),26.730833,94.22667,2013-05-06,0.0,NORMAL,0.0,N/A,NORMAL,,False,,False,,NORMAL,0
Guwahati,13,ISRO1112_15F458(President. Gharowa. Lumding),25.751112,93.178055,2013-05-06,254.0,T1,0.8189,COARSE,CLOUDBURST_CANDIDATE,L=0.819 | R_core=254.0mm | R_bg=46.0mm (nearest_proxy (331km)) | scale=COARSE | gradient: [ZC:80km=61.0mm] [ZC:151km=0.0mm] [ZC:155km=0.0mm] [ZC:173km=53.0mm] [ZC:186km=1.0mm] [ZC:199km=1.0mm] [ZC:216km=27.0mm] [ZC:235km=269.0mm] [ZC:269km=10.0mm] [ZC:322km=55.0mm] [ZC:331km=46.0mm],False,no_iwv_buildup (delta=-0.3mm < 2.0mm threshold),False,offline_verification,CANDIDATE_CLOUDBURST,11
Guwahati,13,ISRO0067_15F043(NALBARI),26.4358333,91.335,2013-05-06,1.0,NORMAL,0.0,N/A,NORMAL,,False,,False,,NORMAL,0
Bagdogra,11,ISRO0066_15F042(GOSSAIGAON),26.3908333,89.9405555,2013-05-06,46.0,T2,0.7826,COARSE,CLOUDBURST_CANDIDATE,L=0.783 | R_core=46.0mm | R_bg=10.0mm (nearest_proxy (524km)) | scale=COARSE | gradient: [ZC:41km=55.0mm] [ZC:139km=1.0mm] [ZC:167km=53.0mm] [ZC:178km=0.0mm] [ZC:302km=61.0mm] [ZC:331km=254.0mm] [ZC:423km=1.0mm] [ZC:428km=0.0mm] [ZC:441km=27.0mm] [ZC:473km=269.0mm] [ZC:524km=10.0mm],False,no_iwv_buildup (delta=-2.4mm < 2.0mm threshold),False,offline_verification,CANDIDATE_CLOUDBURST,11
Guwahati,13,ISRO1069_15F42D(TRA. Dikom),27.466667,95.08889,2013-05-06,10.0,NORMAL,0.0,N/A,NORMAL,,False,,False,,NORMAL,0
Guwahati,13,ISRO1074_15F432(Salonah),26.445833,92.975,2013-05-06,61.0,T2,0.0984,COARSE,WIDESPREAD_HEAVY_RAIN,L=0.098 | R_core=61.0mm | R_bg=55.0mm (nearest_proxy (303km)) | scale=COARSE | gradient: [ZC:80km=254.0mm] [ZC:128km=0.0mm] [ZC:128km=0.0mm] [ZC:136km=53.0mm] [ZC:140km=1.0mm] [ZC:163km=1.0mm] [ZC:167km=27.0mm] [ZC:194km=269.0mm] [ZC:238km=10.0mm] [ZC:302km=46.0mm] [ZC:303km=55.0mm],False,no_iwv_buildup (delta=-0.3mm < 2.0mm threshold),False,offline_verification,WIDESPREAD_HEAVY_RAIN,11
Guwahati,13,ISRO1104_15F450(Dhemaji Degree College. Dhemaji),27.475555,94.55167,2013-05-07,0.0,NORMAL,0.0,N/A,NORMAL,,False,,False,,NORMAL,0
Lengpui,12,ISRO0069_15F045(ARUNACHAL),24.8541666,92.7388888,2013-05-07,0.0,NORMAL,0.0,N/A,NORMAL,,False,,False,,NORMAL,0
Guwahati,13,ISRO1071_15F42F(Ananda),27.44861,94.22945,2013-05-07,0.0,NORMAL,0.0,N/A,NORMAL,,False,,False,,NORMAL,0
Guwahati,13,ISRO1106_15F452(Rangiya Degree College. Rangiya),26.426945,91.61389,2013-05-07,0.0,NORMAL,0.0,N/A,NORMAL,,False,,False,,NORMAL,0
Guwahati,13,ISRO1069_15F42D(TRA. Dikom),27.466667,95.08889,2013-05-07,0.0,NORMAL,0.0,N/A,NORMAL,,False,,False,,NORMAL,0
Guwahati,13,ISRO0076_15F04C(Dhubri),26.023333,89.96917,2013-05-07,0.0,NORMAL,0.0,N/A,NORMAL,,False,,False,,NORMAL,0
Guwahati,13,ISRO1068_15F42C(TRA. Jorhat),26.730833,94.22667,2013-05-07,0.0,NORMAL,0.0,N/A,NORMAL,,False,,False,,NORMAL,0
Bagdogra,11,ISRO0066_15F042(GOSSAIGAON),26.3908333,89.9405555,2013-05-07,0.0,NORMAL,0.0,N/A,NORMAL,,False,,False,,NORMAL,0
Guwahati,13,ISRO1102_15F44E(North Guwhathi College. North Guwhathi),26.202223,91.715836,2013-05-07,0.0,NORMAL,0.0,N/A,NORMAL,,False,,False,,NORMAL,0
Guwahati,13,ISRO1112_15F458(President. Gharowa. Lumding),25.751112,93.178055,2013-05-07,0.0,NORMAL,0.0,N/A,NORMAL,,False,,False,,NORMAL,0
Guwahati,13,ISRO0062_15F03E(LAKHIMPUR),27.2041666,94.1069444,2013-05-07,0.0,NORMAL,0.0,N/A,NORMAL,,False,,False,,NORMAL,0
Guwahati,13,ISRO1074_15F432(Salonah),26.445833,92.975,2013-05-07,0.0,NORMAL,0.0,N/A,NORMAL,,False,,False,,NORMAL,0
Guwahati,13,ISRO1102_15F44E(North Guwhathi College. North Guwhathi),26.202223,91.715836,2013-05-08,0.0,NORMAL,0.0,N/A,NORMAL,,False,,False,,NORMAL,0
Guwahati,13,ISRO0062_15F03E(LAKHIMPUR),27.2041666,94.1069444,2013-05-08,0.0,NORMAL,0.0,N/A,NORMAL,,False,,False,,NORMAL,0
Guwahati,13,ISRO1106_15F452(Rangiya Degree College. Rangiya),26.426945,91.61389,2013-05-08,185.0,T1,0.9676,COARSE,CLOUDBURST_CANDIDATE,L=0.968 | R_core=185.0mm | R_bg=6.0mm (nearest_proxy (363km)) | scale=COARSE | gradient: [ZC:27km=0.0mm] [ZC:28km=0.0mm] [ZC:136km=180.0mm] [ZC:170km=26.0mm] [ZC:208km=400.0mm] [ZC:262km=0.0mm] [ZC:262km=0.0mm] [ZC:283km=17.0mm] [ZC:363km=6.0mm],False,no_iwv_buildup (delta=-2.8mm < 2.0mm threshold),False,offline_verification,CANDIDATE_CLOUDBURST,9
Guwahati,13,ISRO1069_15F42D(TRA. Dikom),27.466667,95.08889,2013-05-08,6.0,NORMAL,0.0,N/A,NORMAL,,False,,False,,NORMAL,0
Lengpui,12,ISRO0069_15F045(ARUNACHAL),24.8541666,92.7388888,2013-05-08,400.0,T1,0.985,COARSE,CLOUDBURST_CANDIDATE,L=0.985 | R_core=400.0mm | R_bg=6.0mm (nearest_proxy (373km)) | scale=COARSE | gradient: [ZC:179km=180.0mm] [ZC:182km=0.0mm] [ZC:208km=185.0mm] [ZC:225km=0.0mm] [ZC:256km=0.0mm] [ZC:295km=0.0mm] [ZC:307km=26.0mm] [ZC:325km=17.0mm] [ZC:373km=6.0mm],False,no_iwv_buildup (delta=-0.8mm < 2.0mm threshold),False,offline_verification,CANDIDATE_CLOUDBURST,9
Guwahati,13,ISRO0067_15F043(NALBARI),26.4358333,91.335,2013-05-08,0.0,NORMAL,0.0,N/A,NORMAL,,False,,False,,NORMAL,0
Guwahati,13,ISRO1071_15F42F(Ananda),27.44861,94.22945,2013-05-08,17.0,NORMAL,0.0,N/A,NORMAL,,False,,False,,NORMAL,0
Guwahati,13,ISRO1068_15F42C(TRA. Jorhat),26.730833,94.22667,2013-05-08,0.0,NORMAL,0.0,N/A,NORMAL,,False,,False,,NORMAL,0
Guwahati,13,ISRO1074_15F432(Salonah),26.445833,92.975,2013-05-08,180.0,T1,0.8556,COARSE,CLOUDBURST_CANDIDATE,L=0.856 | R_core=180.0mm | R_bg=26.0mm (nearest_proxy (303km)) | scale=COARSE | gradient: [ZC:128km=0.0mm] [ZC:128km=0.0mm] [ZC:136km=185.0mm] [ZC:140km=0.0mm] [ZC:163km=0.0mm] [ZC:167km=17.0mm] [ZC:179km=400.0mm] [ZC:238km=6.0mm] [ZC:303km=26.0mm],False,no_iwv_buildup (delta=-2.8mm < 2.0mm threshold),False,offline_verification,CANDIDATE_CLOUDBURST,9
Guwahati,13,ISRO1069_15F42D(TRA. Dikom),27.466667,95.08889,2013-05-09,0.0,NORMAL,0.0,N/A,NORMAL,,False,,False,,NORMAL,0
Guwahati,13,ISRO1071_15F42F(Ananda),27.44861,94.22945,2013-05-09,0.0,NORMAL,0.0,N/A,NORMAL,,False,,False,,NORMAL,0
Guwahati,13,ISRO1074_15F432(Salonah),26.445833,92.975,2013-05-09,0.0,NORMAL,0.0,N/A,NORMAL,,False,,False,,NORMAL,0
Guwahati,13,ISRO0076_15F04C(Dhubri),26.023333,89.96917,2013-05-09,0.0,NORMAL,0.0,N/A,NORMAL,,False,,False,,NORMAL,0
Guwahati,13,ISRO1104_15F450(Dhemaji Degree College. Dhemaji),27.475555,94.55167,2013-05-09,0.0,NORMAL,0.0,N/A,NORMAL,,False,,False,,NORMAL,0
Guwahati,13,ISRO1106_15F452(Rangiya Degree College. Rangiya),26.426945,91.61389,2013-05-09,0.0,NORMAL,0.0,N/A,NORMAL,,False,,False,,NORMAL,0
Guwahati,13,ISRO1112_15F458(President. Gharowa. Lumding),25.751112,93.178055,2013-05-09,0.0,NORMAL,0.0,N/A,NORMAL,,False,,False,,NORMAL,0
Guwahati,13,ISRO0062_15F03E(LAKHIMPUR),27.2041666,94.1069444,2013-05-09,0.0,NORMAL,0.0,N/A,NORMAL,,False,,False,,NORMAL,0
Lengpui,12,ISRO0069_15F045(ARUNACHAL),24.8541666,92.7388888,2013-05-09,0.0,NORMAL,0.0,N/A,NORMAL,,False,,False,,NORMAL,0
Bagdogra,11,ISRO0066_15F042(GOSSAIGAON),26.3908333,89.9405555,2013-05-09,0.0,NORMAL,0.0,N/A,NORMAL,,False,,False,,NORMAL,0
Guwahati,13,ISRO1071_15F42F(Ananda),27.44861,94.22945,2013-05-10,54.0,T2,0.7963,COARSE,CLOUDBURST_CANDIDATE,L=0.796 | R_core=54.0mm | R_bg=11.0mm (nearest_proxy (452km)) | scale=COARSE | gradient: [ZC:30km=0.0mm] [ZC:85km=98.0mm] [ZC:216km=125.0mm] [ZC:308km=25.0mm] [ZC:441km=400.0mm] [ZC:452km=11.0mm],False,no_iwv_buildup (delta=-2.1mm < 2.0mm threshold),False,offline_verification,CANDIDATE_CLOUDBURST,6
Guwahati,13,ISRO0062_15F03E(LAKHIMPUR),27.2041666,94.1069444,2013-05-10,0.0,NORMAL,0.0,N/A,NORMAL,,False,,False,,NORMAL,0
Bagdogra,11,ISRO0066_15F042(GOSSAIGAON),26.3908333,89.9405555,2013-05-10,400.0,T1,0.755,COARSE,CLOUDBURST_CANDIDATE,L=0.755 | R_core=400.0mm | R_bg=98.0mm (nearest_proxy (524km)) | scale=COARSE | gradient: [ZC:41km=11.0mm] [ZC:139km=25.0mm] [ZC:331km=125.0mm] [ZC:423km=0.0mm] [ZC:441km=54.0mm] [ZC:524km=98.0mm],False,no_iwv_buildup (delta=0.7mm < 2.0mm threshold),False,offline_verification,CANDIDATE_CLOUDBURST,6
Guwahati,13,ISRO0067_15F043(NALBARI),26.4358333,91.335,2013-05-10,25.0,NORMAL,0.0,N/A,NORMAL,,False,,False,,NORMAL,0
Guwahati,13,ISRO1069_15F42D(TRA. Dikom),27.466667,95.08889,2013-05-10,98.0,T2,0.8878,COARSE,CLOUDBURST_CANDIDATE,L=0.888 | R_core=98.0mm | R_bg=11.0mm (nearest_proxy (533km)) | scale=COARSE | gradient: [ZC:85km=54.0mm] [ZC:101km=0.0mm] [ZC:269km=125.0mm] [ZC:389km=25.0mm] [ZC:524km=400.0mm] [ZC:533km=11.0mm],False,no_iwv_buildup (delta=-2.1mm < 2.0mm threshold),False,offline_verification,CANDIDATE_CLOUDBURST,6
Guwahati,13,ISRO1112_15F458(President. Gharowa. Lumding),25.751112,93.178055,2013-05-10,125.0,T1,0.0,COARSE,WIDESPREAD_HEAVY_RAIN,L=0.000 | R_core=125.0mm | R_bg=400.0mm (nearest_proxy (331km)) | scale=COARSE | gradient: [ZC:186km=0.0mm] [ZC:199km=25.0mm] [ZC:216km=54.0mm] [ZC:269km=98.0mm] [ZC:322km=11.0mm] [ZC:331km=400.0mm],False,no_iwv_buildup (delta=-2.1mm < 2.0mm threshold),False,offline_verification,WIDESPREAD_HEAVY_RAIN,6
Guwahati,13,ISRO1071_15F42F(Ananda),27.44861,94.22945,2013-05-11,51.0,T2,0.902,COARSE,CLOUDBURST_CANDIDATE,L=0.902 | R_core=51.0mm | R_bg=5.0mm (nearest_proxy (452km)) | scale=COARSE | gradient: [ZC:30km=0.0mm] [ZC:32km=60.0mm] [ZC:85km=80.0mm] [ZC:167km=28.0mm] [ZC:216km=105.0mm] [ZC:283km=86.0mm] [ZC:285km=400.0mm] [ZC:308km=94.0mm] [ZC:325km=0.0mm] [ZC:441km=83.0mm] [ZC:452km=5.0mm],True,"buildup=7.1mm, drawdown=no (-0.9mm)",True,IWV_confirmed,CONFIRMED_CLOUDBURST,11
Guwahati,13,ISRO0062_15F03E(LAKHIMPUR),27.2041666,94.1069444,2013-05-11,0.0,NORMAL,0.0,N/A,NORMAL,,False,,False,,NORMAL,0
Guwahati,13,ISRO0076_15F04C(Dhubri),26.023333,89.96917,2013-05-11,5.0,NORMAL,0.0,N/A,NORMAL,,False,,False,,NORMAL,0
Bagdogra,11,ISRO0066_15F042(GOSSAIGAON),26.3908333,89.9405555,2013-05-11,83.0,T2,0.0361,COARSE,WIDESPREAD_HEAVY_RAIN,L=0.036 | R_core=83.0mm | R_bg=80.0mm (nearest_proxy (524km)) | scale=COARSE | gradient: [ZC:41km=5.0mm] [ZC:139km=94.0mm] [ZC:167km=86.0mm] [ZC:178km=400.0mm] [ZC:302km=28.0mm] [ZC:328km=0.0mm] [ZC:331km=105.0mm] [ZC:423km=0.0mm] [ZC:441km=51.0mm] [ZC:473km=60.0mm] [ZC:524km=80.0mm],False,no_iwv_buildup (delta=-2.3mm < 2.0mm threshold),False,offline_verification,WIDESPREAD_HEAVY_RAIN,11
Guwahati,13,ISRO1074_15F432(Salonah),26.445833,92.975,2013-05-11,28.0,NORMAL,0.0,N/A,NORMAL,,False,,False,,NORMAL,0
Guwahati,13,ISRO0067_15F043(NALBARI),26.4358333,91.335,2013-05-11,94.0,T2,0.1489,COARSE,WIDESPREAD_HEAVY_RAIN,L=0.149 | R_core=94.0mm | R_bg=80.0mm (nearest_proxy (389km)) | scale=COARSE | gradient: [ZC:28km=86.0mm] [ZC:46km=400.0mm] [ZC:139km=83.0mm] [ZC:144km=5.0mm] [ZC:163km=28.0mm] [ZC:199km=105.0mm] [ZC:225km=0.0mm] [ZC:288km=0.0mm] [ZC:308km=51.0mm] [ZC:339km=60.0mm] [ZC:389km=80.0mm],True,"buildup=7.1mm, drawdown=no (-0.9mm)",True,IWV_confirmed,WIDESPREAD_HEAVY_RAIN,11
Guwahati,13,ISRO1106_15F452(Rangiya Degree College. Rangiya),26.426945,91.61389,2013-05-11,86.0,T2,0.0698,COARSE,WIDESPREAD_HEAVY_RAIN,L=0.070 | R_core=86.0mm | R_bg=80.0mm (nearest_proxy (363km)) | scale=COARSE | gradient: [ZC:27km=400.0mm] [ZC:28km=94.0mm] [ZC:136km=28.0mm] [ZC:167km=83.0mm] [ZC:170km=5.0mm] [ZC:173km=105.0mm] [ZC:208km=0.0mm] [ZC:262km=0.0mm] [ZC:283km=51.0mm] [ZC:314km=60.0mm] [ZC:363km=80.0mm],True,"buildup=7.1mm, drawdown=no (-0.9mm)",True,IWV_confirmed,WIDESPREAD_HEAVY_RAIN,11
Guwahati,13,ISRO1112_15F458(President. Gharowa. Lumding),25.751112,93.178055,2013-05-11,105.0,T1,0.2095,COARSE,WIDESPREAD_HEAVY_RAIN,L=0.210 | R_core=105.0mm | R_bg=83.0mm (nearest_proxy (331km)) | scale=COARSE | gradient: [ZC:80km=28.0mm] [ZC:109km=0.0mm] [ZC:155km=400.0mm] [ZC:173km=86.0mm] [ZC:186km=0.0mm] [ZC:199km=94.0mm] [ZC:216km=51.0mm] [ZC:235km=60.0mm] [ZC:269km=80.0mm] [ZC:322km=5.0mm] [ZC:331km=83.0mm],True,"buildup=7.1mm, drawdown=no (-0.9mm)",True,IWV_confirmed,WIDESPREAD_HEAVY_RAIN,11
Guwahati,13,ISRO1104_15F450(Dhemaji Degree College. Dhemaji),27.475555,94.55167,2013-05-11,60.0,T2,0.9167,COARSE,CLOUDBURST_CANDIDATE,L=0.917 | R_core=60.0mm | R_bg=5.0mm (nearest_proxy (483km)) | scale=COARSE | gradient: [ZC:32km=51.0mm] [ZC:53km=80.0mm] [ZC:53km=0.0mm] [ZC:194km=28.0mm] [ZC:235km=105.0mm] [ZC:314km=86.0mm] [ZC:315km=400.0mm] [ZC:339km=94.0mm] [ZC:343km=0.0mm] [ZC:473km=83.0mm] [ZC:483km=5.0mm],True,"buildup=7.1mm, drawdown=no (-0.9mm)",True,IWV_confirmed,CONFIRMED_CLOUDBURST,11
Guwahati,13,ISRO1069_15F42D(TRA. Dikom),27.466667,95.08889,2013-05-11,80.0,T2,0.9375,COARSE,CLOUDBURST_CANDIDATE,L=0.938 | R_core=80.0mm | R_bg=5.0mm (nearest_proxy (533km)) | scale=COARSE | gradient: [ZC:53km=60.0mm] [ZC:85km=51.0mm] [ZC:101km=0.0mm] [ZC:238km=28.0mm] [ZC:269km=105.0mm] [ZC:363km=400.0mm] [ZC:363km=86.0mm] [ZC:373km=0.0mm] [ZC:389km=94.0mm] [ZC:524km=83.0mm] [ZC:533km=5.0mm],True,"buildup=7.1mm, drawdown=no (-0.9mm)",True,IWV_confirmed,CONFIRMED_CLOUDBURST,11
Lengpui,12,ISRO0069_15F045(ARUNACHAL),24.8541666,92.7388888,2013-05-11,0.0,NORMAL,0.0,N/A,NORMAL,,False,,False,,NORMAL,0
Guwahati,13,ISRO1102_15F44E(North Guwhathi College. North Guwhathi),26.202223,91.715836,2013-05-11,400.0,T1,0.8,COARSE,CLOUDBURST_CANDIDATE,L=0.800 | R_core=400.0mm | R_bg=80.0mm (nearest_proxy (363km)) | scale=COARSE | gradient: [ZC:27km=86.0mm] [ZC:46km=94.0mm] [ZC:128km=28.0mm] [ZC:155km=105.0mm] [ZC:176km=5.0mm] [ZC:178km=83.0mm] [ZC:182km=0.0mm] [ZC:262km=0.0mm] [ZC:285km=51.0mm] [ZC:315km=60.0mm] [ZC:363km=80.0mm],True,"buildup=7.1mm, drawdown=no (-0.9mm)",True,IWV_confirmed,CONFIRMED_CLOUDBURST,11
Guwahati,13,ISRO1068_15F42C(TRA. Jorhat),26.730833,94.22667,2013-05-12,0.0,NORMAL,0.0,N/A,NORMAL,,False,,False,,NORMAL,0
Guwahati,13,ISRO1102_15F44E(North Guwhathi College. North Guwhathi),26.202223,91.715836,2013-05-12,0.0,NORMAL,0.0,N/A,NORMAL,,False,,False,,NORMAL,0
Bagdogra,11,ISRO0066_15F042(GOSSAIGAON),26.3908333,89.9405555,2013-05-12,0.0,NORMAL,0.0,N/A,NORMAL,,False,,False,,NORMAL,0
Guwahati,13,ISRO1106_15F452(Rangiya Degree College. Rangiya),26.426945,91.61389,2013-05-12,0.0,NORMAL,0.0,N/A,NORMAL,,False,,False,,NORMAL,0
Guwahati,13,ISRO1071_15F42F(Ananda),27.44861,94.22945,2013-05-12,0.0,NORMAL,0.0,N/A,NORMAL,,False,,False,,NORMAL,0
Guwahati,13,ISRO1112_15F458(President. Gharowa. Lumding),25.751112,93.178055,2013-05-12,5.0,NORMAL,0.0,N/A,NORMAL,,False,,False,,NORMAL,0
Guwahati,13,ISRO1069_15F42D(TRA. Dikom),27.466667,95.08889,2013-05-12,0.0,NORMAL,0.0,N/A,NORMAL,,False,,False,,NORMAL,0
Lengpui,12,ISRO0069_15F045(ARUNACHAL),24.8541666,92.7388888,2013-05-12,74.0,T2,1.0,COARSE,CLOUDBURST_CANDIDATE,L=1.000 | R_core=74.0mm | R_bg=0.0mm (nearest_proxy (373km)) | scale=COARSE | gradient: [ZC:109km=5.0mm] [ZC:179km=0.0mm] [ZC:182km=0.0mm] [ZC:208km=0.0mm] [ZC:225km=0.0mm] [ZC:256km=0.0mm] [ZC:295km=0.0mm] [ZC:307km=1.0mm] [ZC:325km=0.0mm] [ZC:328km=0.0mm] [ZC:343km=0.0mm] [ZC:373km=0.0mm],False,no_iwv_buildup (delta=-11.0mm < 2.0mm threshold),False,offline_verification,CANDIDATE_CLOUDBURST,12
Guwahati,13,ISRO1104_15F450(Dhemaji Degree College. Dhemaji),27.475555,94.55167,2013-05-12,0.0,NORMAL,0.0,N/A,NORMAL,,False,,False,,NORMAL,0
Guwahati,13,ISRO0076_15F04C(Dhubri),26.023333,89.96917,2013-05-12,1.0,NORMAL,0.0,N/A,NORMAL,,False,,False,,NORMAL,0
Guwahati,13,ISRO1112_15F458(President. Gharowa. Lumding),25.751112,93.178055,2013-05-13,0.0,NORMAL,0.0,N/A,NORMAL,,False,,False,,NORMAL,0
Bagdogra,11,ISRO0066_15F042(GOSSAIGAON),26.3908333,89.9405555,2013-05-13,0.0,NORMAL,0.0,N/A,NORMAL,,False,,False,,NORMAL,0
Guwahati,13,ISRO1102_15F44E(North Guwhathi College. North Guwhathi),26.202223,91.715836,2013-05-13,0.0,NORMAL,0.0,N/A,NORMAL,,False,,False,,NORMAL,0
Guwahati,13,ISRO0067_15F043(NALBARI),26.4358333,91.335,2013-05-13,0.0,NORMAL,0.0,N/A,NORMAL,,False,,False,,NORMAL,0
Guwahati,13,ISRO1069_15F42D(TRA. Dikom),27.466667,95.08889,2013-05-13,0.0,NORMAL,0.0,N/A,NORMAL,,False,,False,,NORMAL,0
Lengpui,12,ISRO0069_15F045(ARUNACHAL),24.8541666,92.7388888,2013-05-13,0.0,NORMAL,0.0,N/A,NORMAL,,False,,False,,NORMAL,0
Guwahati,13,ISRO1074_15F432(Salonah),26.445833,92.975,2013-05-13,0.0,NORMAL,0.0,N/A,NORMAL,,False,,False,,NORMAL,0
Guwahati,13,ISRO1068_15F42C(TRA. Jorhat),26.730833,94.22667,2013-05-13,0.0,NORMAL,0.0,N/A,NORMAL,,False,,False,,NORMAL,0
Guwahati,13,ISRO0062_15F03E(LAKHIMPUR),27.2041666,94.1069444,2013-05-13,0.0,NORMAL,0.0,N/A,NORMAL,,False,,False,,NORMAL,0
Guwahati,13,ISRO1104_15F450(Dhemaji Degree College. Dhemaji),27.475555,94.55167,2013-05-13,0.0,NORMAL,0.0,N/A,NORMAL,,False,,False,,NORMAL,0
Guwahati,13,ISRO1071_15F42F(Ananda),27.44861,94.22945,2013-05-13,0.0,NORMAL,0.0,N/A,NORMAL,,False,,False,,NORMAL,0
Guwahati,13,ISRO1106_15F452(Rangiya Degree College. Rangiya),26.426945,91.61389,2013-05-13,0.0,NORMAL,0.0,N/A,NORMAL,,False,,False,,NORMAL,0
Guwahati,13,ISRO1071_15F42F(Ananda),27.44861,94.22945,2013-05-14,0.0,NORMAL,0.0,N/A,NORMAL,,False,,False,,NORMAL,0
Lengpui,12,ISRO0069_15F045(ARUNACHAL),24.8541666,92.7388888,2013-05-14,0.0,NORMAL,0.0,N/A,NORMAL,,False,,False,,NORMAL,0
Guwahati,13,ISRO1104_15F450(Dhemaji Degree College. Dhemaji),27.475555,94.55167,2013-05-14,0.0,NORMAL,0.0,N/A,NORMAL,,False,,False,,NORMAL,0
Guwahati,13,ISRO0062_15F03E(LAKHIMPUR),27.2041666,94.1069444,2013-05-14,0.0,NORMAL,0.0,N/A,NORMAL,,False,,False,,NORMAL,0
Guwahati,13,ISRO1068_15F42C(TRA. Jorhat),26.730833,94.22667,2013-05-14,0.0,NORMAL,0.0,N/A,NORMAL,,False,,False,,NORMAL,0
Guwahati,13,ISRO1112_15F458(President. Gharowa. Lumding),25.751112,93.178055,2013-05-14,0.0,NORMAL,0.0,N/A,NORMAL,,False,,False,,NORMAL,0
Bagdogra,11,ISRO0066_15F042(GOSSAIGAON),26.3908333,89.9405555,2013-05-14,0.0,NORMAL,0.0,N/A,NORMAL,,False,,False,,NORMAL,0
Guwahati,13,ISRO1106_15F452(Rangiya Degree College. Rangiya),26.426945,91.61389,2013-05-14,0.0,NORMAL,0.0,N/A,NORMAL,,False,,False,,NORMAL,0
Guwahati,13,ISRO1074_15F432(Salonah),26.445833,92.975,2013-05-14,0.0,NORMAL,0.0,N/A,NORMAL,,False,,False,,NORMAL,0
Lengpui,12,ISRO0069_15F045(ARUNACHAL),24.8541666,92.7388888,2013-05-15,0.0,NORMAL,0.0,N/A,NORMAL,,False,,False,,NORMAL,0
Guwahati,13,ISRO1102_15F44E(North Guwhathi College. North Guwhathi),26.202223,91.715836,2013-05-15,0.0,NORMAL,0.0,N/A,NORMAL,,False,,False,,NORMAL,0
Guwahati,13,ISRO0067_15F043(NALBARI),26.4358333,91.335,2013-05-15,0.0,NORMAL,0.0,N/A,NORMAL,,False,,False,,NORMAL,0
Guwahati,13,ISRO1074_15F432(Salonah),26.445833,92.975,2013-05-15,0.0,NORMAL,0.0,N/A,NORMAL,,False,,False,,NORMAL,0
Guwahati,13,ISRO1112_15F458(President. Gharowa. Lumding),25.751112,93.178055,2013-05-15,0.0,NORMAL,0.0,N/A,NORMAL,,False,,False,,NORMAL,0
Guwahati,13,ISRO1069_15F42D(TRA. Dikom),27.466667,95.08889,2013-05-15,0.0,NORMAL,0.0,N/A,NORMAL,,False,,False,,NORMAL,0
Guwahati,13,ISRO1071_15F42F(Ananda),27.44861,94.22945,2013-05-15,0.0,NORMAL,0.0,N/A,NORMAL,,False,,False,,NORMAL,0
Guwahati,13,ISRO1104_15F450(Dhemaji Degree College. Dhemaji),27.475555,94.55167,2013-05-15,0.0,NORMAL,0.0,N/A,NORMAL,,False,,False,,NORMAL,0
Bagdogra,11,ISRO0066_15F042(GOSSAIGAON),26.3908333,89.9405555,2013-05-15,0.0,NORMAL,0.0,N/A,NORMAL,,False,,False,,NORMAL,0
Guwahati,13,ISRO1106_15F452(Rangiya Degree College. Rangiya),26.426945,91.61389,2013-05-15,0.0,NORMAL,0.0,N/A,NORMAL,,False,,False,,NORMAL,0
Guwahati,13,ISRO0067_15F043(NALBARI),26.4358333,91.335,2013-06-03,0.0,NORMAL,0.0,N/A,NORMAL,,False,,False,,NORMAL,0
Guwahati,13,ISRO1112_15F458(President. Gharowa. Lumding),25.751112,93.178055,2013-06-03,20.0,NORMAL,0.0,N/A,NORMAL,,False,,False,,NORMAL,0
Guwahati,13,ISRO0062_15F03E(LAKHIMPUR),27.2041666,94.1069444,2013-06-03,4.0,NORMAL,0.0,N/A,NORMAL,,False,,False,,NORMAL,0
Bagdogra,11,ISRO0066_15F042(GOSSAIGAON),26.3908333,89.9405555,2013-06-03,16.0,NORMAL,0.0,N/A,NORMAL,,False,,False,,NORMAL,0
Guwahati,13,ISRO1106_15F452(Rangiya Degree College. Rangiya),26.426945,91.61389,2013-06-03,12.0,NORMAL,0.0,N/A,NORMAL,,False,,False,,NORMAL,0
Guwahati,13,ISRO1071_15F42F(Ananda),27.44861,94.22945,2013-06-03,16.0,NORMAL,0.0,N/A,NORMAL,,False,,False,,NORMAL,0
Guwahati,13,ISRO1104_15F450(Dhemaji Degree College. Dhemaji),27.475555,94.55167,2013-06-03,8.0,NORMAL,0.0,N/A,NORMAL,,False,,False,,NORMAL,0
Guwahati,13,ISRO0076_15F04C(Dhubri),26.023333,89.96917,2013-06-03,14.0,NORMAL,0.0,N/A,NORMAL,,False,,False,,NORMAL,0
Lengpui,12,ISRO0069_15F045(ARUNACHAL),24.8541666,92.7388888,2013-06-03,5.0,NORMAL,0.0,N/A,NORMAL,,False,,False,,NORMAL,0
Guwahati,13,ISRO1074_15F432(Salonah),26.445833,92.975,2013-06-03,7.0,NORMAL,0.0,N/A,NORMAL,,False,,False,,NORMAL,0
Guwahati,13,ISRO1068_15F42C(TRA. Jorhat),26.730833,94.22667,2013-06-03,0.0,NORMAL,0.0,N/A,NORMAL,,False,,False,,NORMAL,0
Guwahati,13,ISRO1112_15F458(President. Gharowa. Lumding),25.751112,93.178055,2013-06-04,94.0,T2,0.883,COARSE,CLOUDBURST_CANDIDATE,L=0.883 | R_core=94.0mm | R_bg=11.0mm (nearest_proxy (331km)) | scale=COARSE | gradient: [ZC:80km=28.0mm] [ZC:109km=92.0mm] [ZC:151km=110.0mm] [ZC:155km=20.0mm] [ZC:173km=16.0mm] [ZC:186km=49.0mm] [ZC:199km=0.0mm] [ZC:216km=92.0mm] [ZC:235km=118.0mm] [ZC:269km=42.0mm] [ZC:322km=6.0mm] [ZC:331km=11.0mm],True,"buildup=6.8mm, drawdown=no (-1.4mm)",True,IWV_confirmed,CONFIRMED_CLOUDBURST,12
Guwahati,13,ISRO1069_15F42D(TRA. Dikom),27.466667,95.08889,2013-06-04,42.0,T2,0.8571,COARSE,CLOUDBURST_CANDIDATE,L=0.857 | R_core=42.0mm | R_bg=6.0mm (nearest_proxy (533km)) | scale=COARSE | gradient: [ZC:53km=118.0mm] [ZC:85km=92.0mm] [ZC:101km=49.0mm] [ZC:118km=110.0mm] [ZC:238km=28.0mm] [ZC:269km=94.0mm] [ZC:363km=20.0mm] [ZC:363km=16.0mm] [ZC:373km=92.0mm] [ZC:389km=0.0mm] [ZC:524km=11.0mm] [ZC:533km=6.0mm],True,"buildup=6.8mm, drawdown=no (-1.4mm)",True,IWV_confirmed,CONFIRMED_CLOUDBURST,12
Guwahati,13,ISRO1074_15F432(Salonah),26.445833,92.975,2013-06-04,28.0,NORMAL,0.0,N/A,NORMAL,,False,,False,,NORMAL,0
Guwahati,13,ISRO0076_15F04C(Dhubri),26.023333,89.96917,2013-06-04,6.0,NORMAL,0.0,N/A,NORMAL,,False,,False,,NORMAL,0
Lengpui,12,ISRO0069_15F045(ARUNACHAL),24.8541666,92.7388888,2013-06-04,92.0,T2,0.5435,COARSE,CLOUDBURST_CANDIDATE,L=0.543 | R_core=92.0mm | R_bg=42.0mm (nearest_proxy (373km)) | scale=COARSE | gradient: [ZC:109km=94.0mm] [ZC:179km=28.0mm] [ZC:182km=20.0mm] [ZC:208km=16.0mm] [ZC:225km=0.0mm] [ZC:256km=110.0mm] [ZC:295km=49.0mm] [ZC:307km=6.0mm] [ZC:325km=92.0mm] [ZC:328km=11.0mm] [ZC:343km=118.0mm] [ZC:373km=42.0mm],False,no_iwv_buildup (delta=0.0mm < 2.0mm threshold),False,offline_verification,CANDIDATE_CLOUDBURST,12
Bagdogra,11,ISRO0066_15F042(GOSSAIGAON),26.3908333,89.9405555,2013-06-04,11.0,NORMAL,0.0,N/A,NORMAL,,False,,False,,NORMAL,0
Guwahati,13,ISRO1071_15F42F(Ananda),27.44861,94.22945,2013-06-04,92.0,T2,0.9348,COARSE,CLOUDBURST_CANDIDATE,L=0.935 | R_core=92.0mm | R_bg=6.0mm (nearest_proxy (452km)) | scale=COARSE | gradient: [ZC:30km=49.0mm] [ZC:32km=118.0mm] [ZC:80km=110.0mm] [ZC:85km=42.0mm] [ZC:167km=28.0mm] [ZC:216km=94.0mm] [ZC:283km=16.0mm] [ZC:285km=20.0mm] [ZC:308km=0.0mm] [ZC:325km=92.0mm] [ZC:441km=11.0mm] [ZC:452km=6.0mm],True,"buildup=6.8mm, drawdown=no (-1.4mm)",True,IWV_confirmed,CONFIRMED_CLOUDBURST,12
Guwahati,13,ISRO1102_15F44E(North Guwhathi College. North Guwhathi),26.202223,91.715836,2013-06-04,20.0,NORMAL,0.0,N/A,NORMAL,,False,,False,,NORMAL,0
Guwahati,13,ISRO1106_15F452(Rangiya Degree College. Rangiya),26.426945,91.61389,2013-06-04,16.0,NORMAL,0.0,N/A,NORMAL,,False,,False,,NORMAL,0
Guwahati,13,ISRO0062_15F03E(LAKHIMPUR),27.2041666,94.1069444,2013-06-04,49.0,T2,0.8776,COARSE,CLOUDBURST_CANDIDATE,L=0.878 | R_core=49.0mm | R_bg=6.0mm (nearest_proxy (432km)) | scale=COARSE | gradient: [ZC:30km=92.0mm] [ZC:53km=118.0mm] [ZC:54km=110.0mm] [ZC:101km=42.0mm] [ZC:140km=28.0mm] [ZC:186km=94.0mm] [ZC:262km=16.0mm] [ZC:262km=20.0mm] [ZC:288km=0.0mm] [ZC:295km=92.0mm] [ZC:423km=11.0mm] [ZC:432km=6.0mm],True,"buildup=6.8mm, drawdown=no (-1.4mm)",True,IWV_confirmed,CONFIRMED_CLOUDBURST,12
Guwahati,13,ISRO1104_15F450(Dhemaji Degree College. Dhemaji),27.475555,94.55167,2013-06-04,118.0,T1,0.9492,COARSE,CLOUDBURST_CANDIDATE,L=0.949 | R_core=118.0mm | R_bg=6.0mm (nearest_proxy (483km)) | scale=COARSE | gradient: [ZC:32km=92.0mm] [ZC:53km=42.0mm] [ZC:53km=49.0mm] [ZC:89km=110.0mm] [ZC:194km=28.0mm] [ZC:235km=94.0mm] [ZC:314km=16.0mm] [ZC:315km=20.0mm] [ZC:339km=0.0mm] [ZC:343km=92.0mm] [ZC:473km=11.0mm] [ZC:483km=6.0mm],True,"buildup=6.8mm, drawdown=no (-1.4mm)",True,IWV_confirmed,CONFIRMED_CLOUDBURST,12
Guwahati,13,ISRO1068_15F42C(TRA. Jorhat),26.730833,94.22667,2013-06-04,110.0,T1,0.9455,COARSE,CLOUDBURST_CANDIDATE,L=0.945 | R_core=110.0mm | R_bg=6.0mm (nearest_proxy (431km)) | scale=COARSE | gradient: [ZC:54km=49.0mm] [ZC:80km=92.0mm] [ZC:89km=118.0mm] [ZC:118km=42.0mm] [ZC:128km=28.0mm] [ZC:151km=94.0mm] [ZC:256km=92.0mm] [ZC:257km=20.0mm] [ZC:262km=16.0mm] [ZC:289km=0.0mm] [ZC:428km=11.0mm] [ZC:431km=6.0mm],True,"buildup=6.8mm, drawdown=no (-1.4mm)",True,IWV_confirmed,CONFIRMED_CLOUDBURST,12
Guwahati,13,ISRO0076_15F04C(Dhubri),26.023333,89.96917,2013-06-05,14.0,NORMAL,0.0,N/A,NORMAL,,False,,False,,NORMAL,0
Guwahati,13,ISRO1069_15F42D(TRA. Dikom),27.466667,95.08889,2013-06-05,14.0,NORMAL,0.0,N/A,NORMAL,,False,,False,,NORMAL,0
Guwahati,13,ISRO0062_15F03E(LAKHIMPUR),27.2041666,94.1069444,2013-06-05,0.0,NORMAL,0.0,N/A,NORMAL,,False,,False,,NORMAL,0
Guwahati,13,ISRO1112_15F458(President. Gharowa. Lumding),25.751112,93.178055,2013-06-05,135.0,T1,0.0,COARSE,WIDESPREAD_HEAVY_RAIN,L=0.000 | R_core=135.0mm | R_bg=400.0mm (nearest_proxy (331km)) | scale=COARSE | gradient: [ZC:80km=27.0mm] [ZC:109km=400.0mm] [ZC:151km=54.0mm] [ZC:155km=0.0mm] [ZC:173km=61.0mm] [ZC:186km=0.0mm] [ZC:199km=0.0mm] [ZC:216km=204.0mm] [ZC:235km=260.0mm] [ZC:269km=14.0mm] [ZC:322km=14.0mm] [ZC:331km=400.0mm],False,no_iwv_buildup (delta=-0.8mm < 2.0mm threshold),False,offline_verification,WIDESPREAD_HEAVY_RAIN,12
Guwahati,13,ISRO1104_15F450(Dhemaji Degree College. Dhemaji),27.475555,94.55167,2013-06-05,260.0,T1,0.9462,COARSE,CLOUDBURST_CANDIDATE,L=0.946 | R_core=260.0mm | R_bg=14.0mm (nearest_proxy (483km)) | scale=COARSE | gradient: [ZC:32km=204.0mm] [ZC:53km=14.0mm] [ZC:53km=0.0mm] [ZC:89km=54.0mm] [ZC:194km=27.0mm] [ZC:235km=135.0mm] [ZC:314km=61.0mm] [ZC:315km=0.0mm] [ZC:339km=0.0mm] [ZC:343km=400.0mm] [ZC:473km=400.0mm] [ZC:483km=14.0mm],False,no_iwv_buildup (delta=-0.8mm < 2.0mm threshold),False,offline_verification,CANDIDATE_CLOUDBURST,12
Lengpui,12,ISRO0069_15F045(ARUNACHAL),24.8541666,92.7388888,2013-06-05,400.0,T1,0.965,COARSE,CLOUDBURST_CANDIDATE,L=0.965 | R_core=400.0mm | R_bg=14.0mm (nearest_proxy (373km)) | scale=COARSE | gradient: [ZC:109km=135.0mm] [ZC:179km=27.0mm] [ZC:182km=0.0mm] [ZC:208km=61.0mm] [ZC:225km=0.0mm] [ZC:256km=54.0mm] [ZC:295km=0.0mm] [ZC:307km=14.0mm] [ZC:325km=204.0mm] [ZC:328km=400.0mm] [ZC:343km=260.0mm] [ZC:373km=14.0mm],False,no_iwv_buildup (delta=0.2mm < 2.0mm threshold),False,offline_verification,CANDIDATE_CLOUDBURST,12
Bagdogra,11,ISRO0066_15F042(GOSSAIGAON),26.3908333,89.9405555,2013-06-05,400.0,T1,0.965,COARSE,CLOUDBURST_CANDIDATE,L=0.965 | R_core=400.0mm | R_bg=14.0mm (nearest_proxy (524km)) | scale=COARSE | gradient: [ZC:41km=14.0mm] [ZC:139km=0.0mm] [ZC:167km=61.0mm] [ZC:178km=0.0mm] [ZC:302km=27.0mm] [ZC:328km=400.0mm] [ZC:331km=135.0mm] [ZC:423km=0.0mm] [ZC:428km=54.0mm] [ZC:441km=204.0mm] [ZC:473km=260.0mm] [ZC:524km=14.0mm],False,no_iwv_buildup (delta=-4.3mm < 2.0mm threshold),False,offline_verification,CANDIDATE_CLOUDBURST,12
Guwahati,13,ISRO1068_15F42C(TRA. Jorhat),26.730833,94.22667,2013-06-05,54.0,T2,0.7407,COARSE,CLOUDBURST_CANDIDATE,L=0.741 | R_core=54.0mm | R_bg=14.0mm (nearest_proxy (431km)) | scale=COARSE | gradient: [ZC:54km=0.0mm] [ZC:80km=204.0mm] [ZC:89km=260.0mm] [ZC:118km=14.0mm] [ZC:128km=27.0mm] [ZC:151km=135.0mm] [ZC:256km=400.0mm] [ZC:257km=0.0mm] [ZC:262km=61.0mm] [ZC:289km=0.0mm] [ZC:428km=400.0mm] [ZC:431km=14.0mm],False,no_iwv_buildup (delta=-0.8mm < 2.0mm threshold),False,offline_verification,CANDIDATE_CLOUDBURST,12
Guwahati,13,ISRO1074_15F432(Salonah),26.445833,92.975,2013-06-05,27.0,NORMAL,0.0,N/A,NORMAL,,False,,False,,NORMAL,0
Guwahati,13,ISRO1071_15F42F(Ananda),27.44861,94.22945,2013-06-05,204.0,T1,0.9314,COARSE,CLOUDBURST_CANDIDATE,L=0.931 | R_core=204.0mm | R_bg=14.0mm (nearest_proxy (452km)) | scale=COARSE | gradient: [ZC:30km=0.0mm] [ZC:32km=260.0mm] [ZC:80km=54.0mm] [ZC:85km=14.0mm] [ZC:167km=27.0mm] [ZC:216km=135.0mm] [ZC:283km=61.0mm] [ZC:285km=0.0mm] [ZC:308km=0.0mm] [ZC:325km=400.0mm] [ZC:441km=400.0mm] [ZC:452km=14.0mm],False,no_iwv_buildup (delta=-0.8mm < 2.0mm threshold),False,offline_verification,CANDIDATE_CLOUDBURST,12
Guwahati,13,ISRO1106_15F452(Rangiya Degree College. Rangiya),26.426945,91.61389,2013-06-05,61.0,T2,0.7705,COARSE,CLOUDBURST_CANDIDATE,L=0.770 | R_core=61.0mm | R_bg=14.0mm (nearest_proxy (363km)) | scale=COARSE | gradient: [ZC:27km=0.0mm] [ZC:28km=0.0mm] [ZC:136km=27.0mm] [ZC:167km=400.0mm] [ZC:170km=14.0mm] [ZC:173km=135.0mm] [ZC:208km=400.0mm] [ZC:262km=54.0mm] [ZC:262km=0.0mm] [ZC:283km=204.0mm] [ZC:314km=260.0mm] [ZC:363km=14.0mm],False,no_iwv_buildup (delta=-0.8mm < 2.0mm threshold),False,offline_verification,CANDIDATE_CLOUDBURST,12
Guwahati,13,ISRO0067_15F043(NALBARI),26.4358333,91.335,2013-06-06,0.0,NORMAL,0.0,N/A,NORMAL,,False,,False,,NORMAL,0
Guwahati,13,ISRO1068_15F42C(TRA. Jorhat),26.730833,94.22667,2013-06-06,5.0,NORMAL,0.0,N/A,NORMAL,,False,,False,,NORMAL,0
Bagdogra,11,ISRO0066_15F042(GOSSAIGAON),26.3908333,89.9405555,2013-06-06,46.0,T2,0.8043,COARSE,CLOUDBURST_CANDIDATE,L=0.804 | R_core=46.0mm | R_bg=9.0mm (nearest_proxy (524km)) | scale=COARSE | gradient: [ZC:41km=56.0mm] [ZC:139km=0.0mm] [ZC:167km=55.0mm] [ZC:178km=400.0mm] [ZC:302km=66.0mm] [ZC:331km=218.0mm] [ZC:423km=1.0mm] [ZC:428km=5.0mm] [ZC:441km=26.0mm] [ZC:473km=269.0mm] [ZC:524km=9.0mm],False,no_iwv_buildup (delta=-1.0mm < 2.0mm threshold),False,offline_verification,CANDIDATE_CLOUDBURST,11
Guwahati,13,ISRO0062_15F03E(LAKHIMPUR),27.2041666,94.1069444,2013-06-06,1.0,NORMAL,0.0,N/A,NORMAL,,False,,False,,NORMAL,0
Guwahati,13,ISRO1112_15F458(President. Gharowa. Lumding),25.751112,93.178055,2013-06-06,218.0,T1,0.789,COARSE,CLOUDBURST_CANDIDATE,L=0.789 | R_core=218.0mm | R_bg=46.0mm (nearest_proxy (331km)) | scale=COARSE | gradient: [ZC:80km=66.0mm] [ZC:151km=5.0mm] [ZC:155km=400.0mm] [ZC:173km=55.0mm] [ZC:186km=1.0mm] [ZC:199km=0.0mm] [ZC:216km=26.0mm] [ZC:235km=269.0mm] [ZC:269km=9.0mm] [ZC:322km=56.0mm] [ZC:331km=46.0mm],False,no_iwv_buildup (delta=1.0mm < 2.0mm threshold),False,offline_verification,CANDIDATE_CLOUDBURST,11
Guwahati,13,ISRO1071_15F42F(Ananda),27.44861,94.22945,2013-06-06,26.0,NORMAL,0.0,N/A,NORMAL,,False,,False,,NORMAL,0
Guwahati,13,ISRO1106_15F452(Rangiya Degree College. Rangiya),26.426945,91.61389,2013-06-06,55.0,T2,0.8364,COARSE,CLOUDBURST_CANDIDATE,L=0.836 | R_core=55.0mm | R_bg=9.0mm (nearest_proxy (363km)) | scale=COARSE | gradient: [ZC:27km=400.0mm] [ZC:28km=0.0mm] [ZC:136km=66.0mm] [ZC:167km=46.0mm] [ZC:170km=56.0mm] [ZC:173km=218.0mm] [ZC:262km=5.0mm] [ZC:262km=1.0mm] [ZC:283km=26.0mm] [ZC:314km=269.0mm] [ZC:363km=9.0mm],False,no_iwv_buildup (delta=1.0mm < 2.0mm threshold),False,offline_verification,CANDIDATE_CLOUDBURST,11
Guwahati,13,ISRO1104_15F450(Dhemaji Degree College. Dhemaji),27.475555,94.55167,2013-06-06,269.0,T1,0.7918,COARSE,CLOUDBURST_CANDIDATE,L=0.792 | R_core=269.0mm | R_bg=56.0mm (nearest_proxy (483km)) | scale=COARSE | gradient: [ZC:32km=26.0mm] [ZC:53km=9.0mm] [ZC:53km=1.0mm] [ZC:89km=5.0mm] [ZC:194km=66.0mm] [ZC:235km=218.0mm] [ZC:314km=55.0mm] [ZC:315km=400.0mm] [ZC:339km=0.0mm] [ZC:473km=46.0mm] [ZC:483km=56.0mm],False,no_iwv_buildup (delta=1.0mm < 2.0mm threshold),False,offline_verification,CANDIDATE_CLOUDBURST,11
Guwahati,13,ISRO1074_15F432(Salonah),26.445833,92.975,2013-06-06,66.0,T2,0.1515,COARSE,WIDESPREAD_HEAVY_RAIN,L=0.152 | R_core=66.0mm | R_bg=56.0mm (nearest_proxy (303km)) | scale=COARSE | gradient: [ZC:80km=218.0mm] [ZC:128km=400.0mm] [ZC:128km=5.0mm] [ZC:136km=55.0mm] [ZC:140km=1.0mm] [ZC:163km=0.0mm] [ZC:167km=26.0mm] [ZC:194km=269.0mm] [ZC:238km=9.0mm] [ZC:302km=46.0mm] [ZC:303km=56.0mm],False,no_iwv_buildup (delta=1.0mm < 2.0mm threshold),False,offline_verification,WIDESPREAD_HEAVY_RAIN,11
Guwahati,13,ISRO0076_15F04C(Dhubri),26.023333,89.96917,2013-06-06,56.0,T2,0.8393,COARSE,CLOUDBURST_CANDIDATE,L=0.839 | R_core=56.0mm | R_bg=9.0mm (nearest_proxy (533km)) | scale=COARSE | gradient: [ZC:41km=46.0mm] [ZC:144km=0.0mm] [ZC:170km=55.0mm] [ZC:176km=400.0mm] [ZC:303km=66.0mm] [ZC:322km=218.0mm] [ZC:431km=5.0mm] [ZC:432km=1.0mm] [ZC:452km=26.0mm] [ZC:483km=269.0mm] [ZC:533km=9.0mm],False,no_iwv_buildup (delta=1.0mm < 2.0mm threshold),False,offline_verification,CANDIDATE_CLOUDBURST,11
Guwahati,13,ISRO1102_15F44E(North Guwhathi College. North Guwhathi),26.202223,91.715836,2013-06-06,400.0,T1,0.9775,COARSE,CLOUDBURST_CANDIDATE,L=0.978 | R_core=400.0mm | R_bg=9.0mm (nearest_proxy (363km)) | scale=COARSE | gradient: [ZC:27km=55.0mm] [ZC:46km=0.0mm] [ZC:128km=66.0mm] [ZC:155km=218.0mm] [ZC:176km=56.0mm] [ZC:178km=46.0mm] [ZC:257km=5.0mm] [ZC:262km=1.0mm] [ZC:285km=26.0mm] [ZC:315km=269.0mm] [ZC:363km=9.0mm],False,no_iwv_buildup (delta=1.0mm < 2.0mm threshold),False,offline_verification,CANDIDATE_CLOUDBURST,11
Guwahati,13,ISRO1074_15F432(Salonah),26.445833,92.975,2013-06-07,0.0,NORMAL,0.0,N/A,NORMAL,,False,,False,,NORMAL,0
Guwahati,13,ISRO1069_15F42D(TRA. Dikom),27.466667,95.08889,2013-06-07,0.0,NORMAL,0.0,N/A,NORMAL,,False,,False,,NORMAL,0
Guwahati,13,ISRO0067_15F043(NALBARI),26.4358333,91.335,2013-06-07,0.0,NORMAL,0.0,N/A,NORMAL,,False,,False,,NORMAL,0
Lengpui,12,ISRO0069_15F045(ARUNACHAL),24.8541666,92.7388888,2013-06-07,0.0,NORMAL,0.0,N/A,NORMAL,,False,,False,,NORMAL,0
Guwahati,13,ISRO1068_15F42C(TRA. Jorhat),26.730833,94.22667,2013-06-07,0.0,NORMAL,0.0,N/A,NORMAL,,False,,False,,NORMAL,0
Guwahati,13,ISRO1112_15F458(President. Gharowa. Lumding),25.751112,93.178055,2013-06-07,0.0,NORMAL,0.0,N/A,NORMAL,,False,,False,,NORMAL,0
Guwahati,13,ISRO1106_15F452(Rangiya Degree College. Rangiya),26.426945,91.61389,2013-06-07,0.0,NORMAL,0.0,N/A,NORMAL,,False,,False,,NORMAL,0
Guwahati,13,ISRO1071_15F42F(Ananda),27.44861,94.22945,2013-06-07,0.0,NORMAL,0.0,N/A,NORMAL,,False,,False,,NORMAL,0
Bagdogra,11,ISRO0066_15F042(GOSSAIGAON),26.3908333,89.9405555,2013-06-07,0.0,NORMAL,0.0,N/A,NORMAL,,False,,False,,NORMAL,0
Guwahati,13,ISRO1104_15F450(Dhemaji Degree College. Dhemaji),27.475555,94.55167,2013-06-07,0.0,NORMAL,0.0,N/A,NORMAL,,False,,False,,NORMAL,0
Guwahati,13,ISRO1102_15F44E(North Guwhathi College. North Guwhathi),26.202223,91.715836,2013-06-07,0.0,NORMAL,0.0,N/A,NORMAL,,False,,False,,NORMAL,0
Guwahati,13,ISRO0062_15F03E(LAKHIMPUR),27.2041666,94.1069444,2013-06-07,0.0,NORMAL,0.0,N/A,NORMAL,,False,,False,,NORMAL,0
Guwahati,13,ISRO1074_15F432(Salonah),26.445833,92.975,2013-06-08,180.0,T1,0.8611,COARSE,CLOUDBURST_CANDIDATE,L=0.861 | R_core=180.0mm | R_bg=25.0mm (nearest_proxy (303km)) | scale=COARSE | gradient: [ZC:128km=0.0mm] [ZC:128km=0.0mm] [ZC:136km=191.0mm] [ZC:140km=0.0mm] [ZC:163km=0.0mm] [ZC:167km=16.0mm] [ZC:179km=0.0mm] [ZC:238km=6.0mm] [ZC:303km=25.0mm],False,no_iwv_buildup (delta=1.2mm < 2.0mm threshold),False,offline_verification,CANDIDATE_CLOUDBURST,9
Guwahati,13,ISRO1069_15F42D(TRA. Dikom),27.466667,95.08889,2013-06-08,6.0,NORMAL,0.0,N/A,NORMAL,,False,,False,,NORMAL,0
Guwahati,13,ISRO1071_15F42F(Ananda),27.44861,94.22945,2013-06-08,16.0,NORMAL,0.0,N/A,NORMAL,,False,,False,,NORMAL,0
Guwahati,13,ISRO0076_15F04C(Dhubri),26.023333,89.96917,2013-06-08,25.0,NORMAL,0.0,N/A,NORMAL,,False,,False,,NORMAL,0
Guwahati,13,ISRO0062_15F03E(LAKHIMPUR),27.2041666,94.1069444,2013-06-08,0.0,NORMAL,0.0,N/A,NORMAL,,False,,False,,NORMAL,0
Guwahati,13,ISRO1068_15F42C(TRA. Jorhat),26.730833,94.22667,2013-06-08,0.0,NORMAL,0.0,N/A,NORMAL,,False,,False,,NORMAL,0
Lengpui,12,ISRO0069_15F045(ARUNACHAL),24.8541666,92.7388888,2013-06-08,0.0,NORMAL,0.0,N/A,NORMAL,,False,,False,,NORMAL,0
Guwahati,13,ISRO1106_15F452(Rangiya Degree College. Rangiya),26.426945,91.61389,2013-06-08,191.0,T1,0.9686,COARSE,CLOUDBURST_CANDIDATE,L=0.969 | R_core=191.0mm | R_bg=6.0mm (nearest_proxy (363km)) | scale=COARSE | gradient: [ZC:27km=0.0mm] [ZC:28km=0.0mm] [ZC:136km=180.0mm] [ZC:170km=25.0mm] [ZC:208km=0.0mm] [ZC:262km=0.0mm] [ZC:262km=0.0mm] [ZC:283km=16.0mm] [ZC:363km=6.0mm],False,no_iwv_buildup (delta=1.2mm < 2.0mm threshold),False,offline_verification,CANDIDATE_CLOUDBURST,9
Guwahati,13,ISRO0067_15F043(NALBARI),26.4358333,91.335,2013-06-08,0.0,NORMAL,0.0,N/A,NORMAL,,False,,False,,NORMAL,0
Guwahati,13,ISRO0067_15F043(NALBARI),26.4358333,91.335,2013-06-09,0.0,NORMAL,0.0,N/A,NORMAL,,False,,False,,NORMAL,0
Guwahati,13,ISRO1112_15F458(President. Gharowa. Lumding),25.751112,93.178055,2013-06-09,2.0,NORMAL,0.0,N/A,NORMAL,,False,,False,,NORMAL,0
Guwahati,13,ISRO1102_15F44E(North Guwhathi College. North Guwhathi),26.202223,91.715836,2013-06-09,0.0,NORMAL,0.0,N/A,NORMAL,,False,,False,,NORMAL,0
Guwahati,13,ISRO1069_15F42D(TRA. Dikom),27.466667,95.08889,2013-06-09,0.0,NORMAL,0.0,N/A,NORMAL,,False,,False,,NORMAL,0
Guwahati,13,ISRO0076_15F04C(Dhubri),26.023333,89.96917,2013-06-09,5.0,NORMAL,0.0,N/A,NORMAL,,False,,False,,NORMAL,0
Guwahati,13,ISRO1071_15F42F(Ananda),27.44861,94.22945,2013-06-09,8.0,NORMAL,0.0,N/A,NORMAL,,False,,False,,NORMAL,0
Lengpui,12,ISRO0069_15F045(ARUNACHAL),24.8541666,92.7388888,2013-06-09,0.0,NORMAL,0.0,N/A,NORMAL,,False,,False,,NORMAL,0
Guwahati,13,ISRO0062_15F03E(LAKHIMPUR),27.2041666,94.1069444,2013-06-09,0.0,NORMAL,0.0,N/A,NORMAL,,False,,False,,NORMAL,0
Bagdogra,11,ISRO0066_15F042(GOSSAIGAON),26.3908333,89.9405555,2013-06-09,400.0,T1,1.0,COARSE,CLOUDBURST_CANDIDATE,L=1.000 | R_core=400.0mm | R_bg=0.0mm (nearest_proxy (524km)) | scale=COARSE | gradient: [ZC:41km=5.0mm] [ZC:139km=0.0mm] [ZC:178km=0.0mm] [ZC:328km=0.0mm] [ZC:331km=2.0mm] [ZC:423km=0.0mm] [ZC:428km=0.0mm] [ZC:441km=8.0mm] [ZC:524km=0.0mm],False,no_iwv_buildup (delta=-0.9mm < 2.0mm threshold),False,offline_verification,CANDIDATE_CLOUDBURST,9
Guwahati,13,ISRO1068_15F42C(TRA. Jorhat),26.730833,94.22667,2013-06-09,0.0,NORMAL,0.0,N/A,NORMAL,,False,,False,,NORMAL,0
Guwahati,13,ISRO0067_15F043(NALBARI),26.4358333,91.335,2013-06-10,69.0,T2,0.0,COARSE,WIDESPREAD_HEAVY_RAIN,L=0.000 | R_core=69.0mm | R_bg=123.0mm (nearest_proxy (389km)) | scale=COARSE | gradient: [ZC:28km=133.0mm] [ZC:46km=400.0mm] [ZC:139km=185.0mm] [ZC:144km=6.0mm] [ZC:163km=89.0mm] [ZC:199km=124.0mm] [ZC:225km=374.0mm] [ZC:288km=0.0mm] [ZC:308km=63.0mm] [ZC:339km=79.0mm] [ZC:389km=123.0mm],False,no_iwv_buildup (delta=-2.7mm < 2.0mm threshold),False,offline_verification,WIDESPREAD_HEAVY_RAIN,11
Guwahati,13,ISRO1112_15F458(President. Gharowa. Lumding),25.751112,93.178055,2013-06-10,124.0,T1,0.0,COARSE,WIDESPREAD_HEAVY_RAIN,L=0.000 | R_core=124.0mm | R_bg=185.0mm (nearest_proxy (331km)) | scale=COARSE | gradient: [ZC:80km=89.0mm] [ZC:109km=374.0mm] [ZC:155km=400.0mm] [ZC:173km=133.0mm] [ZC:186km=0.0mm] [ZC:199km=69.0mm] [ZC:216km=63.0mm] [ZC:235km=79.0mm] [ZC:269km=123.0mm] [ZC:322km=6.0mm] [ZC:331km=185.0mm],False,no_iwv_buildup (delta=-2.7mm < 2.0mm threshold),False,offline_verification,WIDESPREAD_HEAVY_RAIN,11
Guwahati,13,ISRO1102_15F44E(North Guwhathi College. North Guwhathi),26.202223,91.715836,2013-06-10,400.0,T1,0.6925,COARSE,CLOUDBURST_CANDIDATE,L=0.693 | R_core=400.0mm | R_bg=123.0mm (nearest_proxy (363km)) | scale=COARSE | gradient: [ZC:27km=133.0mm] [ZC:46km=69.0mm] [ZC:128km=89.0mm] [ZC:155km=124.0mm] [ZC:176km=6.0mm] [ZC:178km=185.0mm] [ZC:182km=374.0mm] [ZC:262km=0.0mm] [ZC:285km=63.0mm] [ZC:315km=79.0mm] [ZC:363km=123.0mm],False,no_iwv_buildup (delta=-2.7mm < 2.0mm threshold),False,offline_verification,CANDIDATE_CLOUDBURST,11
Lengpui,12,ISRO0069_15F045(ARUNACHAL),24.8541666,92.7388888,2013-06-10,374.0,T1,0.6711,COARSE,CLOUDBURST_CANDIDATE,L=0.671 | R_core=374.0mm | R_bg=123.0mm (nearest_proxy (373km)) | scale=COARSE | gradient: [ZC:109km=124.0mm] [ZC:179km=89.0mm] [ZC:182km=400.0mm] [ZC:208km=133.0mm] [ZC:225km=69.0mm] [ZC:295km=0.0mm] [ZC:307km=6.0mm] [ZC:325km=63.0mm] [ZC:328km=185.0mm] [ZC:343km=79.0mm] [ZC:373km=123.0mm],False,no_iwv_buildup (delta=-2.7mm < 2.0mm threshold),False,offline_verification,CANDIDATE_CLOUDBURST,11
Guwahati,13,ISRO0062_15F03E(LAKHIMPUR),27.2041666,94.1069444,2013-06-10,0.0,NORMAL,0.0,N/A,NORMAL,,False,,False,,NORMAL,0
Guwahati,13,ISRO1071_15F42F(Ananda),27.44861,94.22945,2013-06-10,63.0,T2,0.9048,COARSE,CLOUDBURST_CANDIDATE,L=0.905 | R_core=63.0mm | R_bg=6.0mm (nearest_proxy (452km)) | scale=COARSE | gradient: [ZC:30km=0.0mm] [ZC:32km=79.0mm] [ZC:85km=123.0mm] [ZC:167km=89.0mm] [ZC:216km=124.0mm] [ZC:283km=133.0mm] [ZC:285km=400.0mm] [ZC:308km=69.0mm] [ZC:325km=374.0mm] [ZC:441km=185.0mm] [ZC:452km=6.0mm],False,no_iwv_buildup (delta=-2.7mm < 2.0mm threshold),False,offline_verification,CANDIDATE_CLOUDBURST,11
Guwahati,13,ISRO1104_15F450(Dhemaji Degree College. Dhemaji),27.475555,94.55167,2013-06-10,79.0,T2,0.9241,COARSE,CLOUDBURST_CANDIDATE,L=0.924 | R_core=79.0mm | R_bg=6.0mm (nearest_proxy (483km)) | scale=COARSE | gradient: [ZC:32km=63.0mm] [ZC:53km=123.0mm] [ZC:53km=0.0mm] [ZC:194km=89.0mm] [ZC:235km=124.0mm] [ZC:314km=133.0mm] [ZC:315km=400.0mm] [ZC:339km=69.0mm] [ZC:343km=374.0mm] [ZC:473km=185.0mm] [ZC:483km=6.0mm],False,no_iwv_buildup (delta=-2.7mm < 2.0mm threshold),False,offline_verification,CANDIDATE_CLOUDBURST,11
Guwahati,13,ISRO1074_15F432(Salonah),26.445833,92.975,2013-06-10,89.0,T2,0.9326,COARSE,CLOUDBURST_CANDIDATE,L=0.933 | R_core=89.0mm | R_bg=6.0mm (nearest_proxy (303km)) | scale=COARSE | gradient: [ZC:80km=124.0mm] [ZC:128km=400.0mm] [ZC:136km=133.0mm] [ZC:140km=0.0mm] [ZC:163km=69.0mm] [ZC:167km=63.0mm] [ZC:179km=374.0mm] [ZC:194km=79.0mm] [ZC:238km=123.0mm] [ZC:302km=185.0mm] [ZC:303km=6.0mm],False,no_iwv_buildup (delta=-2.7mm < 2.0mm threshold),False,offline_verification,CANDIDATE_CLOUDBURST,11
Guwahati,13,ISRO0076_15F04C(Dhubri),26.023333,89.96917,2013-06-10,6.0,NORMAL,0.0,N/A,NORMAL,,False,,False,,NORMAL,0
Bagdogra,11,ISRO0066_15F042(GOSSAIGAON),26.3908333,89.9405555,2013-06-10,185.0,T1,0.3351,COARSE,WIDESPREAD_HEAVY_RAIN,L=0.335 | R_core=185.0mm | R_bg=123.0mm (nearest_proxy (524km)) | scale=COARSE | gradient: [ZC:41km=6.0mm] [ZC:139km=69.0mm] [ZC:167km=133.0mm] [ZC:178km=400.0mm] [ZC:302km=89.0mm] [ZC:328km=374.0mm] [ZC:331km=124.0mm] [ZC:423km=0.0mm] [ZC:441km=63.0mm] [ZC:473km=79.0mm] [ZC:524km=123.0mm],True,"buildup=2.5mm, drawdown=yes (3.8mm)",True,IWV_confirmed,WIDESPREAD_HEAVY_RAIN,11
Guwahati,13,ISRO1106_15F452(Rangiya Degree College. Rangiya),26.426945,91.61389,2013-06-10,133.0,T1,0.0752,COARSE,WIDESPREAD_HEAVY_RAIN,L=0.075 | R_core=133.0mm | R_bg=123.0mm (nearest_proxy (363km)) | scale=COARSE | gradient: [ZC:27km=400.0mm] [ZC:28km=69.0mm] [ZC:136km=89.0mm] [ZC:167km=185.0mm] [ZC:170km=6.0mm] [ZC:173km=124.0mm] [ZC:208km=374.0mm] [ZC:262km=0.0mm] [ZC:283km=63.0mm] [ZC:314km=79.0mm] [ZC:363km=123.0mm],False,no_iwv_buildup (delta=-2.7mm < 2.0mm threshold),False,offline_verification,WIDESPREAD_HEAVY_RAIN,11
Guwahati,13,ISRO1069_15F42D(TRA. Dikom),27.466667,95.08889,2013-06-10,123.0,T1,0.9512,COARSE,CLOUDBURST_CANDIDATE,L=0.951 | R_core=123.0mm | R_bg=6.0mm (nearest_proxy (533km)) | scale=COARSE | gradient: [ZC:53km=79.0mm] [ZC:85km=63.0mm] [ZC:101km=0.0mm] [ZC:238km=89.0mm] [ZC:269km=124.0mm] [ZC:363km=400.0mm] [ZC:363km=133.0mm] [ZC:373km=374.0mm] [ZC:389km=69.0mm] [ZC:524km=185.0mm] [ZC:533km=6.0mm],False,no_iwv_buildup (delta=-2.7mm < 2.0mm threshold),False,offline_verification,CANDIDATE_CLOUDBURST,11
Guwahati,13,ISRO0067_15F043(NALBARI),26.4358333,91.335,2013-06-11,51.0,T2,0.0,COARSE,WIDESPREAD_HEAVY_RAIN,L=0.000 | R_core=51.0mm | R_bg=55.0mm (nearest_proxy (389km)) | scale=COARSE | gradient: [ZC:28km=76.0mm] [ZC:46km=0.0mm] [ZC:139km=47.0mm] [ZC:144km=5.0mm] [ZC:163km=23.0mm] [ZC:199km=104.0mm] [ZC:225km=63.0mm] [ZC:288km=0.0mm] [ZC:308km=34.0mm] [ZC:339km=52.0mm] [ZC:389km=55.0mm],False,no_iwv_buildup (delta=-5.0mm < 2.0mm threshold),False,offline_verification,WIDESPREAD_HEAVY_RAIN,11
Bagdogra,11,ISRO0066_15F042(GOSSAIGAON),26.3908333,89.9405555,2013-06-11,47.0,T2,0.0,COARSE,WIDESPREAD_HEAVY_RAIN,L=0.000 | R_core=47.0mm | R_bg=55.0mm (nearest_proxy (524km)) | scale=COARSE | gradient: [ZC:41km=5.0mm] [ZC:139km=51.0mm] [ZC:167km=76.0mm] [ZC:178km=0.0mm] [ZC:302km=23.0mm] [ZC:328km=63.0mm] [ZC:331km=104.0mm] [ZC:423km=0.0mm] [ZC:441km=34.0mm] [ZC:473km=52.0mm] [ZC:524km=55.0mm],False,no_iwv_buildup (delta=-2.0mm < 2.0mm threshold),False,offline_verification,WIDESPREAD_HEAVY_RAIN,11
Guwahati,13,ISRO1071_15F42F(Ananda),27.44861,94.22945,2013-06-11,34.0,T2,0.8529,COARSE,CLOUDBURST_CANDIDATE,L=0.853 | R_core=34.0mm | R_bg=5.0mm (nearest_proxy (452km)) | scale=COARSE | gradient: [ZC:30km=0.0mm] [ZC:32km=52.0mm] [ZC:85km=55.0mm] [ZC:167km=23.0mm] [ZC:216km=104.0mm] [ZC:283km=76.0mm] [ZC:285km=0.0mm] [ZC:308km=51.0mm] [ZC:325km=63.0mm] [ZC:441km=47.0mm] [ZC:452km=5.0mm],False,no_iwv_buildup (delta=-5.0mm < 2.0mm threshold),False,offline_verification,CANDIDATE_CLOUDBURST,11
Guwahati,13,ISRO1069_15F42D(TRA. Dikom),27.466667,95.08889,2013-06-11,55.0,T2,0.9091,COARSE,CLOUDBURST_CANDIDATE,L=0.909 | R_core=55.0mm | R_bg=5.0mm (nearest_proxy (533km)) | scale=COARSE | gradient: [ZC:53km=52.0mm] [ZC:85km=34.0mm] [ZC:101km=0.0mm] [ZC:238km=23.0mm] [ZC:269km=104.0mm] [ZC:363km=0.0mm] [ZC:363km=76.0mm] [ZC:373km=63.0mm] [ZC:389km=51.0mm] [ZC:524km=47.0mm] [ZC:533km=5.0mm],False,no_iwv_buildup (delta=-5.0mm < 2.0mm threshold),False,offline_verification,CANDIDATE_CLOUDBURST,11
Guwahati,13,ISRO1106_15F452(Rangiya Degree College. Rangiya),26.426945,91.61389,2013-06-11,76.0,T2,0.2763,COARSE,WIDESPREAD_HEAVY_RAIN,L=0.276 | R_core=76.0mm | R_bg=55.0mm (nearest_proxy (363km)) | scale=COARSE | gradient: [ZC:27km=0.0mm] [ZC:28km=51.0mm] [ZC:136km=23.0mm] [ZC:167km=47.0mm] [ZC:170km=5.0mm] [ZC:173km=104.0mm] [ZC:208km=63.0mm] [ZC:262km=0.0mm] [ZC:283km=34.0mm] [ZC:314km=52.0mm] [ZC:363km=55.0mm],False,no_iwv_buildup (delta=-5.0mm < 2.0mm threshold),False,offline_verification,WIDESPREAD_HEAVY_RAIN,11
Guwahati,13,ISRO1074_15F432(Salonah),26.445833,92.975,2013-06-11,23.0,NORMAL,0.0,N/A,NORMAL,,False,,False,,NORMAL,0
Guwahati,13,ISRO1104_15F450(Dhemaji Degree College. Dhemaji),27.475555,94.55167,2013-06-11,52.0,T2,0.9038,COARSE,CLOUDBURST_CANDIDATE,L=0.904 | R_core=52.0mm | R_bg=5.0mm (nearest_proxy (483km)) | scale=COARSE | gradient: [ZC:32km=34.0mm] [ZC:53km=55.0mm] [ZC:53km=0.0mm] [ZC:194km=23.0mm] [ZC:235km=104.0mm] [ZC:314km=76.0mm] [ZC:315km=0.0mm] [ZC:339km=51.0mm] [ZC:343km=63.0mm] [ZC:473km=47.0mm] [ZC:483km=5.0mm],False,no_iwv_buildup (delta=-5.0mm < 2.0mm threshold),False,offline_verification,CANDIDATE_CLOUDBURST,11
Guwahati,13,ISRO1112_15F458(President. Gharowa. Lumding),25.751112,93.178055,2013-06-11,104.0,T1,0.5481,COARSE,CLOUDBURST_CANDIDATE,L=0.548 | R_core=104.0mm | R_bg=47.0mm (nearest_proxy (331km)) | scale=COARSE | gradient: [ZC:80km=23.0mm] [ZC:109km=63.0mm] [ZC:155km=0.0mm] [ZC:173km=76.0mm] [ZC:186km=0.0mm] [ZC:199km=51.0mm] [ZC:216km=34.0mm] [ZC:235km=52.0mm] [ZC:269km=55.0mm] [ZC:322km=5.0mm] [ZC:331km=47.0mm],False,no_iwv_buildup (delta=-5.0mm < 2.0mm threshold),False,offline_verification,CANDIDATE_CLOUDBURST,11
Guwahati,13,ISRO0062_15F03E(LAKHIMPUR),27.2041666,94.1069444,2013-06-11,0.0,NORMAL,0.0,N/A,NORMAL,,False,,False,,NORMAL,0
Guwahati,13,ISRO0076_15F04C(Dhubri),26.023333,89.96917,2013-06-11,5.0,NORMAL,0.0,N/A,NORMAL,,False,,False,,NORMAL,0
Guwahati,13,ISRO1102_15F44E(North Guwhathi College. North Guwhathi),26.202223,91.715836,2013-06-11,0.0,NORMAL,0.0,N/A,NORMAL,,False,,False,,NORMAL,0
Lengpui,12,ISRO0069_15F045(ARUNACHAL),24.8541666,92.7388888,2013-06-11,63.0,T2,0.127,COARSE,WIDESPREAD_HEAVY_RAIN,L=0.127 | R_core=63.0mm | R_bg=55.0mm (nearest_proxy (373km)) | scale=COARSE | gradient: [ZC:109km=104.0mm] [ZC:179km=23.0mm] [ZC:182km=0.0mm] [ZC:208km=76.0mm] [ZC:225km=51.0mm] [ZC:295km=0.0mm] [ZC:307km=5.0mm] [ZC:325km=34.0mm] [ZC:328km=47.0mm] [ZC:343km=52.0mm] [ZC:373km=55.0mm],False,no_iwv_buildup (delta=-1.1mm < 2.0mm threshold),False,offline_verification,WIDESPREAD_HEAVY_RAIN,11
Guwahati,13,ISRO1074_15F432(Salonah),26.445833,92.975,2013-06-12,0.0,NORMAL,0.0,N/A,NORMAL,,False,,False,,NORMAL,0
Guwahati,13,ISRO0062_15F03E(LAKHIMPUR),27.2041666,94.1069444,2013-06-12,0.0,NORMAL,0.0,N/A,NORMAL,,False,,False,,NORMAL,0
Guwahati,13,ISRO0076_15F04C(Dhubri),26.023333,89.96917,2013-06-12,1.0,NORMAL,0.0,N/A,NORMAL,,False,,False,,NORMAL,0
Guwahati,13,ISRO1106_15F452(Rangiya Degree College. Rangiya),26.426945,91.61389,2013-06-12,0.0,NORMAL,0.0,N/A,NORMAL,,False,,False,,NORMAL,0
Bagdogra,11,ISRO0066_15F042(GOSSAIGAON),26.3908333,89.9405555,2013-06-12,0.0,NORMAL,0.0,N/A,NORMAL,,False,,False,,NORMAL,0
Guwahati,13,ISRO1069_15F42D(TRA. Dikom),27.466667,95.08889,2013-06-12,0.0,NORMAL,0.0,N/A,NORMAL,,False,,False,,NORMAL,0
Guwahati,13,ISRO1068_15F42C(TRA. Jorhat),26.730833,94.22667,2013-06-12,0.0,NORMAL,0.0,N/A,NORMAL,,False,,False,,NORMAL,0
Guwahati,13,ISRO1071_15F42F(Ananda),27.44861,94.22945,2013-06-12,0.0,NORMAL,0.0,N/A,NORMAL,,False,,False,,NORMAL,0
Lengpui,12,ISRO0069_15F045(ARUNACHAL),24.8541666,92.7388888,2013-06-12,0.0,NORMAL,0.0,N/A,NORMAL,,False,,False,,NORMAL,0
Guwahati,13,ISRO1104_15F450(Dhemaji Degree College. Dhemaji),27.475555,94.55167,2013-06-12,0.0,NORMAL,0.0,N/A,NORMAL,,False,,False,,NORMAL,0
Guwahati,13,ISRO1112_15F458(President. Gharowa. Lumding),25.751112,93.178055,2013-06-12,5.0,NORMAL,0.0,N/A,NORMAL,,False,,False,,NORMAL,0
Guwahati,13,ISRO1112_15F458(President. Gharowa. Lumding),25.751112,93.178055,2013-06-13,0.0,NORMAL,0.0,N/A,NORMAL,,False,,False,,NORMAL,0
Guwahati,13,ISRO1068_15F42C(TRA. Jorhat),26.730833,94.22667,2013-06-13,0.0,NORMAL,0.0,N/A,NORMAL,,False,,False,,NORMAL,0
Guwahati,13,ISRO1071_15F42F(Ananda),27.44861,94.22945,2013-06-13,0.0,NORMAL,0.0,N/A,NORMAL,,False,,False,,NORMAL,0
Guwahati,13,ISRO0067_15F043(NALBARI),26.4358333,91.335,2013-06-13,0.0,NORMAL,0.0,N/A,NORMAL,,False,,False,,NORMAL,0
Guwahati,13,ISRO0062_15F03E(LAKHIMPUR),27.2041666,94.1069444,2013-06-13,0.0,NORMAL,0.0,N/A,NORMAL,,False,,False,,NORMAL,0
Bagdogra,11,ISRO0066_15F042(GOSSAIGAON),26.3908333,89.9405555,2013-06-13,0.0,NORMAL,0.0,N/A,NORMAL,,False,,False,,NORMAL,0
Guwahati,13,ISRO1104_15F450(Dhemaji Degree College. Dhemaji),27.475555,94.55167,2013-06-13,0.0,NORMAL,0.0,N/A,NORMAL,,False,,False,,NORMAL,0
Guwahati,13,ISRO1106_15F452(Rangiya Degree College. Rangiya),26.426945,91.61389,2013-06-13,0.0,NORMAL,0.0,N/A,NORMAL,,False,,False,,NORMAL,0
Guwahati,13,ISRO1074_15F432(Salonah),26.445833,92.975,2013-06-13,0.0,NORMAL,0.0,N/A,NORMAL,,False,,False,,NORMAL,0
Guwahati,13,ISRO0076_15F04C(Dhubri),26.023333,89.96917,2013-06-13,0.0,NORMAL,0.0,N/A,NORMAL,,False,,False,,NORMAL,0
Lengpui,12,ISRO0069_15F045(ARUNACHAL),24.8541666,92.7388888,2013-06-13,0.0,NORMAL,0.0,N/A,NORMAL,,False,,False,,NORMAL,0
Guwahati,13,ISRO1068_15F42C(TRA. Jorhat),26.730833,94.22667,2013-06-14,0.0,NORMAL,0.0,N/A,NORMAL,,False,,False,,NORMAL,0
Guwahati,13,ISRO1112_15F458(President. Gharowa. Lumding),25.751112,93.178055,2013-06-14,0.0,NORMAL,0.0,N/A,NORMAL,,False,,False,,NORMAL,0
Guwahati,13,ISRO1071_15F42F(Ananda),27.44861,94.22945,2013-06-14,0.0,NORMAL,0.0,N/A,NORMAL,,False,,False,,NORMAL,0
Guwahati,13,ISRO1074_15F432(Salonah),26.445833,92.975,2013-06-14,0.0,NORMAL,0.0,N/A,NORMAL,,False,,False,,NORMAL,0
Guwahati,13,ISRO0076_15F04C(Dhubri),26.023333,89.96917,2013-06-14,0.0,NORMAL,0.0,N/A,NORMAL,,False,,False,,NORMAL,0
Lengpui,12,ISRO0069_15F045(ARUNACHAL),24.8541666,92.7388888,2013-06-14,0.0,NORMAL,0.0,N/A,NORMAL,,False,,False,,NORMAL,0
Guwahati,13,ISRO1106_15F452(Rangiya Degree College. Rangiya),26.426945,91.61389,2013-06-14,0.0,NORMAL,0.0,N/A,NORMAL,,False,,False,,NORMAL,0
Guwahati,13,ISRO0062_15F03E(LAKHIMPUR),27.2041666,94.1069444,2013-06-14,0.0,NORMAL,0.0,N/A,NORMAL,,False,,False,,NORMAL,0
Bagdogra,11,ISRO0066_15F042(GOSSAIGAON),26.3908333,89.9405555,2013-06-14,0.0,NORMAL,0.0,N/A,NORMAL,,False,,False,,NORMAL,0
Guwahati,13,ISRO1104_15F450(Dhemaji Degree College. Dhemaji),27.475555,94.55167,2013-06-14,0.0,NORMAL,0.0,N/A,NORMAL,,False,,False,,NORMAL,0
Guwahati,13,ISRO0067_15F043(NALBARI),26.4358333,91.335,2013-06-14,0.0,NORMAL,0.0,N/A,NORMAL,,False,,False,,NORMAL,0
Guwahati,13,ISRO1102_15F44E(North Guwhathi College. North Guwhathi),26.202223,91.715836,2013-06-15,0.0,NORMAL,0.0,N/A,NORMAL,,False,,False,,NORMAL,0
Guwahati,13,ISRO1112_15F458(President. Gharowa. Lumding),25.751112,93.178055,2013-06-15,0.0,NORMAL,0.0,N/A,NORMAL,,False,,False,,NORMAL,0
Guwahati,13,ISRO1106_15F452(Rangiya Degree College. Rangiya),26.426945,91.61389,2013-06-15,0.0,NORMAL,0.0,N/A,NORMAL,,False,,False,,NORMAL,0
Lengpui,12,ISRO0069_15F045(ARUNACHAL),24.8541666,92.7388888,2013-06-15,0.0,NORMAL,0.0,N/A,NORMAL,,False,,False,,NORMAL,0
Guwahati,13,ISRO1074_15F432(Salonah),26.445833,92.975,2013-06-15,0.0,NORMAL,0.0,N/A,NORMAL,,False,,False,,NORMAL,0
Bagdogra,11,ISRO0066_15F042(GOSSAIGAON),26.3908333,89.9405555,2013-06-15,0.0,NORMAL,0.0,N/A,NORMAL,,False,,False,,NORMAL,0
Guwahati,13,ISRO0067_15F043(NALBARI),26.4358333,91.335,2013-06-15,0.0,NORMAL,0.0,N/A,NORMAL,,False,,False,,NORMAL,0
Guwahati,13,ISRO1069_15F42D(TRA. Dikom),27.466667,95.08889,2013-06-15,0.0,NORMAL,0.0,N/A,NORMAL,,False,,False,,NORMAL,0
Guwahati,13,ISRO1104_15F450(Dhemaji Degree College. Dhemaji),27.475555,94.55167,2013-06-15,0.0,NORMAL,0.0,N/A,NORMAL,,False,,False,,NORMAL,0
Guwahati,13,ISRO1068_15F42C(TRA. Jorhat),26.730833,94.22667,2013-06-15,0.0,NORMAL,0.0,N/A,NORMAL,,False,,False,,NORMAL,0
Guwahati,13,ISRO1112_15F458(President. Gharowa. Lumding),25.751112,93.178055,2013-07-03,20.0,NORMAL,0.0,N/A,NORMAL,,False,,False,,NORMAL,0
Lengpui,12,ISRO0069_15F045(ARUNACHAL),24.8541666,92.7388888,2013-07-03,5.0,NORMAL,0.0,N/A,NORMAL,,False,,False,,NORMAL,0
Bagdogra,11,ISRO0066_15F042(GOSSAIGAON),26.3908333,89.9405555,2013-07-03,16.0,NORMAL,0.0,N/A,NORMAL,,False,,False,,NORMAL,0
Guwahati,13,ISRO1068_15F42C(TRA. Jorhat),26.730833,94.22667,2013-07-03,0.0,NORMAL,0.0,N/A,NORMAL,,False,,False,,NORMAL,0
Guwahati,13,ISRO1102_15F44E(North Guwhathi College. North Guwhathi),26.202223,91.715836,2013-07-03,0.0,NORMAL,0.0,N/A,NORMAL,,False,,False,,NORMAL,0
Guwahati,13,ISRO1074_15F432(Salonah),26.445833,92.975,2013-07-03,7.0,NORMAL,0.0,N/A,NORMAL,,False,,False,,NORMAL,0
Guwahati,13,ISRO0067_15F043(NALBARI),26.4358333,91.335,2013-07-03,0.0,NORMAL,0.0,N/A,NORMAL,,False,,False,,NORMAL,0
Guwahati,13,ISRO1106_15F452(Rangiya Degree College. Rangiya),26.426945,91.61389,2013-07-03,12.0,NORMAL,0.0,N/A,NORMAL,,False,,False,,NORMAL,0
Guwahati,13,ISRO1104_15F450(Dhemaji Degree College. Dhemaji),27.475555,94.55167,2013-07-03,8.0,NORMAL,0.0,N/A,NORMAL,,False,,False,,NORMAL,0
Guwahati,13,ISRO0062_15F03E(LAKHIMPUR),27.2041666,94.1069444,2013-07-03,4.0,NORMAL,0.0,N/A,NORMAL,,False,,False,,NORMAL,0
Guwahati,13,ISRO1069_15F42D(TRA. Dikom),27.466667,95.08889,2013-07-03,5.0,NORMAL,0.0,N/A,NORMAL,,False,,False,,NORMAL,0
Guwahati,13,ISRO1071_15F42F(Ananda),27.44861,94.22945,2013-07-03,16.0,NORMAL,0.0,N/A,NORMAL,,False,,False,,NORMAL,0
Guwahati,13,ISRO1069_15F42D(TRA. Dikom),27.466667,95.08889,2013-07-04,42.0,T2,0.8571,COARSE,CLOUDBURST_CANDIDATE,L=0.857 | R_core=42.0mm | R_bg=6.0mm (nearest_proxy (533km)) | scale=COARSE | gradient: [ZC:53km=118.0mm] [ZC:85km=92.0mm] [ZC:101km=49.0mm] [ZC:118km=110.0mm] [ZC:238km=28.0mm] [ZC:269km=94.0mm] [ZC:363km=0.0mm] [ZC:363km=16.0mm] [ZC:373km=92.0mm] [ZC:389km=0.0mm] [ZC:524km=11.0mm] [ZC:533km=6.0mm],False,no_iwv_buildup (delta=0.4mm < 2.0mm threshold),False,offline_verification,CANDIDATE_CLOUDBURST,12
Guwahati,13,ISRO1106_15F452(Rangiya Degree College. Rangiya),26.426945,91.61389,2013-07-04,16.0,NORMAL,0.0,N/A,NORMAL,,False,,False,,NORMAL,0
Bagdogra,11,ISRO0066_15F042(GOSSAIGAON),26.3908333,89.9405555,2013-07-04,11.0,NORMAL,0.0,N/A,NORMAL,,False,,False,,NORMAL,0
Guwahati,13,ISRO1102_15F44E(North Guwhathi College. North Guwhathi),26.202223,91.715836,2013-07-04,0.0,NORMAL,0.0,N/A,NORMAL,,False,,False,,NORMAL,0
Guwahati,13,ISRO1071_15F42F(Ananda),27.44861,94.22945,2013-07-04,92.0,T2,0.9348,COARSE,CLOUDBURST_CANDIDATE,L=0.935 | R_core=92.0mm | R_bg=6.0mm (nearest_proxy (452km)) | scale=COARSE | gradient: [ZC:30km=49.0mm] [ZC:32km=118.0mm] [ZC:80km=110.0mm] [ZC:85km=42.0mm] [ZC:167km=28.0mm] [ZC:216km=94.0mm] [ZC:283km=16.0mm] [ZC:285km=0.0mm] [ZC:308km=0.0mm] [ZC:325km=92.0mm] [ZC:441km=11.0mm] [ZC:452km=6.0mm],False,no_iwv_buildup (delta=0.4mm < 2.0mm threshold),False,offline_verification,CANDIDATE_CLOUDBURST,12
Guwahati,13,ISRO0067_15F043(NALBARI),26.4358333,91.335,2013-07-04,0.0,NORMAL,0.0,N/A,NORMAL,,False,,False,,NORMAL,0
Guwahati,13,ISRO1112_15F458(President. Gharowa. Lumding),25.751112,93.178055,2013-07-04,94.0,T2,0.883,COARSE,CLOUDBURST_CANDIDATE,L=0.883 | R_core=94.0mm | R_bg=11.0mm (nearest_proxy (331km)) | scale=COARSE | gradient: [ZC:80km=28.0mm] [ZC:109km=92.0mm] [ZC:151km=110.0mm] [ZC:155km=0.0mm] [ZC:173km=16.0mm] [ZC:186km=49.0mm] [ZC:199km=0.0mm] [ZC:216km=92.0mm] [ZC:235km=118.0mm] [ZC:269km=42.0mm] [ZC:322km=6.0mm] [ZC:331km=11.0mm],False,no_iwv_buildup (delta=0.4mm < 2.0mm threshold),False,offline_verification,CANDIDATE_CLOUDBURST,12
Guwahati,13,ISRO0062_15F03E(LAKHIMPUR),27.2041666,94.1069444,2013-07-04,49.0,T2,0.8776,COARSE,CLOUDBURST_CANDIDATE,L=0.878 | R_core=49.0mm | R_bg=6.0mm (nearest_proxy (432km)) | scale=COARSE | gradient: [ZC:30km=92.0mm] [ZC:53km=118.0mm] [ZC:54km=110.0mm] [ZC:101km=42.0mm] [ZC:140km=28.0mm] [ZC:186km=94.0mm] [ZC:262km=16.0mm] [ZC:262km=0.0mm] [ZC:288km=0.0mm] [ZC:295km=92.0mm] [ZC:423km=11.0mm] [ZC:432km=6.0mm],False,no_iwv_buildup (delta=0.4mm < 2.0mm threshold),False,offline_verification,CANDIDATE_CLOUDBURST,12
Guwahati,13,ISRO1074_15F432(Salonah),26.445833,92.975,2013-07-04,28.0,NORMAL,0.0,N/A,NORMAL,,False,,False,,NORMAL,0
Guwahati,13,ISRO0076_15F04C(Dhubri),26.023333,89.96917,2013-07-04,6.0,NORMAL,0.0,N/A,NORMAL,,False,,False,,NORMAL,0
Lengpui,12,ISRO0069_15F045(ARUNACHAL),24.8541666,92.7388888,2013-07-04,92.0,T2,0.5435,COARSE,CLOUDBURST_CANDIDATE,L=0.543 | R_core=92.0mm | R_bg=42.0mm (nearest_proxy (373km)) | scale=COARSE | gradient: [ZC:109km=94.0mm] [ZC:179km=28.0mm] [ZC:182km=0.0mm] [ZC:208km=16.0mm] [ZC:225km=0.0mm] [ZC:256km=110.0mm] [ZC:295km=49.0mm] [ZC:307km=6.0mm] [ZC:325km=92.0mm] [ZC:328km=11.0mm] [ZC:343km=118.0mm] [ZC:373km=42.0mm],False,no_iwv_buildup (delta=-3.0mm < 2.0mm threshold),False,offline_verification,CANDIDATE_CLOUDBURST,12
Guwahati,13,ISRO1104_15F450(Dhemaji Degree College. Dhemaji),27.475555,94.55167,2013-07-04,118.0,T1,0.9492,COARSE,CLOUDBURST_CANDIDATE,L=0.949 | R_core=118.0mm | R_bg=6.0mm (nearest_proxy (483km)) | scale=COARSE | gradient: [ZC:32km=92.0mm] [ZC:53km=42.0mm] [ZC:53km=49.0mm] [ZC:89km=110.0mm] [ZC:194km=28.0mm] [ZC:235km=94.0mm] [ZC:314km=16.0mm] [ZC:315km=0.0mm] [ZC:339km=0.0mm] [ZC:343km=92.0mm] [ZC:473km=11.0mm] [ZC:483km=6.0mm],False,no_iwv_buildup (delta=0.4mm < 2.0mm threshold),False,offline_verification,CANDIDATE_CLOUDBURST,12
Guwahati,13,ISRO1068_15F42C(TRA. Jorhat),26.730833,94.22667,2013-07-04,110.0,T1,0.9455,COARSE,CLOUDBURST_CANDIDATE,L=0.945 | R_core=110.0mm | R_bg=6.0mm (nearest_proxy (431km)) | scale=COARSE | gradient: [ZC:54km=49.0mm] [ZC:80km=92.0mm] [ZC:89km=118.0mm] [ZC:118km=42.0mm] [ZC:128km=28.0mm] [ZC:151km=94.0mm] [ZC:256km=92.0mm] [ZC:257km=0.0mm] [ZC:262km=16.0mm] [ZC:289km=0.0mm] [ZC:428km=11.0mm] [ZC:431km=6.0mm],False,no_iwv_buildup (delta=0.4mm < 2.0mm threshold),False,offline_verification,CANDIDATE_CLOUDBURST,12
Guwahati,13,ISRO1068_15F42C(TRA. Jorhat),26.730833,94.22667,2013-07-05,54.0,T2,0.7407,COARSE,CLOUDBURST_CANDIDATE,L=0.741 | R_core=54.0mm | R_bg=14.0mm (nearest_proxy (431km)) | scale=COARSE | gradient: [ZC:54km=0.0mm] [ZC:80km=205.0mm] [ZC:89km=260.0mm] [ZC:118km=14.0mm] [ZC:128km=28.0mm] [ZC:151km=136.0mm] [ZC:256km=400.0mm] [ZC:257km=0.0mm] [ZC:262km=62.0mm] [ZC:289km=0.0mm] [ZC:428km=400.0mm] [ZC:431km=14.0mm],False,no_iwv_buildup (delta=0.4mm < 2.0mm threshold),False,offline_verification,CANDIDATE_CLOUDBURST,12
Guwahati,13,ISRO0062_15F03E(LAKHIMPUR),27.2041666,94.1069444,2013-07-05,0.0,NORMAL,0.0,N/A,NORMAL,,False,,False,,NORMAL,0
Guwahati,13,ISRO1104_15F450(Dhemaji Degree College. Dhemaji),27.475555,94.55167,2013-07-05,260.0,T1,0.9462,COARSE,CLOUDBURST_CANDIDATE,L=0.946 | R_core=260.0mm | R_bg=14.0mm (nearest_proxy (483km)) | scale=COARSE | gradient: [ZC:32km=205.0mm] [ZC:53km=14.0mm] [ZC:53km=0.0mm] [ZC:89km=54.0mm] [ZC:194km=28.0mm] [ZC:235km=136.0mm] [ZC:314km=62.0mm] [ZC:315km=0.0mm] [ZC:339km=0.0mm] [ZC:343km=400.0mm] [ZC:473km=400.0mm] [ZC:483km=14.0mm],False,no_iwv_buildup (delta=0.4mm < 2.0mm threshold),False,offline_verification,CANDIDATE_CLOUDBURST,12
Bagdogra,11,ISRO0066_15F042(GOSSAIGAON),26.3908333,89.9405555,2013-07-05,400.0,T1,0.965,COARSE,CLOUDBURST_CANDIDATE,L=0.965 | R_core=400.0mm | R_bg=14.0mm (nearest_proxy (524km)) | scale=COARSE | gradient: [ZC:41km=14.0mm] [ZC:139km=0.0mm] [ZC:167km=62.0mm] [ZC:178km=0.0mm] [ZC:302km=28.0mm] [ZC:328km=400.0mm] [ZC:331km=136.0mm] [ZC:423km=0.0mm] [ZC:428km=54.0mm] [ZC:441km=205.0mm] [ZC:473km=260.0mm] [ZC:524km=14.0mm],False,insufficient_pre_event_iwv,False,offline_verification,CANDIDATE_CLOUDBURST,12
Guwahati,13,ISRO0067_15F043(NALBARI),26.4358333,91.335,2013-07-05,0.0,NORMAL,0.0,N/A,NORMAL,,False,,False,,NORMAL,0
Guwahati,13,ISRO1106_15F452(Rangiya Degree College. Rangiya),26.426945,91.61389,2013-07-05,62.0,T2,0.7742,COARSE,CLOUDBURST_CANDIDATE,L=0.774 | R_core=62.0mm | R_bg=14.0mm (nearest_proxy (363km)) | scale=COARSE | gradient: [ZC:27km=0.0mm] [ZC:28km=0.0mm] [ZC:136km=28.0mm] [ZC:167km=400.0mm] [ZC:170km=14.0mm] [ZC:173km=136.0mm] [ZC:208km=400.0mm] [ZC:262km=54.0mm] [ZC:262km=0.0mm] [ZC:283km=205.0mm] [ZC:314km=260.0mm] [ZC:363km=14.0mm],False,no_iwv_buildup (delta=0.4mm < 2.0mm threshold),False,offline_verification,CANDIDATE_CLOUDBURST,12
Lengpui,12,ISRO0069_15F045(ARUNACHAL),24.8541666,92.7388888,2013-07-05,400.0,T1,0.965,COARSE,CLOUDBURST_CANDIDATE,L=0.965 | R_core=400.0mm | R_bg=14.0mm (nearest_proxy (373km)) | scale=COARSE | gradient: [ZC:109km=136.0mm] [ZC:179km=28.0mm] [ZC:182km=0.0mm] [ZC:208km=62.0mm] [ZC:225km=0.0mm] [ZC:256km=54.0mm] [ZC:295km=0.0mm] [ZC:307km=14.0mm] [ZC:325km=205.0mm] [ZC:328km=400.0mm] [ZC:343km=260.0mm] [ZC:373km=14.0mm],False,no_iwv_buildup (delta=0.1mm < 2.0mm threshold),False,offline_verification,CANDIDATE_CLOUDBURST,12
Guwahati,13,ISRO1112_15F458(President. Gharowa. Lumding),25.751112,93.178055,2013-07-05,136.0,T1,0.0,COARSE,WIDESPREAD_HEAVY_RAIN,L=0.000 | R_core=136.0mm | R_bg=400.0mm (nearest_proxy (331km)) | scale=COARSE | gradient: [ZC:80km=28.0mm] [ZC:109km=400.0mm] [ZC:151km=54.0mm] [ZC:155km=0.0mm] [ZC:173km=62.0mm] [ZC:186km=0.0mm] [ZC:199km=0.0mm] [ZC:216km=205.0mm] [ZC:235km=260.0mm] [ZC:269km=14.0mm] [ZC:322km=14.0mm] [ZC:331km=400.0mm],False,no_iwv_buildup (delta=0.4mm < 2.0mm threshold),False,offline_verification,WIDESPREAD_HEAVY_RAIN,12
Guwahati,13,ISRO1071_15F42F(Ananda),27.44861,94.22945,2013-07-05,205.0,T1,0.9317,COARSE,CLOUDBURST_CANDIDATE,L=0.932 | R_core=205.0mm | R_bg=14.0mm (nearest_proxy (452km)) | scale=COARSE | gradient: [ZC:30km=0.0mm] [ZC:32km=260.0mm] [ZC:80km=54.0mm] [ZC:85km=14.0mm] [ZC:167km=28.0mm] [ZC:216km=136.0mm] [ZC:283km=62.0mm] [ZC:285km=0.0mm] [ZC:308km=0.0mm] [ZC:325km=400.0mm] [ZC:441km=400.0mm] [ZC:452km=14.0mm],False,no_iwv_buildup (delta=0.4mm < 2.0mm threshold),False,offline_verification,CANDIDATE_CLOUDBURST,12
Guwahati,13,ISRO1069_15F42D(TRA. Dikom),27.466667,95.08889,2013-07-05,14.0,NORMAL,0.0,N/A,NORMAL,,False,,False,,NORMAL,0
Guwahati,13,ISRO1106_15F452(Rangiya Degree College. Rangiya),26.426945,91.61389,2013-07-06,54.0,T2,0.8333,COARSE,CLOUDBURST_CANDIDATE,L=0.833 | R_core=54.0mm | R_bg=9.0mm (nearest_proxy (363km)) | scale=COARSE | gradient: [ZC:27km=400.0mm] [ZC:28km=0.0mm] [ZC:136km=65.0mm] [ZC:167km=46.0mm] [ZC:170km=57.0mm] [ZC:173km=217.0mm] [ZC:262km=5.0mm] [ZC:262km=1.0mm] [ZC:283km=26.0mm] [ZC:314km=269.0mm] [ZC:363km=9.0mm],False,no_iwv_buildup (delta=1.9mm < 2.0mm threshold),False,offline_verification,CANDIDATE_CLOUDBURST,11
Guwahati,13,ISRO0067_15F043(NALBARI),26.4358333,91.335,2013-07-06,0.0,NORMAL,0.0,N/A,NORMAL,,False,,False,,NORMAL,0
Guwahati,13,ISRO1112_15F458(President. Gharowa. Lumding),25.751112,93.178055,2013-07-06,217.0,T1,0.788,COARSE,CLOUDBURST_CANDIDATE,L=0.788 | R_core=217.0mm | R_bg=46.0mm (nearest_proxy (331km)) | scale=COARSE | gradient: [ZC:80km=65.0mm] [ZC:151km=5.0mm] [ZC:155km=400.0mm] [ZC:173km=54.0mm] [ZC:186km=1.0mm] [ZC:199km=0.0mm] [ZC:216km=26.0mm] [ZC:235km=269.0mm] [ZC:269km=9.0mm] [ZC:322km=57.0mm] [ZC:331km=46.0mm],False,no_iwv_buildup (delta=1.9mm < 2.0mm threshold),False,offline_verification,CANDIDATE_CLOUDBURST,11
Guwahati,13,ISRO1071_15F42F(Ananda),27.44861,94.22945,2013-07-06,26.0,NORMAL,0.0,N/A,NORMAL,,False,,False,,NORMAL,0
Guwahati,13,ISRO0062_15F03E(LAKHIMPUR),27.2041666,94.1069444,2013-07-06,1.0,NORMAL,0.0,N/A,NORMAL,,False,,False,,NORMAL,0
Guwahati,13,ISRO0076_15F04C(Dhubri),26.023333,89.96917,2013-07-06,57.0,T2,0.8421,COARSE,CLOUDBURST_CANDIDATE,L=0.842 | R_core=57.0mm | R_bg=9.0mm (nearest_proxy (533km)) | scale=COARSE | gradient: [ZC:41km=46.0mm] [ZC:144km=0.0mm] [ZC:170km=54.0mm] [ZC:176km=400.0mm] [ZC:303km=65.0mm] [ZC:322km=217.0mm] [ZC:431km=5.0mm] [ZC:432km=1.0mm] [ZC:452km=26.0mm] [ZC:483km=269.0mm] [ZC:533km=9.0mm],False,no_iwv_buildup (delta=1.9mm < 2.0mm threshold),False,offline_verification,CANDIDATE_CLOUDBURST,11
Guwahati,13,ISRO1074_15F432(Salonah),26.445833,92.975,2013-07-06,65.0,T2,0.1231,COARSE,WIDESPREAD_HEAVY_RAIN,L=0.123 | R_core=65.0mm | R_bg=57.0mm (nearest_proxy (303km)) | scale=COARSE | gradient: [ZC:80km=217.0mm] [ZC:128km=400.0mm] [ZC:128km=5.0mm] [ZC:136km=54.0mm] [ZC:140km=1.0mm] [ZC:163km=0.0mm] [ZC:167km=26.0mm] [ZC:194km=269.0mm] [ZC:238km=9.0mm] [ZC:302km=46.0mm] [ZC:303km=57.0mm],False,no_iwv_buildup (delta=1.9mm < 2.0mm threshold),False,offline_verification,WIDESPREAD_HEAVY_RAIN,11
Guwahati,13,ISRO1068_15F42C(TRA. Jorhat),26.730833,94.22667,2013-07-06,5.0,NORMAL,0.0,N/A,NORMAL,,False,,False,,NORMAL,0
Guwahati,13,ISRO1102_15F44E(North Guwhathi College. North Guwhathi),26.202223,91.715836,2013-07-06,400.0,T1,0.9775,COARSE,CLOUDBURST_CANDIDATE,L=0.978 | R_core=400.0mm | R_bg=9.0mm (nearest_proxy (363km)) | scale=COARSE | gradient: [ZC:27km=54.0mm] [ZC:46km=0.0mm] [ZC:128km=65.0mm] [ZC:155km=217.0mm] [ZC:176km=57.0mm] [ZC:178km=46.0mm] [ZC:257km=5.0mm] [ZC:262km=1.0mm] [ZC:285km=26.0mm] [ZC:315km=269.0mm] [ZC:363km=9.0mm],False,no_iwv_buildup (delta=1.9mm < 2.0mm threshold),False,offline_verification,CANDIDATE_CLOUDBURST,11
Bagdogra,11,ISRO0066_15F042(GOSSAIGAON),26.3908333,89.9405555,2013-07-06,46.0,T2,0.8043,COARSE,CLOUDBURST_CANDIDATE,L=0.804 | R_core=46.0mm | R_bg=9.0mm (nearest_proxy (524km)) | scale=COARSE | gradient: [ZC:41km=57.0mm] [ZC:139km=0.0mm] [ZC:167km=54.0mm] [ZC:178km=400.0mm] [ZC:302km=65.0mm] [ZC:331km=217.0mm] [ZC:423km=1.0mm] [ZC:428km=5.0mm] [ZC:441km=26.0mm] [ZC:473km=269.0mm] [ZC:524km=9.0mm],False,insufficient_pre_event_iwv,False,offline_verification,CANDIDATE_CLOUDBURST,11
Guwahati,13,ISRO1104_15F450(Dhemaji Degree College. Dhemaji),27.475555,94.55167,2013-07-06,269.0,T1,0.7881,COARSE,CLOUDBURST_CANDIDATE,L=0.788 | R_core=269.0mm | R_bg=57.0mm (nearest_proxy (483km)) | scale=COARSE | gradient: [ZC:32km=26.0mm] [ZC:53km=9.0mm] [ZC:53km=1.0mm] [ZC:89km=5.0mm] [ZC:194km=65.0mm] [ZC:235km=217.0mm] [ZC:314km=54.0mm] [ZC:315km=400.0mm] [ZC:339km=0.0mm] [ZC:473km=46.0mm] [ZC:483km=57.0mm],False,no_iwv_buildup (delta=1.9mm < 2.0mm threshold),False,offline_verification,CANDIDATE_CLOUDBURST,11
Guwahati,13,ISRO1069_15F42D(TRA. Dikom),27.466667,95.08889,2013-07-06,9.0,NORMAL,0.0,N/A,NORMAL,,False,,False,,NORMAL,0
Guwahati,13,ISRO1074_15F432(Salonah),26.445833,92.975,2013-07-07,0.0,NORMAL,0.0,N/A,NORMAL,,False,,False,,NORMAL,0
Guwahati,13,ISRO1069_15F42D(TRA. Dikom),27.466667,95.08889,2013-07-07,0.0,NORMAL,0.0,N/A,NORMAL,,False,,False,,NORMAL,0
Guwahati,13,ISRO0062_15F03E(LAKHIMPUR),27.2041666,94.1069444,2013-07-07,0.0,NORMAL,0.0,N/A,NORMAL,,False,,False,,NORMAL,0
Guwahati,13,ISRO0076_15F04C(Dhubri),26.023333,89.96917,2013-07-07,0.0,NORMAL,0.0,N/A,NORMAL,,False,,False,,NORMAL,0
Guwahati,13,ISRO1112_15F458(President. Gharowa. Lumding),25.751112,93.178055,2013-07-07,0.0,NORMAL,0.0,N/A,NORMAL,,False,,False,,NORMAL,0
Guwahati,13,ISRO1068_15F42C(TRA. Jorhat),26.730833,94.22667,2013-07-07,0.0,NORMAL,0.0,N/A,NORMAL,,False,,False,,NORMAL,0
Guwahati,13,ISRO1102_15F44E(North Guwhathi College. North Guwhathi),26.202223,91.715836,2013-07-07,0.0,NORMAL,0.0,N/A,NORMAL,,False,,False,,NORMAL,0
Guwahati,13,ISRO1071_15F42F(Ananda),27.44861,94.22945,2013-07-07,0.0,NORMAL,0.0,N/A,NORMAL,,False,,False,,NORMAL,0
Bagdogra,11,ISRO0066_15F042(GOSSAIGAON),26.3908333,89.9405555,2013-07-07,0.0,NORMAL,0.0,N/A,NORMAL,,False,,False,,NORMAL,0
Guwahati,13,ISRO1104_15F450(Dhemaji Degree College. Dhemaji),27.475555,94.55167,2013-07-07,0.0,NORMAL,0.0,N/A,NORMAL,,False,,False,,NORMAL,0
Guwahati,13,ISRO1106_15F452(Rangiya Degree College. Rangiya),26.426945,91.61389,2013-07-07,0.0,NORMAL,0.0,N/A,NORMAL,,False,,False,,NORMAL,0
Lengpui,12,ISRO0069_15F045(ARUNACHAL),24.8541666,92.7388888,2013-07-07,0.0,NORMAL,0.0,N/A,NORMAL,,False,,False,,NORMAL,0
Guwahati,13,ISRO0076_15F04C(Dhubri),26.023333,89.96917,2013-07-08,24.0,NORMAL,0.0,N/A,NORMAL,,False,,False,,NORMAL,0
Guwahati,13,ISRO1106_15F452(Rangiya Degree College. Rangiya),26.426945,91.61389,2013-07-08,234.0,T1,0.9744,COARSE,CLOUDBURST_CANDIDATE,L=0.974 | R_core=234.0mm | R_bg=6.0mm (nearest_proxy (363km)) | scale=COARSE | gradient: [ZC:28km=0.0mm] [ZC:136km=186.0mm] [ZC:170km=24.0mm] [ZC:208km=0.0mm] [ZC:262km=0.0mm] [ZC:262km=0.0mm] [ZC:283km=15.0mm] [ZC:314km=78.0mm] [ZC:363km=6.0mm],False,no_iwv_buildup (delta=0.4mm < 2.0mm threshold),False,offline_verification,CANDIDATE_CLOUDBURST,9
Guwahati,13,ISRO0062_15F03E(LAKHIMPUR),27.2041666,94.1069444,2013-07-08,0.0,NORMAL,0.0,N/A,NORMAL,,False,,False,,NORMAL,0
Guwahati,13,ISRO1074_15F432(Salonah),26.445833,92.975,2013-07-08,186.0,T1,0.871,COARSE,CLOUDBURST_CANDIDATE,L=0.871 | R_core=186.0mm | R_bg=24.0mm (nearest_proxy (303km)) | scale=COARSE | gradient: [ZC:128km=0.0mm] [ZC:136km=234.0mm] [ZC:140km=0.0mm] [ZC:163km=0.0mm] [ZC:167km=15.0mm] [ZC:179km=0.0mm] [ZC:194km=78.0mm] [ZC:238km=6.0mm] [ZC:303km=24.0mm],False,no_iwv_buildup (delta=0.4mm < 2.0mm threshold),False,offline_verification,CANDIDATE_CLOUDBURST,9
Lengpui,12,ISRO0069_15F045(ARUNACHAL),24.8541666,92.7388888,2013-07-08,0.0,NORMAL,0.0,N/A,NORMAL,,False,,False,,NORMAL,0
Guwahati,13,ISRO1068_15F42C(TRA. Jorhat),26.730833,94.22667,2013-07-08,0.0,NORMAL,0.0,N/A,NORMAL,,False,,False,,NORMAL,0
Guwahati,13,ISRO1069_15F42D(TRA. Dikom),27.466667,95.08889,2013-07-08,6.0,NORMAL,0.0,N/A,NORMAL,,False,,False,,NORMAL,0
Guwahati,13,ISRO1071_15F42F(Ananda),27.44861,94.22945,2013-07-08,15.0,NORMAL,0.0,N/A,NORMAL,,False,,False,,NORMAL,0
Guwahati,13,ISRO1104_15F450(Dhemaji Degree College. Dhemaji),27.475555,94.55167,2013-07-08,78.0,T2,0.6923,COARSE,CLOUDBURST_CANDIDATE,L=0.692 | R_core=78.0mm | R_bg=24.0mm (nearest_proxy (483km)) | scale=COARSE | gradient: [ZC:32km=15.0mm] [ZC:53km=6.0mm] [ZC:53km=0.0mm] [ZC:89km=0.0mm] [ZC:194km=186.0mm] [ZC:314km=234.0mm] [ZC:339km=0.0mm] [ZC:343km=0.0mm] [ZC:483km=24.0mm],False,no_iwv_buildup (delta=0.4mm < 2.0mm threshold),False,offline_verification,CANDIDATE_CLOUDBURST,9
Guwahati,13,ISRO1102_15F44E(North Guwhathi College. North Guwhathi),26.202223,91.715836,2013-07-09,0.0,NORMAL,0.0,N/A,NORMAL,,False,,False,,NORMAL,0
Guwahati,13,ISRO1112_15F458(President. Gharowa. Lumding),25.751112,93.178055,2013-07-09,1.0,NORMAL,0.0,N/A,NORMAL,,False,,False,,NORMAL,0
Lengpui,12,ISRO0069_15F045(ARUNACHAL),24.8541666,92.7388888,2013-07-09,0.0,NORMAL,0.0,N/A,NORMAL,,False,,False,,NORMAL,0
Guwahati,13,ISRO0076_15F04C(Dhubri),26.023333,89.96917,2013-07-09,6.0,NORMAL,0.0,N/A,NORMAL,,False,,False,,NORMAL,0
Guwahati,13,ISRO0067_15F043(NALBARI),26.4358333,91.335,2013-07-09,0.0,NORMAL,0.0,N/A,NORMAL,,False,,False,,NORMAL,0
Guwahati,13,ISRO1071_15F42F(Ananda),27.44861,94.22945,2013-07-09,8.0,NORMAL,0.0,N/A,NORMAL,,False,,False,,NORMAL,0
Guwahati,13,ISRO1068_15F42C(TRA. Jorhat),26.730833,94.22667,2013-07-09,0.0,NORMAL,0.0,N/A,NORMAL,,False,,False,,NORMAL,0
Bagdogra,11,ISRO0066_15F042(GOSSAIGAON),26.3908333,89.9405555,2013-07-09,400.0,T1,1.0,COARSE,CLOUDBURST_CANDIDATE,L=1.000 | R_core=400.0mm | R_bg=0.0mm (nearest_proxy (524km)) | scale=COARSE | gradient: [ZC:41km=6.0mm] [ZC:139km=0.0mm] [ZC:178km=0.0mm] [ZC:328km=0.0mm] [ZC:331km=1.0mm] [ZC:423km=0.0mm] [ZC:428km=0.0mm] [ZC:441km=8.0mm] [ZC:524km=0.0mm],False,insufficient_pre_event_iwv,False,offline_verification,CANDIDATE_CLOUDBURST,9
Guwahati,13,ISRO1069_15F42D(TRA. Dikom),27.466667,95.08889,2013-07-09,0.0,NORMAL,0.0,N/A,NORMAL,,False,,False,,NORMAL,0
Guwahati,13,ISRO1106_15F452(Rangiya Degree College. Rangiya),26.426945,91.61389,2013-07-10,139.0,T1,0.0216,COARSE,WIDESPREAD_HEAVY_RAIN,L=0.022 | R_core=139.0mm | R_bg=136.0mm (nearest_proxy (363km)) | scale=COARSE | gradient: [ZC:27km=400.0mm] [ZC:28km=69.0mm] [ZC:136km=90.0mm] [ZC:167km=184.0mm] [ZC:170km=5.0mm] [ZC:173km=126.0mm] [ZC:208km=374.0mm] [ZC:262km=0.0mm] [ZC:283km=63.0mm] [ZC:314km=79.0mm] [ZC:363km=136.0mm],False,no_iwv_buildup (delta=1.4mm < 2.0mm threshold),False,offline_verification,WIDESPREAD_HEAVY_RAIN,11
Guwahati,13,ISRO0076_15F04C(Dhubri),26.023333,89.96917,2013-07-10,5.0,NORMAL,0.0,N/A,NORMAL,,False,,False,,NORMAL,0
Guwahati,13,ISRO1102_15F44E(North Guwhathi College. North Guwhathi),26.202223,91.715836,2013-07-10,400.0,T1,0.66,COARSE,CLOUDBURST_CANDIDATE,L=0.660 | R_core=400.0mm | R_bg=136.0mm (nearest_proxy (363km)) | scale=COARSE | gradient: [ZC:27km=139.0mm] [ZC:46km=69.0mm] [ZC:128km=90.0mm] [ZC:155km=126.0mm] [ZC:176km=5.0mm] [ZC:178km=184.0mm] [ZC:182km=374.0mm] [ZC:262km=0.0mm] [ZC:285km=63.0mm] [ZC:315km=79.0mm] [ZC:363km=136.0mm],False,no_iwv_buildup (delta=1.4mm < 2.0mm threshold),False,offline_verification,CANDIDATE_CLOUDBURST,11
Guwahati,13,ISRO0067_15F043(NALBARI),26.4358333,91.335,2013-07-10,69.0,T2,0.0,COARSE,WIDESPREAD_HEAVY_RAIN,L=0.000 | R_core=69.0mm | R_bg=136.0mm (nearest_proxy (389km)) | scale=COARSE | gradient: [ZC:28km=139.0mm] [ZC:46km=400.0mm] [ZC:139km=184.0mm] [ZC:144km=5.0mm] [ZC:163km=90.0mm] [ZC:199km=126.0mm] [ZC:225km=374.0mm] [ZC:288km=0.0mm] [ZC:308km=63.0mm] [ZC:339km=79.0mm] [ZC:389km=136.0mm],False,no_iwv_buildup (delta=1.4mm < 2.0mm threshold),False,offline_verification,WIDESPREAD_HEAVY_RAIN,11
Guwahati,13,ISRO1112_15F458(President. Gharowa. Lumding),25.751112,93.178055,2013-07-10,126.0,T1,0.0,COARSE,WIDESPREAD_HEAVY_RAIN,L=0.000 | R_core=126.0mm | R_bg=184.0mm (nearest_proxy (331km)) | scale=COARSE | gradient: [ZC:80km=90.0mm] [ZC:109km=374.0mm] [ZC:155km=400.0mm] [ZC:173km=139.0mm] [ZC:186km=0.0mm] [ZC:199km=69.0mm] [ZC:216km=63.0mm] [ZC:235km=79.0mm] [ZC:269km=136.0mm] [ZC:322km=5.0mm] [ZC:331km=184.0mm],False,no_iwv_buildup (delta=1.4mm < 2.0mm threshold),False,offline_verification,WIDESPREAD_HEAVY_RAIN,11
Bagdogra,11,ISRO0066_15F042(GOSSAIGAON),26.3908333,89.9405555,2013-07-10,184.0,T1,0.2609,COARSE,WIDESPREAD_HEAVY_RAIN,L=0.261 | R_core=184.0mm | R_bg=136.0mm (nearest_proxy (524km)) | scale=COARSE | gradient: [ZC:41km=5.0mm] [ZC:139km=69.0mm] [ZC:167km=139.0mm] [ZC:178km=400.0mm] [ZC:302km=90.0mm] [ZC:328km=374.0mm] [ZC:331km=126.0mm] [ZC:423km=0.0mm] [ZC:441km=63.0mm] [ZC:473km=79.0mm] [ZC:524km=136.0mm],False,insufficient_pre_event_iwv,False,offline_verification,WIDESPREAD_HEAVY_RAIN,11
Lengpui,12,ISRO0069_15F045(ARUNACHAL),24.8541666,92.7388888,2013-07-10,374.0,T1,0.6364,COARSE,CLOUDBURST_CANDIDATE,L=0.636 | R_core=374.0mm | R_bg=136.0mm (nearest_proxy (373km)) | scale=COARSE | gradient: [ZC:109km=126.0mm] [ZC:179km=90.0mm] [ZC:182km=400.0mm] [ZC:208km=139.0mm] [ZC:225km=69.0mm] [ZC:295km=0.0mm] [ZC:307km=5.0mm] [ZC:325km=63.0mm] [ZC:328km=184.0mm] [ZC:343km=79.0mm] [ZC:373km=136.0mm],False,no_iwv_buildup (delta=-3.1mm < 2.0mm threshold),False,offline_verification,CANDIDATE_CLOUDBURST,11
Guwahati,13,ISRO1071_15F42F(Ananda),27.44861,94.22945,2013-07-10,63.0,T2,0.9206,COARSE,CLOUDBURST_CANDIDATE,L=0.921 | R_core=63.0mm | R_bg=5.0mm (nearest_proxy (452km)) | scale=COARSE | gradient: [ZC:30km=0.0mm] [ZC:32km=79.0mm] [ZC:85km=136.0mm] [ZC:167km=90.0mm] [ZC:216km=126.0mm] [ZC:283km=139.0mm] [ZC:285km=400.0mm] [ZC:308km=69.0mm] [ZC:325km=374.0mm] [ZC:441km=184.0mm] [ZC:452km=5.0mm],False,no_iwv_buildup (delta=1.4mm < 2.0mm threshold),False,offline_verification,CANDIDATE_CLOUDBURST,11
Guwahati,13,ISRO1074_15F432(Salonah),26.445833,92.975,2013-07-10,90.0,T2,0.9444,COARSE,CLOUDBURST_CANDIDATE,L=0.944 | R_core=90.0mm | R_bg=5.0mm (nearest_proxy (303km)) | scale=COARSE | gradient: [ZC:80km=126.0mm] [ZC:128km=400.0mm] [ZC:136km=139.0mm] [ZC:140km=0.0mm] [ZC:163km=69.0mm] [ZC:167km=63.0mm] [ZC:179km=374.0mm] [ZC:194km=79.0mm] [ZC:238km=136.0mm] [ZC:302km=184.0mm] [ZC:303km=5.0mm],False,no_iwv_buildup (delta=1.4mm < 2.0mm threshold),False,offline_verification,CANDIDATE_CLOUDBURST,11
Guwahati,13,ISRO1069_15F42D(TRA. Dikom),27.466667,95.08889,2013-07-10,136.0,T1,0.9632,COARSE,CLOUDBURST_CANDIDATE,L=0.963 | R_core=136.0mm | R_bg=5.0mm (nearest_proxy (533km)) | scale=COARSE | gradient: [ZC:53km=79.0mm] [ZC:85km=63.0mm] [ZC:101km=0.0mm] [ZC:238km=90.0mm] [ZC:269km=126.0mm] [ZC:363km=400.0mm] [ZC:363km=139.0mm] [ZC:373km=374.0mm] [ZC:389km=69.0mm] [ZC:524km=184.0mm] [ZC:533km=5.0mm],False,no_iwv_buildup (delta=1.4mm < 2.0mm threshold),False,offline_verification,CANDIDATE_CLOUDBURST,11
Guwahati,13,ISRO0062_15F03E(LAKHIMPUR),27.2041666,94.1069444,2013-07-10,0.0,NORMAL,0.0,N/A,NORMAL,,False,,False,,NORMAL,0
Guwahati,13,ISRO1104_15F450(Dhemaji Degree College. Dhemaji),27.475555,94.55167,2013-07-10,79.0,T2,0.9367,COARSE,CLOUDBURST_CANDIDATE,L=0.937 | R_core=79.0mm | R_bg=5.0mm (nearest_proxy (483km)) | scale=COARSE | gradient: [ZC:32km=63.0mm] [ZC:53km=136.0mm] [ZC:53km=0.0mm] [ZC:194km=90.0mm] [ZC:235km=126.0mm] [ZC:314km=139.0mm] [ZC:315km=400.0mm] [ZC:339km=69.0mm] [ZC:343km=374.0mm] [ZC:473km=184.0mm] [ZC:483km=5.0mm],False,no_iwv_buildup (delta=1.4mm < 2.0mm threshold),False,offline_verification,CANDIDATE_CLOUDBURST,11
Bagdogra,11,ISRO0066_15F042(GOSSAIGAON),26.3908333,89.9405555,2013-07-11,47.0,T2,0.1064,COARSE,WIDESPREAD_HEAVY_RAIN,L=0.106 | R_core=47.0mm | R_bg=42.0mm (nearest_proxy (524km)) | scale=COARSE | gradient: [ZC:41km=5.0mm] [ZC:139km=51.0mm] [ZC:167km=64.0mm] [ZC:178km=0.0mm] [ZC:302km=22.0mm] [ZC:328km=63.0mm] [ZC:331km=105.0mm] [ZC:423km=0.0mm] [ZC:441km=34.0mm] [ZC:473km=52.0mm] [ZC:524km=42.0mm],False,insufficient_pre_event_iwv,False,offline_verification,WIDESPREAD_HEAVY_RAIN,11
Guwahati,13,ISRO1069_15F42D(TRA. Dikom),27.466667,95.08889,2013-07-11,42.0,T2,0.881,COARSE,CLOUDBURST_CANDIDATE,L=0.881 | R_core=42.0mm | R_bg=5.0mm (nearest_proxy (533km)) | scale=COARSE | gradient: [ZC:53km=52.0mm] [ZC:85km=34.0mm] [ZC:101km=0.0mm] [ZC:238km=22.0mm] [ZC:269km=105.0mm] [ZC:363km=0.0mm] [ZC:363km=64.0mm] [ZC:373km=63.0mm] [ZC:389km=51.0mm] [ZC:524km=47.0mm] [ZC:533km=5.0mm],False,no_iwv_buildup (delta=-0.3mm < 2.0mm threshold),False,offline_verification,CANDIDATE_CLOUDBURST,11
Guwahati,13,ISRO1071_15F42F(Ananda),27.44861,94.22945,2013-07-11,34.0,T2,0.8529,COARSE,CLOUDBURST_CANDIDATE,L=0.853 | R_core=34.0mm | R_bg=5.0mm (nearest_proxy (452km)) | scale=COARSE | gradient: [ZC:30km=0.0mm] [ZC:32km=52.0mm] [ZC:85km=42.0mm] [ZC:167km=22.0mm] [ZC:216km=105.0mm] [ZC:283km=64.0mm] [ZC:285km=0.0mm] [ZC:308km=51.0mm] [ZC:325km=63.0mm] [ZC:441km=47.0mm] [ZC:452km=5.0mm],False,no_iwv_buildup (delta=-0.3mm < 2.0mm threshold),False,offline_verification,CANDIDATE_CLOUDBURST,11
Guwahati,13,ISRO0062_15F03E(LAKHIMPUR),27.2041666,94.1069444,2013-07-11,0.0,NORMAL,0.0,N/A,NORMAL,,False,,False,,NORMAL,0
Guwahati,13,ISRO0067_15F043(NALBARI),26.4358333,91.335,2013-07-11,51.0,T2,0.1765,COARSE,WIDESPREAD_HEAVY_RAIN,L=0.176 | R_core=51.0mm | R_bg=42.0mm (nearest_proxy (389km)) | scale=COARSE | gradient: [ZC:28km=64.0mm] [ZC:46km=0.0mm] [ZC:139km=47.0mm] [ZC:144km=5.0mm] [ZC:163km=22.0mm] [ZC:199km=105.0mm] [ZC:225km=63.0mm] [ZC:288km=0.0mm] [ZC:308km=34.0mm] [ZC:339km=52.0mm] [ZC:389km=42.0mm],False,no_iwv_buildup (delta=-0.3mm < 2.0mm threshold),False,offline_verification,WIDESPREAD_HEAVY_RAIN,11
Guwahati,13,ISRO1104_15F450(Dhemaji Degree College. Dhemaji),27.475555,94.55167,2013-07-11,52.0,T2,0.9038,COARSE,CLOUDBURST_CANDIDATE,L=0.904 | R_core=52.0mm | R_bg=5.0mm (nearest_proxy (483km)) | scale=COARSE | gradient: [ZC:32km=34.0mm] [ZC:53km=42.0mm] [ZC:53km=0.0mm] [ZC:194km=22.0mm] [ZC:235km=105.0mm] [ZC:314km=64.0mm] [ZC:315km=0.0mm] [ZC:339km=51.0mm] [ZC:343km=63.0mm] [ZC:473km=47.0mm] [ZC:483km=5.0mm],False,no_iwv_buildup (delta=-0.3mm < 2.0mm threshold),False,offline_verification,CANDIDATE_CLOUDBURST,11
Guwahati,13,ISRO0076_15F04C(Dhubri),26.023333,89.96917,2013-07-11,5.0,NORMAL,0.0,N/A,NORMAL,,False,,False,,NORMAL,0
Guwahati,13,ISRO1074_15F432(Salonah),26.445833,92.975,2013-07-11,22.0,NORMAL,0.0,N/A,NORMAL,,False,,False,,NORMAL,0
Guwahati,13,ISRO1102_15F44E(North Guwhathi College. North Guwhathi),26.202223,91.715836,2013-07-11,0.0,NORMAL,0.0,N/A,NORMAL,,False,,False,,NORMAL,0
Guwahati,13,ISRO1112_15F458(President. Gharowa. Lumding),25.751112,93.178055,2013-07-11,105.0,T1,0.5524,COARSE,CLOUDBURST_CANDIDATE,L=0.552 | R_core=105.0mm | R_bg=47.0mm (nearest_proxy (331km)) | scale=COARSE | gradient: [ZC:80km=22.0mm] [ZC:109km=63.0mm] [ZC:155km=0.0mm] [ZC:173km=64.0mm] [ZC:186km=0.0mm] [ZC:199km=51.0mm] [ZC:216km=34.0mm] [ZC:235km=52.0mm] [ZC:269km=42.0mm] [ZC:322km=5.0mm] [ZC:331km=47.0mm],False,no_iwv_buildup (delta=-0.3mm < 2.0mm threshold),False,offline_verification,CANDIDATE_CLOUDBURST,11
Lengpui,12,ISRO0069_15F045(ARUNACHAL),24.8541666,92.7388888,2013-07-11,63.0,T2,0.3333,COARSE,WIDESPREAD_HEAVY_RAIN,L=0.333 | R_core=63.0mm | R_bg=42.0mm (nearest_proxy (373km)) | scale=COARSE | gradient: [ZC:109km=105.0mm] [ZC:179km=22.0mm] [ZC:182km=0.0mm] [ZC:208km=64.0mm] [ZC:225km=51.0mm] [ZC:295km=0.0mm] [ZC:307km=5.0mm] [ZC:325km=34.0mm] [ZC:328km=47.0mm] [ZC:343km=52.0mm] [ZC:373km=42.0mm],False,no_iwv_buildup (delta=-0.6mm < 2.0mm threshold),False,offline_verification,WIDESPREAD_HEAVY_RAIN,11
Guwahati,13,ISRO1106_15F452(Rangiya Degree College. Rangiya),26.426945,91.61389,2013-07-11,64.0,T2,0.3438,COARSE,WIDESPREAD_HEAVY_RAIN,L=0.344 | R_core=64.0mm | R_bg=42.0mm (nearest_proxy (363km)) | scale=COARSE | gradient: [ZC:27km=0.0mm] [ZC:28km=51.0mm] [ZC:136km=22.0mm] [ZC:167km=47.0mm] [ZC:170km=5.0mm] [ZC:173km=105.0mm] [ZC:208km=63.0mm] [ZC:262km=0.0mm] [ZC:283km=34.0mm] [ZC:314km=52.0mm] [ZC:363km=42.0mm],False,no_iwv_buildup (delta=-0.3mm < 2.0mm threshold),False,offline_verification,WIDESPREAD_HEAVY_RAIN,11
Guwahati,13,ISRO1074_15F432(Salonah),26.445833,92.975,2013-07-12,0.0,NORMAL,0.0,N/A,NORMAL,,False,,False,,NORMAL,0
Guwahati,13,ISRO0076_15F04C(Dhubri),26.023333,89.96917,2013-07-12,1.0,NORMAL,0.0,N/A,NORMAL,,False,,False,,NORMAL,0
Guwahati,13,ISRO1071_15F42F(Ananda),27.44861,94.22945,2013-07-12,0.0,NORMAL,0.0,N/A,NORMAL,,False,,False,,NORMAL,0
Guwahati,13,ISRO1112_15F458(President. Gharowa. Lumding),25.751112,93.178055,2013-07-12,2.0,NORMAL,0.0,N/A,NORMAL,,False,,False,,NORMAL,0
Guwahati,13,ISRO1069_15F42D(TRA. Dikom),27.466667,95.08889,2013-07-12,0.0,NORMAL,0.0,N/A,NORMAL,,False,,False,,NORMAL,0
Guwahati,13,ISRO1102_15F44E(North Guwhathi College. North Guwhathi),26.202223,91.715836,2013-07-12,0.0,NORMAL,0.0,N/A,NORMAL,,False,,False,,NORMAL,0
Lengpui,12,ISRO0069_15F045(ARUNACHAL),24.8541666,92.7388888,2013-07-12,0.0,NORMAL,0.0,N/A,NORMAL,,False,,False,,NORMAL,0
Guwahati,13,ISRO1104_15F450(Dhemaji Degree College. Dhemaji),27.475555,94.55167,2013-07-12,0.0,NORMAL,0.0,N/A,NORMAL,,False,,False,,NORMAL,0
Guwahati,13,ISRO1106_15F452(Rangiya Degree College. Rangiya),26.426945,91.61389,2013-07-12,0.0,NORMAL,0.0,N/A,NORMAL,,False,,False,,NORMAL,0
Bagdogra,11,ISRO0066_15F042(GOSSAIGAON),26.3908333,89.9405555,2013-07-12,0.0,NORMAL,0.0,N/A,NORMAL,,False,,False,,NORMAL,0
Guwahati,13,ISRO1104_15F450(Dhemaji Degree College. Dhemaji),27.475555,94.55167,2013-07-13,0.0,NORMAL,0.0,N/A,NORMAL,,False,,False,,NORMAL,0
Guwahati,13,ISRO0067_15F043(NALBARI),26.4358333,91.335,2013-07-13,0.0,NORMAL,0.0,N/A,NORMAL,,False,,False,,NORMAL,0
Guwahati,13,ISRO1106_15F452(Rangiya Degree College. Rangiya),26.426945,91.61389,2013-07-13,0.0,NORMAL,0.0,N/A,NORMAL,,False,,False,,NORMAL,0
Guwahati,13,ISRO1112_15F458(President. Gharowa. Lumding),25.751112,93.178055,2013-07-13,0.0,NORMAL,0.0,N/A,NORMAL,,False,,False,,NORMAL,0
Guwahati,13,ISRO1102_15F44E(North Guwhathi College. North Guwhathi),26.202223,91.715836,2013-07-13,0.0,NORMAL,0.0,N/A,NORMAL,,False,,False,,NORMAL,0
Guwahati,13,ISRO0076_15F04C(Dhubri),26.023333,89.96917,2013-07-13,0.0,NORMAL,0.0,N/A,NORMAL,,False,,False,,NORMAL,0
Guwahati,13,ISRO1074_15F432(Salonah),26.445833,92.975,2013-07-13,0.0,NORMAL,0.0,N/A,NORMAL,,False,,False,,NORMAL,0
Guwahati,13,ISRO1071_15F42F(Ananda),27.44861,94.22945,2013-07-13,0.0,NORMAL,0.0,N/A,NORMAL,,False,,False,,NORMAL,0
Guwahati,13,ISRO1069_15F42D(TRA. Dikom),27.466667,95.08889,2013-07-13,0.0,NORMAL,0.0,N/A,NORMAL,,False,,False,,NORMAL,0
Guwahati,13,ISRO0062_15F03E(LAKHIMPUR),27.2041666,94.1069444,2013-07-13,0.0,NORMAL,0.0,N/A,NORMAL,,False,,False,,NORMAL,0
Lengpui,12,ISRO0069_15F045(ARUNACHAL),24.8541666,92.7388888,2013-07-13,0.0,NORMAL,0.0,N/A,NORMAL,,False,,False,,NORMAL,0
Bagdogra,11,ISRO0066_15F042(GOSSAIGAON),26.3908333,89.9405555,2013-07-13,0.0,NORMAL,0.0,N/A,NORMAL,,False,,False,,NORMAL,0
Guwahati,13,ISRO1102_15F44E(North Guwhathi College. North Guwhathi),26.202223,91.715836,2013-07-14,0.0,NORMAL,0.0,N/A,NORMAL,,False,,False,,NORMAL,0
Guwahati,13,ISRO1106_15F452(Rangiya Degree College. Rangiya),26.426945,91.61389,2013-07-14,0.0,NORMAL,0.0,N/A,NORMAL,,False,,False,,NORMAL,0
Guwahati,13,ISRO0076_15F04C(Dhubri),26.023333,89.96917,2013-07-14,0.0,NORMAL,0.0,N/A,NORMAL,,False,,False,,NORMAL,0
Guwahati,13,ISRO1104_15F450(Dhemaji Degree College. Dhemaji),27.475555,94.55167,2013-07-14,0.0,NORMAL,0.0,N/A,NORMAL,,False,,False,,NORMAL,0
Guwahati,13,ISRO0067_15F043(NALBARI),26.4358333,91.335,2013-07-14,0.0,NORMAL,0.0,N/A,NORMAL,,False,,False,,NORMAL,0
Guwahati,13,ISRO1071_15F42F(Ananda),27.44861,94.22945,2013-07-14,0.0,NORMAL,0.0,N/A,NORMAL,,False,,False,,NORMAL,0
Bagdogra,11,ISRO0066_15F042(GOSSAIGAON),26.3908333,89.9405555,2013-07-14,0.0,NORMAL,0.0,N/A,NORMAL,,False,,False,,NORMAL,0
Lengpui,12,ISRO0069_15F045(ARUNACHAL),24.8541666,92.7388888,2013-07-14,0.0,NORMAL,0.0,N/A,NORMAL,,False,,False,,NORMAL,0
Guwahati,13,ISRO1074_15F432(Salonah),26.445833,92.975,2013-07-14,0.0,NORMAL,0.0,N/A,NORMAL,,False,,False,,NORMAL,0
Guwahati,13,ISRO1112_15F458(President. Gharowa. Lumding),25.751112,93.178055,2013-07-14,0.0,NORMAL,0.0,N/A,NORMAL,,False,,False,,NORMAL,0
Guwahati,13,ISRO0062_15F03E(LAKHIMPUR),27.2041666,94.1069444,2013-07-14,0.0,NORMAL,0.0,N/A,NORMAL,,False,,False,,NORMAL,0
Guwahati,13,ISRO1069_15F42D(TRA. Dikom),27.466667,95.08889,2013-07-14,0.0,NORMAL,0.0,N/A,NORMAL,,False,,False,,NORMAL,0
Guwahati,13,ISRO0067_15F043(NALBARI),26.4358333,91.335,2013-07-15,0.0,NORMAL,0.0,N/A,NORMAL,,False,,False,,NORMAL,0
Guwahati,13,ISRO1074_15F432(Salonah),26.445833,92.975,2013-07-15,0.0,NORMAL,0.0,N/A,NORMAL,,False,,False,,NORMAL,0
Guwahati,13,ISRO1104_15F450(Dhemaji Degree College. Dhemaji),27.475555,94.55167,2013-07-15,0.0,NORMAL,0.0,N/A,NORMAL,,False,,False,,NORMAL,0
Guwahati,13,ISRO0076_15F04C(Dhubri),26.023333,89.96917,2013-07-15,0.0,NORMAL,0.0,N/A,NORMAL,,False,,False,,NORMAL,0
Bagdogra,11,ISRO0066_15F042(GOSSAIGAON),26.3908333,89.9405555,2013-07-15,0.0,NORMAL,0.0,N/A,NORMAL,,False,,False,,NORMAL,0
Guwahati,13,ISRO1102_15F44E(North Guwhathi College. North Guwhathi),26.202223,91.715836,2013-07-15,0.0,NORMAL,0.0,N/A,NORMAL,,False,,False,,NORMAL,0
Lengpui,12,ISRO0069_15F045(ARUNACHAL),24.8541666,92.7388888,2013-07-15,0.0,NORMAL,0.0,N/A,NORMAL,,False,,False,,NORMAL,0
Guwahati,13,ISRO1106_15F452(Rangiya Degree College. Rangiya),26.426945,91.61389,2013-07-15,0.0,NORMAL,0.0,N/A,NORMAL,,False,,False,,NORMAL,0
Guwahati,13,ISRO1112_15F458(President. Gharowa. Lumding),25.751112,93.178055,2013-07-15,0.0,NORMAL,0.0,N/A,NORMAL,,False,,False,,NORMAL,0
Guwahati,13,ISRO1069_15F42D(TRA. Dikom),27.466667,95.08889,2013-07-15,0.0,NORMAL,0.0,N/A,NORMAL,,False,,False,,NORMAL,0
Guwahati,13,ISRO1068_15F42C(TRA. Jorhat),26.730833,94.22667,2013-08-03,0.0,NORMAL,0.0,N/A,NORMAL,,False,,False,,NORMAL,0
Guwahati,13,ISRO1069_15F42D(TRA. Dikom),27.466667,95.08889,2013-08-03,5.0,NORMAL,0.0,N/A,NORMAL,,False,,False,,NORMAL,0
Guwahati,13,ISRO1104_15F450(Dhemaji Degree College. Dhemaji),27.475555,94.55167,2013-08-03,8.0,NORMAL,0.0,N/A,NORMAL,,False,,False,,NORMAL,0
Guwahati,13,ISRO0062_15F03E(LAKHIMPUR),27.2041666,94.1069444,2013-08-03,4.0,NORMAL,0.0,N/A,NORMAL,,False,,False,,NORMAL,0
Lengpui,12,ISRO0069_15F045(ARUNACHAL),24.8541666,92.7388888,2013-08-03,5.0,NORMAL,0.0,N/A,NORMAL,,False,,False,,NORMAL,0
Guwahati,13,ISRO1106_15F452(Rangiya Degree College. Rangiya),26.426945,91.61389,2013-08-03,12.0,NORMAL,0.0,N/A,NORMAL,,False,,False,,NORMAL,0
Bagdogra,11,ISRO0066_15F042(GOSSAIGAON),26.3908333,89.9405555,2013-08-03,16.0,NORMAL,0.0,N/A,NORMAL,,False,,False,,NORMAL,0
Guwahati,13,ISRO1071_15F42F(Ananda),27.44861,94.22945,2013-08-03,16.0,NORMAL,0.0,N/A,NORMAL,,False,,False,,NORMAL,0
Guwahati,13,ISRO0076_15F04C(Dhubri),26.023333,89.96917,2013-08-03,14.0,NORMAL,0.0,N/A,NORMAL,,False,,False,,NORMAL,0
Guwahati,13,ISRO1074_15F432(Salonah),26.445833,92.975,2013-08-03,7.0,NORMAL,0.0,N/A,NORMAL,,False,,False,,NORMAL,0
Guwahati,13,ISRO1112_15F458(President. Gharowa. Lumding),25.751112,93.178055,2013-08-03,20.0,NORMAL,0.0,N/A,NORMAL,,False,,False,,NORMAL,0
Guwahati,13,ISRO0067_15F043(NALBARI),26.4358333,91.335,2013-08-04,0.0,NORMAL,0.0,N/A,NORMAL,,False,,False,,NORMAL,0
Guwahati,13,ISRO1074_15F432(Salonah),26.445833,92.975,2013-08-04,28.0,NORMAL,0.0,N/A,NORMAL,,False,,False,,NORMAL,0
Guwahati,13,ISRO1112_15F458(President. Gharowa. Lumding),25.751112,93.178055,2013-08-04,94.0,T2,0.883,COARSE,CLOUDBURST_CANDIDATE,L=0.883 | R_core=94.0mm | R_bg=11.0mm (nearest_proxy (331km)) | scale=COARSE | gradient: [ZC:80km=28.0mm] [ZC:109km=92.0mm] [ZC:151km=110.0mm] [ZC:155km=0.0mm] [ZC:173km=16.0mm] [ZC:186km=49.0mm] [ZC:199km=0.0mm] [ZC:216km=92.0mm] [ZC:235km=118.0mm] [ZC:269km=42.0mm] [ZC:322km=6.0mm] [ZC:331km=11.0mm],False,no_iwv_buildup (delta=0.7mm < 2.0mm threshold),False,offline_verification,CANDIDATE_CLOUDBURST,12
Lengpui,12,ISRO0069_15F045(ARUNACHAL),24.8541666,92.7388888,2013-08-04,92.0,T2,0.5435,COARSE,CLOUDBURST_CANDIDATE,L=0.543 | R_core=92.0mm | R_bg=42.0mm (nearest_proxy (373km)) | scale=COARSE | gradient: [ZC:109km=94.0mm] [ZC:179km=28.0mm] [ZC:182km=0.0mm] [ZC:208km=16.0mm] [ZC:225km=0.0mm] [ZC:256km=110.0mm] [ZC:295km=49.0mm] [ZC:307km=6.0mm] [ZC:325km=92.0mm] [ZC:328km=11.0mm] [ZC:343km=118.0mm] [ZC:373km=42.0mm],False,no_iwv_buildup (delta=-2.1mm < 2.0mm threshold),False,offline_verification,CANDIDATE_CLOUDBURST,12
Guwahati,13,ISRO1106_15F452(Rangiya Degree College. Rangiya),26.426945,91.61389,2013-08-04,16.0,NORMAL,0.0,N/A,NORMAL,,False,,False,,NORMAL,0
Bagdogra,11,ISRO0066_15F042(GOSSAIGAON),26.3908333,89.9405555,2013-08-04,11.0,NORMAL,0.0,N/A,NORMAL,,False,,False,,NORMAL,0
Guwahati,13,ISRO0062_15F03E(LAKHIMPUR),27.2041666,94.1069444,2013-08-04,49.0,T2,0.8776,COARSE,CLOUDBURST_CANDIDATE,L=0.878 | R_core=49.0mm | R_bg=6.0mm (nearest_proxy (432km)) | scale=COARSE | gradient: [ZC:30km=92.0mm] [ZC:53km=118.0mm] [ZC:54km=110.0mm] [ZC:101km=42.0mm] [ZC:140km=28.0mm] [ZC:186km=94.0mm] [ZC:262km=16.0mm] [ZC:262km=0.0mm] [ZC:288km=0.0mm] [ZC:295km=92.0mm] [ZC:423km=11.0mm] [ZC:432km=6.0mm],False,no_iwv_buildup (delta=0.7mm < 2.0mm threshold),False,offline_verification,CANDIDATE_CLOUDBURST,12
Guwahati,13,ISRO1068_15F42C(TRA. Jorhat),26.730833,94.22667,2013-08-04,110.0,T1,0.9455,COARSE,CLOUDBURST_CANDIDATE,L=0.945 | R_core=110.0mm | R_bg=6.0mm (nearest_proxy (431km)) | scale=COARSE | gradient: [ZC:54km=49.0mm] [ZC:80km=92.0mm] [ZC:89km=118.0mm] [ZC:118km=42.0mm] [ZC:128km=28.0mm] [ZC:151km=94.0mm] [ZC:256km=92.0mm] [ZC:257km=0.0mm] [ZC:262km=16.0mm] [ZC:289km=0.0mm] [ZC:428km=11.0mm] [ZC:431km=6.0mm],False,no_iwv_buildup (delta=0.7mm < 2.0mm threshold),False,offline_verification,CANDIDATE_CLOUDBURST,12
Guwahati,13,ISRO1069_15F42D(TRA. Dikom),27.466667,95.08889,2013-08-04,42.0,T2,0.8571,COARSE,CLOUDBURST_CANDIDATE,L=0.857 | R_core=42.0mm | R_bg=6.0mm (nearest_proxy (533km)) | scale=COARSE | gradient: [ZC:53km=118.0mm] [ZC:85km=92.0mm] [ZC:101km=49.0mm] [ZC:118km=110.0mm] [ZC:238km=28.0mm] [ZC:269km=94.0mm] [ZC:363km=0.0mm] [ZC:363km=16.0mm] [ZC:373km=92.0mm] [ZC:389km=0.0mm] [ZC:524km=11.0mm] [ZC:533km=6.0mm],False,no_iwv_buildup (delta=0.7mm < 2.0mm threshold),False,offline_verification,CANDIDATE_CLOUDBURST,12
Guwahati,13,ISRO0076_15F04C(Dhubri),26.023333,89.96917,2013-08-04,6.0,NORMAL,0.0,N/A,NORMAL,,False,,False,,NORMAL,0
Guwahati,13,ISRO1071_15F42F(Ananda),27.44861,94.22945,2013-08-04,92.0,T2,0.9348,COARSE,CLOUDBURST_CANDIDATE,L=0.935 | R_core=92.0mm | R_bg=6.0mm (nearest_proxy (452km)) | scale=COARSE | gradient: [ZC:30km=49.0mm] [ZC:32km=118.0mm] [ZC:80km=110.0mm] [ZC:85km=42.0mm] [ZC:167km=28.0mm] [ZC:216km=94.0mm] [ZC:283km=16.0mm] [ZC:285km=0.0mm] [ZC:308km=0.0mm] [ZC:325km=92.0mm] [ZC:441km=11.0mm] [ZC:452km=6.0mm],False,no_iwv_buildup (delta=0.7mm < 2.0mm threshold),False,offline_verification,CANDIDATE_CLOUDBURST,12
Guwahati,13,ISRO1104_15F450(Dhemaji Degree College. Dhemaji),27.475555,94.55167,2013-08-04,118.0,T1,0.9492,COARSE,CLOUDBURST_CANDIDATE,L=0.949 | R_core=118.0mm | R_bg=6.0mm (nearest_proxy (483km)) | scale=COARSE | gradient: [ZC:32km=92.0mm] [ZC:53km=42.0mm] [ZC:53km=49.0mm] [ZC:89km=110.0mm] [ZC:194km=28.0mm] [ZC:235km=94.0mm] [ZC:314km=16.0mm] [ZC:315km=0.0mm] [ZC:339km=0.0mm] [ZC:343km=92.0mm] [ZC:473km=11.0mm] [ZC:483km=6.0mm],False,no_iwv_buildup (delta=0.7mm < 2.0mm threshold),False,offline_verification,CANDIDATE_CLOUDBURST,12
Guwahati,13,ISRO0062_15F03E(LAKHIMPUR),27.2041666,94.1069444,2013-08-05,0.0,NORMAL,0.0,N/A,NORMAL,,False,,False,,NORMAL,0
Guwahati,13,ISRO1068_15F42C(TRA. Jorhat),26.730833,94.22667,2013-08-05,54.0,T2,0.7222,COARSE,CLOUDBURST_CANDIDATE,L=0.722 | R_core=54.0mm | R_bg=15.0mm (nearest_proxy (431km)) | scale=COARSE | gradient: [ZC:54km=0.0mm] [ZC:80km=205.0mm] [ZC:89km=261.0mm] [ZC:118km=16.0mm] [ZC:128km=29.0mm] [ZC:151km=160.0mm] [ZC:256km=400.0mm] [ZC:257km=0.0mm] [ZC:262km=62.0mm] [ZC:289km=0.0mm] [ZC:428km=400.0mm] [ZC:431km=15.0mm],True,"buildup=4.5mm, drawdown=no (-1.5mm)",True,IWV_confirmed,CONFIRMED_CLOUDBURST,12
Lengpui,12,ISRO0069_15F045(ARUNACHAL),24.8541666,92.7388888,2013-08-05,400.0,T1,0.96,COARSE,CLOUDBURST_CANDIDATE,L=0.960 | R_core=400.0mm | R_bg=16.0mm (nearest_proxy (373km)) | scale=COARSE | gradient: [ZC:109km=160.0mm] [ZC:179km=29.0mm] [ZC:182km=0.0mm] [ZC:208km=62.0mm] [ZC:225km=0.0mm] [ZC:256km=54.0mm] [ZC:295km=0.0mm] [ZC:307km=15.0mm] [ZC:325km=205.0mm] [ZC:328km=400.0mm] [ZC:343km=261.0mm] [ZC:373km=16.0mm],False,no_iwv_buildup (delta=-2.1mm < 2.0mm threshold),False,offline_verification,CANDIDATE_CLOUDBURST,12
Guwahati,13,ISRO1074_15F432(Salonah),26.445833,92.975,2013-08-05,29.0,NORMAL,0.0,N/A,NORMAL,,False,,False,,NORMAL,0
Guwahati,13,ISRO0076_15F04C(Dhubri),26.023333,89.96917,2013-08-05,15.0,NORMAL,0.0,N/A,NORMAL,,False,,False,,NORMAL,0
Guwahati,13,ISRO0067_15F043(NALBARI),26.4358333,91.335,2013-08-05,0.0,NORMAL,0.0,N/A,NORMAL,,False,,False,,NORMAL,0
Guwahati,13,ISRO1102_15F44E(North Guwhathi College. North Guwhathi),26.202223,91.715836,2013-08-05,0.0,NORMAL,0.0,N/A,NORMAL,,False,,False,,NORMAL,0
Guwahati,13,ISRO1106_15F452(Rangiya Degree College. Rangiya),26.426945,91.61389,2013-08-05,62.0,T2,0.7419,COARSE,CLOUDBURST_CANDIDATE,L=0.742 | R_core=62.0mm | R_bg=16.0mm (nearest_proxy (363km)) | scale=COARSE | gradient: [ZC:27km=0.0mm] [ZC:28km=0.0mm] [ZC:136km=29.0mm] [ZC:167km=400.0mm] [ZC:170km=15.0mm] [ZC:173km=160.0mm] [ZC:208km=400.0mm] [ZC:262km=54.0mm] [ZC:262km=0.0mm] [ZC:283km=205.0mm] [ZC:314km=261.0mm] [ZC:363km=16.0mm],True,"buildup=4.5mm, drawdown=no (-1.5mm)",True,IWV_confirmed,CONFIRMED_CLOUDBURST,12
Guwahati,13,ISRO1071_15F42F(Ananda),27.44861,94.22945,2013-08-05,205.0,T1,0.9268,COARSE,CLOUDBURST_CANDIDATE,L=0.927 | R_core=205.0mm | R_bg=15.0mm (nearest_proxy (452km)) | scale=COARSE | gradient: [ZC:30km=0.0mm] [ZC:32km=261.0mm] [ZC:80km=54.0mm] [ZC:85km=16.0mm] [ZC:167km=29.0mm] [ZC:216km=160.0mm] [ZC:283km=62.0mm] [ZC:285km=0.0mm] [ZC:308km=0.0mm] [ZC:325km=400.0mm] [ZC:441km=400.0mm] [ZC:452km=15.0mm],True,"buildup=4.5mm, drawdown=no (-1.5mm)",True,IWV_confirmed,CONFIRMED_CLOUDBURST,12
Guwahati,13,ISRO1112_15F458(President. Gharowa. Lumding),25.751112,93.178055,2013-08-05,160.0,T1,0.0,COARSE,WIDESPREAD_HEAVY_RAIN,L=0.000 | R_core=160.0mm | R_bg=400.0mm (nearest_proxy (331km)) | scale=COARSE | gradient: [ZC:80km=29.0mm] [ZC:109km=400.0mm] [ZC:151km=54.0mm] [ZC:155km=0.0mm] [ZC:173km=62.0mm] [ZC:186km=0.0mm] [ZC:199km=0.0mm] [ZC:216km=205.0mm] [ZC:235km=261.0mm] [ZC:269km=16.0mm] [ZC:322km=15.0mm] [ZC:331km=400.0mm],True,"buildup=4.5mm, drawdown=no (-1.5mm)",True,IWV_confirmed,WIDESPREAD_HEAVY_RAIN,12
Bagdogra,11,ISRO0066_15F042(GOSSAIGAON),26.3908333,89.9405555,2013-08-05,400.0,T1,0.96,COARSE,CLOUDBURST_CANDIDATE,L=0.960 | R_core=400.0mm | R_bg=16.0mm (nearest_proxy (524km)) | scale=COARSE | gradient: [ZC:41km=15.0mm] [ZC:139km=0.0mm] [ZC:167km=62.0mm] [ZC:178km=0.0mm] [ZC:302km=29.0mm] [ZC:328km=400.0mm] [ZC:331km=160.0mm] [ZC:423km=0.0mm] [ZC:428km=54.0mm] [ZC:441km=205.0mm] [ZC:473km=261.0mm] [ZC:524km=16.0mm],False,no_iwv_buildup (delta=-0.4mm < 2.0mm threshold),False,offline_verification,CANDIDATE_CLOUDBURST,12
Guwahati,13,ISRO1104_15F450(Dhemaji Degree College. Dhemaji),27.475555,94.55167,2013-08-05,261.0,T1,0.9425,COARSE,CLOUDBURST_CANDIDATE,L=0.943 | R_core=261.0mm | R_bg=15.0mm (nearest_proxy (483km)) | scale=COARSE | gradient: [ZC:32km=205.0mm] [ZC:53km=16.0mm] [ZC:53km=0.0mm] [ZC:89km=54.0mm] [ZC:194km=29.0mm] [ZC:235km=160.0mm] [ZC:314km=62.0mm] [ZC:315km=0.0mm] [ZC:339km=0.0mm] [ZC:343km=400.0mm] [ZC:473km=400.0mm] [ZC:483km=15.0mm],True,"buildup=4.5mm, drawdown=no (-1.5mm)",True,IWV_confirmed,CONFIRMED_CLOUDBURST,12
Guwahati,13,ISRO1069_15F42D(TRA. Dikom),27.466667,95.08889,2013-08-06,7.0,NORMAL,0.0,N/A,NORMAL,,False,,False,,NORMAL,0
Bagdogra,11,ISRO0066_15F042(GOSSAIGAON),26.3908333,89.9405555,2013-08-06,46.0,T2,0.8478,COARSE,CLOUDBURST_CANDIDATE,L=0.848 | R_core=46.0mm | R_bg=7.0mm (nearest_proxy (524km)) | scale=COARSE | gradient: [ZC:41km=57.0mm] [ZC:139km=0.0mm] [ZC:167km=55.0mm] [ZC:178km=0.0mm] [ZC:302km=66.0mm] [ZC:331km=206.0mm] [ZC:423km=1.0mm] [ZC:428km=5.0mm] [ZC:441km=27.0mm] [ZC:473km=271.0mm] [ZC:524km=7.0mm],False,insufficient_pre_event_iwv,False,offline_verification,CANDIDATE_CLOUDBURST,11
Guwahati,13,ISRO1104_15F450(Dhemaji Degree College. Dhemaji),27.475555,94.55167,2013-08-06,271.0,T1,0.7897,COARSE,CLOUDBURST_CANDIDATE,L=0.790 | R_core=271.0mm | R_bg=57.0mm (nearest_proxy (483km)) | scale=COARSE | gradient: [ZC:32km=27.0mm] [ZC:53km=7.0mm] [ZC:53km=1.0mm] [ZC:89km=5.0mm] [ZC:194km=66.0mm] [ZC:235km=206.0mm] [ZC:314km=55.0mm] [ZC:315km=0.0mm] [ZC:339km=0.0mm] [ZC:473km=46.0mm] [ZC:483km=57.0mm],False,no_iwv_buildup (delta=0.4mm < 2.0mm threshold),False,offline_verification,CANDIDATE_CLOUDBURST,11
Guwahati,13,ISRO0067_15F043(NALBARI),26.4358333,91.335,2013-08-06,0.0,NORMAL,0.0,N/A,NORMAL,,False,,False,,NORMAL,0
Guwahati,13,ISRO1106_15F452(Rangiya Degree College. Rangiya),26.426945,91.61389,2013-08-06,55.0,T2,0.8727,COARSE,CLOUDBURST_CANDIDATE,L=0.873 | R_core=55.0mm | R_bg=7.0mm (nearest_proxy (363km)) | scale=COARSE | gradient: [ZC:27km=0.0mm] [ZC:28km=0.0mm] [ZC:136km=66.0mm] [ZC:167km=46.0mm] [ZC:170km=57.0mm] [ZC:173km=206.0mm] [ZC:262km=5.0mm] [ZC:262km=1.0mm] [ZC:283km=27.0mm] [ZC:314km=271.0mm] [ZC:363km=7.0mm],False,no_iwv_buildup (delta=0.4mm < 2.0mm threshold),False,offline_verification,CANDIDATE_CLOUDBURST,11
Guwahati,13,ISRO1068_15F42C(TRA. Jorhat),26.730833,94.22667,2013-08-06,5.0,NORMAL,0.0,N/A,NORMAL,,False,,False,,NORMAL,0
Guwahati,13,ISRO0076_15F04C(Dhubri),26.023333,89.96917,2013-08-06,57.0,T2,0.8772,COARSE,CLOUDBURST_CANDIDATE,L=0.877 | R_core=57.0mm | R_bg=7.0mm (nearest_proxy (533km)) | scale=COARSE | gradient: [ZC:41km=46.0mm] [ZC:144km=0.0mm] [ZC:170km=55.0mm] [ZC:176km=0.0mm] [ZC:303km=66.0mm] [ZC:322km=206.0mm] [ZC:431km=5.0mm] [ZC:432km=1.0mm] [ZC:452km=27.0mm] [ZC:483km=271.0mm] [ZC:533km=7.0mm],False,no_iwv_buildup (delta=0.4mm < 2.0mm threshold),False,offline_verification,CANDIDATE_CLOUDBURST,11
Guwahati,13,ISRO1112_15F458(President. Gharowa. Lumding),25.751112,93.178055,2013-08-06,206.0,T1,0.7767,COARSE,CLOUDBURST_CANDIDATE,L=0.777 | R_core=206.0mm | R_bg=46.0mm (nearest_proxy (331km)) | scale=COARSE | gradient: [ZC:80km=66.0mm] [ZC:151km=5.0mm] [ZC:155km=0.0mm] [ZC:173km=55.0mm] [ZC:186km=1.0mm] [ZC:199km=0.0mm] [ZC:216km=27.0mm] [ZC:235km=271.0mm] [ZC:269km=7.0mm] [ZC:322km=57.0mm] [ZC:331km=46.0mm],False,no_iwv_buildup (delta=0.4mm < 2.0mm threshold),False,offline_verification,CANDIDATE_CLOUDBURST,11
Guwahati,13,ISRO1074_15F432(Salonah),26.445833,92.975,2013-08-06,66.0,T2,0.1364,COARSE,WIDESPREAD_HEAVY_RAIN,L=0.136 | R_core=66.0mm | R_bg=57.0mm (nearest_proxy (303km)) | scale=COARSE | gradient: [ZC:80km=206.0mm] [ZC:128km=0.0mm] [ZC:128km=5.0mm] [ZC:136km=55.0mm] [ZC:140km=1.0mm] [ZC:163km=0.0mm] [ZC:167km=27.0mm] [ZC:194km=271.0mm] [ZC:238km=7.0mm] [ZC:302km=46.0mm] [ZC:303km=57.0mm],False,no_iwv_buildup (delta=0.4mm < 2.0mm threshold),False,offline_verification,WIDESPREAD_HEAVY_RAIN,11
Guwahati,13,ISRO0062_15F03E(LAKHIMPUR),27.2041666,94.1069444,2013-08-06,1.0,NORMAL,0.0,N/A,NORMAL,,False,,False,,NORMAL,0
Guwahati,13,ISRO1071_15F42F(Ananda),27.44861,94.22945,2013-08-06,27.0,NORMAL,0.0,N/A,NORMAL,,False,,False,,NORMAL,0
Guwahati,13,ISRO1112_15F458(President. Gharowa. Lumding),25.751112,93.178055,2013-08-07,0.0,NORMAL,0.0,N/A,NORMAL,,False,,False,,NORMAL,0
Guwahati,13,ISRO1104_15F450(Dhemaji Degree College. Dhemaji),27.475555,94.55167,2013-08-07,0.0,NORMAL,0.0,N/A,NORMAL,,False,,False,,NORMAL,0
Guwahati,13,ISRO1074_15F432(Salonah),26.445833,92.975,2013-08-07,0.0,NORMAL,0.0,N/A,NORMAL,,False,,False,,NORMAL,0
Guwahati,13,ISRO1071_15F42F(Ananda),27.44861,94.22945,2013-08-07,0.0,NORMAL,0.0,N/A,NORMAL,,False,,False,,NORMAL,0
Guwahati,13,ISRO1068_15F42C(TRA. Jorhat),26.730833,94.22667,2013-08-07,0.0,NORMAL,0.0,N/A,NORMAL,,False,,False,,NORMAL,0
Bagdogra,11,ISRO0066_15F042(GOSSAIGAON),26.3908333,89.9405555,2013-08-07,0.0,NORMAL,0.0,N/A,NORMAL,,False,,False,,NORMAL,0
Guwahati,13,ISRO0062_15F03E(LAKHIMPUR),27.2041666,94.1069444,2013-08-07,0.0,NORMAL,0.0,N/A,NORMAL,,False,,False,,NORMAL,0
Lengpui,12,ISRO0069_15F045(ARUNACHAL),24.8541666,92.7388888,2013-08-07,0.0,NORMAL,0.0,N/A,NORMAL,,False,,False,,NORMAL,0
Guwahati,13,ISRO1102_15F44E(North Guwhathi College. North Guwhathi),26.202223,91.715836,2013-08-07,0.0,NORMAL,0.0,N/A,NORMAL,,False,,False,,NORMAL,0
Guwahati,13,ISRO1069_15F42D(TRA. Dikom),27.466667,95.08889,2013-08-07,0.0,NORMAL,0.0,N/A,NORMAL,,False,,False,,NORMAL,0
Guwahati,13,ISRO1106_15F452(Rangiya Degree College. Rangiya),26.426945,91.61389,2013-08-07,0.0,NORMAL,0.0,N/A,NORMAL,,False,,False,,NORMAL,0
Lengpui,12,ISRO0069_15F045(ARUNACHAL),24.8541666,92.7388888,2013-08-08,0.0,NORMAL,0.0,N/A,NORMAL,,False,,False,,NORMAL,0
Guwahati,13,ISRO1071_15F42F(Ananda),27.44861,94.22945,2013-08-08,14.0,NORMAL,0.0,N/A,NORMAL,,False,,False,,NORMAL,0
Guwahati,13,ISRO1068_15F42C(TRA. Jorhat),26.730833,94.22667,2013-08-08,0.0,NORMAL,0.0,N/A,NORMAL,,False,,False,,NORMAL,0
Guwahati,13,ISRO1102_15F44E(North Guwhathi College. North Guwhathi),26.202223,91.715836,2013-08-08,0.0,NORMAL,0.0,N/A,NORMAL,,False,,False,,NORMAL,0
Guwahati,13,ISRO1104_15F450(Dhemaji Degree College. Dhemaji),27.475555,94.55167,2013-08-08,100.0,T1,0.77,COARSE,CLOUDBURST_CANDIDATE,L=0.770 | R_core=100.0mm | R_bg=23.0mm (nearest_proxy (483km)) | scale=COARSE | gradient: [ZC:32km=14.0mm] [ZC:53km=6.0mm] [ZC:53km=0.0mm] [ZC:89km=0.0mm] [ZC:314km=240.0mm] [ZC:315km=0.0mm] [ZC:343km=0.0mm] [ZC:483km=23.0mm],True,"buildup=2.1mm, drawdown=no (-1.1mm)",True,IWV_confirmed,CONFIRMED_CLOUDBURST,8
Guwahati,13,ISRO0062_15F03E(LAKHIMPUR),27.2041666,94.1069444,2013-08-08,0.0,NORMAL,0.0,N/A,NORMAL,,False,,False,,NORMAL,0
Guwahati,13,ISRO1106_15F452(Rangiya Degree College. Rangiya),26.426945,91.61389,2013-08-08,240.0,T1,0.975,COARSE,CLOUDBURST_CANDIDATE,L=0.975 | R_core=240.0mm | R_bg=6.0mm (nearest_proxy (363km)) | scale=COARSE | gradient: [ZC:27km=0.0mm] [ZC:170km=23.0mm] [ZC:208km=0.0mm] [ZC:262km=0.0mm] [ZC:262km=0.0mm] [ZC:283km=14.0mm] [ZC:314km=100.0mm] [ZC:363km=6.0mm],True,"buildup=2.1mm, drawdown=no (-1.1mm)",True,IWV_confirmed,CONFIRMED_CLOUDBURST,8
Guwahati,13,ISRO1112_15F458(President. Gharowa. Lumding),25.751112,93.178055,2013-08-09,0.0,NORMAL,0.0,N/A,NORMAL,,False,,False,,NORMAL,0
Guwahati,13,ISRO1069_15F42D(TRA. Dikom),27.466667,95.08889,2013-08-09,0.0,NORMAL,0.0,N/A,NORMAL,,False,,False,,NORMAL,0
Lengpui,12,ISRO0069_15F045(ARUNACHAL),24.8541666,92.7388888,2013-08-09,0.0,NORMAL,0.0,N/A,NORMAL,,False,,False,,NORMAL,0
Guwahati,13,ISRO0062_15F03E(LAKHIMPUR),27.2041666,94.1069444,2013-08-09,0.0,NORMAL,0.0,N/A,NORMAL,,False,,False,,NORMAL,0
Guwahati,13,ISRO1106_15F452(Rangiya Degree College. Rangiya),26.426945,91.61389,2013-08-09,0.0,NORMAL,0.0,N/A,NORMAL,,False,,False,,NORMAL,0
Bagdogra,11,ISRO0066_15F042(GOSSAIGAON),26.3908333,89.9405555,2013-08-09,0.0,NORMAL,0.0,N/A,NORMAL,,False,,False,,NORMAL,0
Guwahati,13,ISRO1104_15F450(Dhemaji Degree College. Dhemaji),27.475555,94.55167,2013-08-09,0.0,NORMAL,0.0,N/A,NORMAL,,False,,False,,NORMAL,0
Guwahati,13,ISRO1074_15F432(Salonah),26.445833,92.975,2013-08-09,0.0,NORMAL,0.0,N/A,NORMAL,,False,,False,,NORMAL,0
Guwahati,13,ISRO1071_15F42F(Ananda),27.44861,94.22945,2013-08-09,0.0,NORMAL,0.0,N/A,NORMAL,,False,,False,,NORMAL,0
Guwahati,13,ISRO1068_15F42C(TRA. Jorhat),26.730833,94.22667,2013-08-09,0.0,NORMAL,0.0,N/A,NORMAL,,False,,False,,NORMAL,0
Guwahati,13,ISRO1102_15F44E(North Guwhathi College. North Guwhathi),26.202223,91.715836,2013-08-09,0.0,NORMAL,0.0,N/A,NORMAL,,False,,False,,NORMAL,0
Guwahati,13,ISRO0076_15F04C(Dhubri),26.023333,89.96917,2013-08-10,12.0,NORMAL,0.0,N/A,NORMAL,,False,,False,,NORMAL,0
Bagdogra,11,ISRO0066_15F042(GOSSAIGAON),26.3908333,89.9405555,2013-08-10,400.0,T1,0.66,COARSE,CLOUDBURST_CANDIDATE,L=0.660 | R_core=400.0mm | R_bg=136.0mm (nearest_proxy (524km)) | scale=COARSE | gradient: [ZC:41km=12.0mm] [ZC:178km=400.0mm] [ZC:302km=187.0mm] [ZC:331km=129.0mm] [ZC:423km=0.0mm] [ZC:441km=71.0mm] [ZC:524km=136.0mm],False,no_iwv_buildup (delta=0.8mm < 2.0mm threshold),False,offline_verification,CANDIDATE_CLOUDBURST,7
Guwahati,13,ISRO1112_15F458(President. Gharowa. Lumding),25.751112,93.178055,2013-08-10,129.0,T1,0.0,COARSE,WIDESPREAD_HEAVY_RAIN,L=0.000 | R_core=129.0mm | R_bg=400.0mm (nearest_proxy (331km)) | scale=COARSE | gradient: [ZC:80km=187.0mm] [ZC:155km=400.0mm] [ZC:186km=0.0mm] [ZC:216km=71.0mm] [ZC:269km=136.0mm] [ZC:322km=12.0mm] [ZC:331km=400.0mm],False,no_iwv_buildup (delta=0.4mm < 2.0mm threshold),False,offline_verification,WIDESPREAD_HEAVY_RAIN,7
Guwahati,13,ISRO1069_15F42D(TRA. Dikom),27.466667,95.08889,2013-08-10,136.0,T1,0.9118,COARSE,CLOUDBURST_CANDIDATE,L=0.912 | R_core=136.0mm | R_bg=12.0mm (nearest_proxy (533km)) | scale=COARSE | gradient: [ZC:85km=71.0mm] [ZC:101km=0.0mm] [ZC:238km=187.0mm] [ZC:269km=129.0mm] [ZC:363km=400.0mm] [ZC:524km=400.0mm] [ZC:533km=12.0mm],False,no_iwv_buildup (delta=0.4mm < 2.0mm threshold),False,offline_verification,CANDIDATE_CLOUDBURST,7
Guwahati,13,ISRO0062_15F03E(LAKHIMPUR),27.2041666,94.1069444,2013-08-10,0.0,NORMAL,0.0,N/A,NORMAL,,False,,False,,NORMAL,0
Guwahati,13,ISRO1102_15F44E(North Guwhathi College. North Guwhathi),26.202223,91.715836,2013-08-10,400.0,T1,0.66,COARSE,CLOUDBURST_CANDIDATE,L=0.660 | R_core=400.0mm | R_bg=136.0mm (nearest_proxy (363km)) | scale=COARSE | gradient: [ZC:128km=187.0mm] [ZC:155km=129.0mm] [ZC:176km=12.0mm] [ZC:178km=400.0mm] [ZC:262km=0.0mm] [ZC:285km=71.0mm] [ZC:363km=136.0mm],False,no_iwv_buildup (delta=0.4mm < 2.0mm threshold),False,offline_verification,CANDIDATE_CLOUDBURST,7
Guwahati,13,ISRO1071_15F42F(Ananda),27.44861,94.22945,2013-08-10,71.0,T2,0.831,COARSE,CLOUDBURST_CANDIDATE,L=0.831 | R_core=71.0mm | R_bg=12.0mm (nearest_proxy (452km)) | scale=COARSE | gradient: [ZC:30km=0.0mm] [ZC:85km=136.0mm] [ZC:167km=187.0mm] [ZC:216km=129.0mm] [ZC:285km=400.0mm] [ZC:441km=400.0mm] [ZC:452km=12.0mm],False,no_iwv_buildup (delta=0.4mm < 2.0mm threshold),False,offline_verification,CANDIDATE_CLOUDBURST,7
Guwahati,13,ISRO1074_15F432(Salonah),26.445833,92.975,2013-08-10,187.0,T1,0.9358,COARSE,CLOUDBURST_CANDIDATE,L=0.936 | R_core=187.0mm | R_bg=12.0mm (nearest_proxy (303km)) | scale=COARSE | gradient: [ZC:80km=129.0mm] [ZC:128km=400.0mm] [ZC:140km=0.0mm] [ZC:167km=71.0mm] [ZC:238km=136.0mm] [ZC:302km=400.0mm] [ZC:303km=12.0mm],False,no_iwv_buildup (delta=0.4mm < 2.0mm threshold),False,offline_verification,CANDIDATE_CLOUDBURST,7
Guwahati,13,ISRO0062_15F03E(LAKHIMPUR),27.2041666,94.1069444,2013-08-11,0.0,NORMAL,0.0,N/A,NORMAL,,False,,False,,NORMAL,0
Guwahati,13,ISRO1069_15F42D(TRA. Dikom),27.466667,95.08889,2013-08-11,42.0,T2,0.9048,COARSE,CLOUDBURST_CANDIDATE,L=0.905 | R_core=42.0mm | R_bg=4.0mm (nearest_proxy (533km)) | scale=COARSE | gradient: [ZC:53km=52.0mm] [ZC:85km=34.0mm] [ZC:101km=0.0mm] [ZC:238km=22.0mm] [ZC:269km=104.0mm] [ZC:363km=0.0mm] [ZC:363km=54.0mm] [ZC:389km=51.0mm] [ZC:524km=47.0mm] [ZC:533km=4.0mm],False,no_iwv_buildup (delta=1.5mm < 2.0mm threshold),False,offline_verification,CANDIDATE_CLOUDBURST,10
Guwahati,13,ISRO1074_15F432(Salonah),26.445833,92.975,2013-08-11,22.0,NORMAL,0.0,N/A,NORMAL,,False,,False,,NORMAL,0
Guwahati,13,ISRO0076_15F04C(Dhubri),26.023333,89.96917,2013-08-11,4.0,NORMAL,0.0,N/A,NORMAL,,False,,False,,NORMAL,0
Guwahati,13,ISRO0067_15F043(NALBARI),26.4358333,91.335,2013-08-11,51.0,T2,0.1765,COARSE,WIDESPREAD_HEAVY_RAIN,L=0.176 | R_core=51.0mm | R_bg=42.0mm (nearest_proxy (389km)) | scale=COARSE | gradient: [ZC:28km=54.0mm] [ZC:46km=0.0mm] [ZC:139km=47.0mm] [ZC:144km=4.0mm] [ZC:163km=22.0mm] [ZC:199km=104.0mm] [ZC:288km=0.0mm] [ZC:308km=34.0mm] [ZC:339km=52.0mm] [ZC:389km=42.0mm],False,no_iwv_buildup (delta=1.5mm < 2.0mm threshold),False,offline_verification,WIDESPREAD_HEAVY_RAIN,10
Guwahati,13,ISRO1104_15F450(Dhemaji Degree College. Dhemaji),27.475555,94.55167,2013-08-11,52.0,T2,0.9231,COARSE,CLOUDBURST_CANDIDATE,L=0.923 | R_core=52.0mm | R_bg=4.0mm (nearest_proxy (483km)) | scale=COARSE | gradient: [ZC:32km=34.0mm] [ZC:53km=42.0mm] [ZC:53km=0.0mm] [ZC:194km=22.0mm] [ZC:235km=104.0mm] [ZC:314km=54.0mm] [ZC:315km=0.0mm] [ZC:339km=51.0mm] [ZC:473km=47.0mm] [ZC:483km=4.0mm],False,no_iwv_buildup (delta=1.5mm < 2.0mm threshold),False,offline_verification,CANDIDATE_CLOUDBURST,10
Bagdogra,11,ISRO0066_15F042(GOSSAIGAON),26.3908333,89.9405555,2013-08-11,47.0,T2,0.1064,COARSE,WIDESPREAD_HEAVY_RAIN,L=0.106 | R_core=47.0mm | R_bg=42.0mm (nearest_proxy (524km)) | scale=COARSE | gradient: [ZC:41km=4.0mm] [ZC:139km=51.0mm] [ZC:167km=54.0mm] [ZC:178km=0.0mm] [ZC:302km=22.0mm] [ZC:331km=104.0mm] [ZC:423km=0.0mm] [ZC:441km=34.0mm] [ZC:473km=52.0mm] [ZC:524km=42.0mm],False,no_iwv_buildup (delta=0.1mm < 2.0mm threshold),False,offline_verification,WIDESPREAD_HEAVY_RAIN,10
Guwahati,13,ISRO1102_15F44E(North Guwhathi College. North Guwhathi),26.202223,91.715836,2013-08-11,0.0,NORMAL,0.0,N/A,NORMAL,,False,,False,,NORMAL,0
Guwahati,13,ISRO1112_15F458(President. Gharowa. Lumding),25.751112,93.178055,2013-08-11,104.0,T1,0.5481,COARSE,CLOUDBURST_CANDIDATE,L=0.548 | R_core=104.0mm | R_bg=47.0mm (nearest_proxy (331km)) | scale=COARSE | gradient: [ZC:80km=22.0mm] [ZC:155km=0.0mm] [ZC:173km=54.0mm] [ZC:186km=0.0mm] [ZC:199km=51.0mm] [ZC:216km=34.0mm] [ZC:235km=52.0mm] [ZC:269km=42.0mm] [ZC:322km=4.0mm] [ZC:331km=47.0mm],False,no_iwv_buildup (delta=1.5mm < 2.0mm threshold),False,offline_verification,CANDIDATE_CLOUDBURST,10
Guwahati,13,ISRO1071_15F42F(Ananda),27.44861,94.22945,2013-08-11,34.0,T2,0.8824,COARSE,CLOUDBURST_CANDIDATE,L=0.882 | R_core=34.0mm | R_bg=4.0mm (nearest_proxy (452km)) | scale=COARSE | gradient: [ZC:30km=0.0mm] [ZC:32km=52.0mm] [ZC:85km=42.0mm] [ZC:167km=22.0mm] [ZC:216km=104.0mm] [ZC:283km=54.0mm] [ZC:285km=0.0mm] [ZC:308km=51.0mm] [ZC:441km=47.0mm] [ZC:452km=4.0mm],False,no_iwv_buildup (delta=1.5mm < 2.0mm threshold),False,offline_verification,CANDIDATE_CLOUDBURST,10
Guwahati,13,ISRO1106_15F452(Rangiya Degree College. Rangiya),26.426945,91.61389,2013-08-11,54.0,T2,0.2222,COARSE,WIDESPREAD_HEAVY_RAIN,L=0.222 | R_core=54.0mm | R_bg=42.0mm (nearest_proxy (363km)) | scale=COARSE | gradient: [ZC:27km=0.0mm] [ZC:28km=51.0mm] [ZC:136km=22.0mm] [ZC:167km=47.0mm] [ZC:170km=4.0mm] [ZC:173km=104.0mm] [ZC:262km=0.0mm] [ZC:283km=34.0mm] [ZC:314km=52.0mm] [ZC:363km=42.0mm],False,no_iwv_buildup (delta=1.5mm < 2.0mm threshold),False,offline_verification,WIDESPREAD_HEAVY_RAIN,10
Guwahati,13,ISRO0062_15F03E(LAKHIMPUR),27.2041666,94.1069444,2013-08-12,0.0,NORMAL,0.0,N/A,NORMAL,,False,,False,,NORMAL,0
Guwahati,13,ISRO1106_15F452(Rangiya Degree College. Rangiya),26.426945,91.61389,2013-08-12,0.0,NORMAL,0.0,N/A,NORMAL,,False,,False,,NORMAL,0
Guwahati,13,ISRO1071_15F42F(Ananda),27.44861,94.22945,2013-08-12,0.0,NORMAL,0.0,N/A,NORMAL,,False,,False,,NORMAL,0
Guwahati,13,ISRO1104_15F450(Dhemaji Degree College. Dhemaji),27.475555,94.55167,2013-08-12,0.0,NORMAL,0.0,N/A,NORMAL,,False,,False,,NORMAL,0
Guwahati,13,ISRO1074_15F432(Salonah),26.445833,92.975,2013-08-12,0.0,NORMAL,0.0,N/A,NORMAL,,False,,False,,NORMAL,0
Guwahati,13,ISRO1069_15F42D(TRA. Dikom),27.466667,95.08889,2013-08-12,0.0,NORMAL,0.0,N/A,NORMAL,,False,,False,,NORMAL,0
Guwahati,13,ISRO1112_15F458(President. Gharowa. Lumding),25.751112,93.178055,2013-08-12,1.0,NORMAL,0.0,N/A,NORMAL,,False,,False,,NORMAL,0
Guwahati,13,ISRO0067_15F043(NALBARI),26.4358333,91.335,2013-08-12,0.0,NORMAL,0.0,N/A,NORMAL,,False,,False,,NORMAL,0
Bagdogra,11,ISRO0066_15F042(GOSSAIGAON),26.3908333,89.9405555,2013-08-12,0.0,NORMAL,0.0,N/A,NORMAL,,False,,False,,NORMAL,0
Guwahati,13,ISRO1102_15F44E(North Guwhathi College. North Guwhathi),26.202223,91.715836,2013-08-12,0.0,NORMAL,0.0,N/A,NORMAL,,False,,False,,NORMAL,0
Lengpui,12,ISRO0069_15F045(ARUNACHAL),24.8541666,92.7388888,2013-08-12,0.0,NORMAL,0.0,N/A,NORMAL,,False,,False,,NORMAL,0
Guwahati,13,ISRO1106_15F452(Rangiya Degree College. Rangiya),26.426945,91.61389,2013-08-13,0.0,NORMAL,0.0,N/A,NORMAL,,False,,False,,NORMAL,0
Lengpui,12,ISRO0069_15F045(ARUNACHAL),24.8541666,92.7388888,2013-08-13,0.0,NORMAL,0.0,N/A,NORMAL,,False,,False,,NORMAL,0
Guwahati,13,ISRO1069_15F42D(TRA. Dikom),27.466667,95.08889,2013-08-13,0.0,NORMAL,0.0,N/A,NORMAL,,False,,False,,NORMAL,0
Guwahati,13,ISRO0076_15F04C(Dhubri),26.023333,89.96917,2013-08-13,0.0,NORMAL,0.0,N/A,NORMAL,,False,,False,,NORMAL,0
Guwahati,13,ISRO1102_15F44E(North Guwhathi College. North Guwhathi),26.202223,91.715836,2013-08-13,0.0,NORMAL,0.0,N/A,NORMAL,,False,,False,,NORMAL,0
Guwahati,13,ISRO0067_15F043(NALBARI),26.4358333,91.335,2013-08-13,0.0,NORMAL,0.0,N/A,NORMAL,,False,,False,,NORMAL,0
Guwahati,13,ISRO1112_15F458(President. Gharowa. Lumding),25.751112,93.178055,2013-08-13,0.0,NORMAL,0.0,N/A,NORMAL,,False,,False,,NORMAL,0
Guwahati,13,ISRO1104_15F450(Dhemaji Degree College. Dhemaji),27.475555,94.55167,2013-08-13,0.0,NORMAL,0.0,N/A,NORMAL,,False,,False,,NORMAL,0
Guwahati,13,ISRO1071_15F42F(Ananda),27.44861,94.22945,2013-08-13,0.0,NORMAL,0.0,N/A,NORMAL,,False,,False,,NORMAL,0
Guwahati,13,ISRO1074_15F432(Salonah),26.445833,92.975,2013-08-13,0.0,NORMAL,0.0,N/A,NORMAL,,False,,False,,NORMAL,0
Bagdogra,11,ISRO0066_15F042(GOSSAIGAON),26.3908333,89.9405555,2013-08-13,0.0,NORMAL,0.0,N/A,NORMAL,,False,,False,,NORMAL,0
Guwahati,13,ISRO0062_15F03E(LAKHIMPUR),27.2041666,94.1069444,2013-08-13,0.0,NORMAL,0.0,N/A,NORMAL,,False,,False,,NORMAL,0
Guwahati,13,ISRO1102_15F44E(North Guwhathi College. North Guwhathi),26.202223,91.715836,2013-08-14,0.0,NORMAL,0.0,N/A,NORMAL,,False,,False,,NORMAL,0
Guwahati,13,ISRO1112_15F458(President. Gharowa. Lumding),25.751112,93.178055,2013-08-14,0.0,NORMAL,0.0,N/A,NORMAL,,False,,False,,NORMAL,0
Guwahati,13,ISRO1106_15F452(Rangiya Degree College. Rangiya),26.426945,91.61389,2013-08-14,0.0,NORMAL,0.0,N/A,NORMAL,,False,,False,,NORMAL,0
Bagdogra,11,ISRO0066_15F042(GOSSAIGAON),26.3908333,89.9405555,2013-08-14,0.0,NORMAL,0.0,N/A,NORMAL,,False,,False,,NORMAL,0
Lengpui,12,ISRO0069_15F045(ARUNACHAL),24.8541666,92.7388888,2013-08-14,0.0,NORMAL,0.0,N/A,NORMAL,,False,,False,,NORMAL,0
Guwahati,13,ISRO1074_15F432(Salonah),26.445833,92.975,2013-08-14,0.0,NORMAL,0.0,N/A,NORMAL,,False,,False,,NORMAL,0
Guwahati,13,ISRO1071_15F42F(Ananda),27.44861,94.22945,2013-08-14,0.0,NORMAL,0.0,N/A,NORMAL,,False,,False,,NORMAL,0
Guwahati,13,ISRO1069_15F42D(TRA. Dikom),27.466667,95.08889,2013-08-14,0.0,NORMAL,0.0,N/A,NORMAL,,False,,False,,NORMAL,0
Guwahati,13,ISRO0076_15F04C(Dhubri),26.023333,89.96917,2013-08-14,0.0,NORMAL,0.0,N/A,NORMAL,,False,,False,,NORMAL,0
Guwahati,13,ISRO1104_15F450(Dhemaji Degree College. Dhemaji),27.475555,94.55167,2013-08-14,0.0,NORMAL,0.0,N/A,NORMAL,,False,,False,,NORMAL,0
Guwahati,13,ISRO0067_15F043(NALBARI),26.4358333,91.335,2013-08-14,0.0,NORMAL,0.0,N/A,NORMAL,,False,,False,,NORMAL,0
Bagdogra,11,ISRO0066_15F042(GOSSAIGAON),26.3908333,89.9405555,2013-08-15,0.0,NORMAL,0.0,N/A,NORMAL,,False,,False,,NORMAL,0
Guwahati,13,ISRO1104_15F450(Dhemaji Degree College. Dhemaji),27.475555,94.55167,2013-08-15,0.0,NORMAL,0.0,N/A,NORMAL,,False,,False,,NORMAL,0
Lengpui,12,ISRO0069_15F045(ARUNACHAL),24.8541666,92.7388888,2013-08-15,0.0,NORMAL,0.0,N/A,NORMAL,,False,,False,,NORMAL,0
Guwahati,13,ISRO1102_15F44E(North Guwhathi College. North Guwhathi),26.202223,91.715836,2013-08-15,0.0,NORMAL,0.0,N/A,NORMAL,,False,,False,,NORMAL,0
Guwahati,13,ISRO1074_15F432(Salonah),26.445833,92.975,2013-08-15,0.0,NORMAL,0.0,N/A,NORMAL,,False,,False,,NORMAL,0
Guwahati,13,ISRO1112_15F458(President. Gharowa. Lumding),25.751112,93.178055,2013-08-15,0.0,NORMAL,0.0,N/A,NORMAL,,False,,False,,NORMAL,0
Guwahati,13,ISRO1106_15F452(Rangiya Degree College. Rangiya),26.426945,91.61389,2013-08-15,0.0,NORMAL,0.0,N/A,NORMAL,,False,,False,,NORMAL,0
Guwahati,13,ISRO0076_15F04C(Dhubri),26.023333,89.96917,2013-08-15,0.0,NORMAL,0.0,N/A,NORMAL,,False,,False,,NORMAL,0
Guwahati,13,ISRO0067_15F043(NALBARI),26.4358333,91.335,2013-08-15,0.0,NORMAL,0.0,N/A,NORMAL,,False,,False,,NORMAL,0
Guwahati,13,ISRO1069_15F42D(TRA. Dikom),27.466667,95.08889,2013-08-15,0.0,NORMAL,0.0,N/A,NORMAL,,False,,False,,NORMAL,0
Guwahati,13,ISRO1068_15F42C(TRA. Jorhat),26.730833,94.22667,2013-09-03,0.0,NORMAL,0.0,N/A,NORMAL,,False,,False,,NORMAL,0
Guwahati,13,ISRO1104_15F450(Dhemaji Degree College. Dhemaji),27.475555,94.55167,2013-09-03,8.0,NORMAL,0.0,N/A,NORMAL,,False,,False,,NORMAL,0
Guwahati,13,ISRO1112_15F458(President. Gharowa. Lumding),25.751112,93.178055,2013-09-03,20.0,NORMAL,0.0,N/A,NORMAL,,False,,False,,NORMAL,0
Bagdogra,11,ISRO0066_15F042(GOSSAIGAON),26.3908333,89.9405555,2013-09-03,16.0,NORMAL,0.0,N/A,NORMAL,,False,,False,,NORMAL,0
Guwahati,13,ISRO0076_15F04C(Dhubri),26.023333,89.96917,2013-09-03,14.0,NORMAL,0.0,N/A,NORMAL,,False,,False,,NORMAL,0
Guwahati,13,ISRO1071_15F42F(Ananda),27.44861,94.22945,2013-09-03,16.0,NORMAL,0.0,N/A,NORMAL,,False,,False,,NORMAL,0
Guwahati,13,ISRO0062_15F03E(LAKHIMPUR),27.2041666,94.1069444,2013-09-03,4.0,NORMAL,0.0,N/A,NORMAL,,False,,False,,NORMAL,0
Guwahati,13,ISRO1106_15F452(Rangiya Degree College. Rangiya),26.426945,91.61389,2013-09-03,12.0,NORMAL,0.0,N/A,NORMAL,,False,,False,,NORMAL,0
Guwahati,13,ISRO1069_15F42D(TRA. Dikom),27.466667,95.08889,2013-09-03,5.0,NORMAL,0.0,N/A,NORMAL,,False,,False,,NORMAL,0
Guwahati,13,ISRO1102_15F44E(North Guwhathi College. North Guwhathi),26.202223,91.715836,2013-09-03,0.0,NORMAL,0.0,N/A,NORMAL,,False,,False,,NORMAL,0
Lengpui,12,ISRO0069_15F045(ARUNACHAL),24.8541666,92.7388888,2013-09-03,5.0,NORMAL,0.0,N/A,NORMAL,,False,,False,,NORMAL,0
Guwahati,13,ISRO1074_15F432(Salonah),26.445833,92.975,2013-09-03,7.0,NORMAL,0.0,N/A,NORMAL,,False,,False,,NORMAL,0
Guwahati,13,ISRO0067_15F043(NALBARI),26.4358333,91.335,2013-09-04,0.0,NORMAL,0.0,N/A,NORMAL,,False,,False,,NORMAL,0
Guwahati,13,ISRO1071_15F42F(Ananda),27.44861,94.22945,2013-09-04,92.0,T2,0.9348,COARSE,CLOUDBURST_CANDIDATE,L=0.935 | R_core=92.0mm | R_bg=6.0mm (nearest_proxy (452km)) | scale=COARSE | gradient: [ZC:30km=49.0mm] [ZC:32km=118.0mm] [ZC:80km=0.0mm] [ZC:85km=43.0mm] [ZC:167km=28.0mm] [ZC:216km=94.0mm] [ZC:283km=16.0mm] [ZC:285km=0.0mm] [ZC:308km=0.0mm] [ZC:325km=92.0mm] [ZC:441km=11.0mm] [ZC:452km=6.0mm],False,no_iwv_buildup (delta=-1.0mm < 2.0mm threshold),False,offline_verification,CANDIDATE_CLOUDBURST,12
Guwahati,13,ISRO1074_15F432(Salonah),26.445833,92.975,2013-09-04,28.0,NORMAL,0.0,N/A,NORMAL,,False,,False,,NORMAL,0
Lengpui,12,ISRO0069_15F045(ARUNACHAL),24.8541666,92.7388888,2013-09-04,92.0,T2,0.5326,COARSE,CLOUDBURST_CANDIDATE,L=0.533 | R_core=92.0mm | R_bg=43.0mm (nearest_proxy (373km)) | scale=COARSE | gradient: [ZC:109km=94.0mm] [ZC:179km=28.0mm] [ZC:182km=0.0mm] [ZC:208km=16.0mm] [ZC:225km=0.0mm] [ZC:256km=0.0mm] [ZC:295km=49.0mm] [ZC:307km=6.0mm] [ZC:325km=92.0mm] [ZC:328km=11.0mm] [ZC:343km=118.0mm] [ZC:373km=43.0mm],False,no_iwv_buildup (delta=0.6mm < 2.0mm threshold),False,offline_verification,CANDIDATE_CLOUDBURST,12
Guwahati,13,ISRO1102_15F44E(North Guwhathi College. North Guwhathi),26.202223,91.715836,2013-09-04,0.0,NORMAL,0.0,N/A,NORMAL,,False,,False,,NORMAL,0
Guwahati,13,ISRO1068_15F42C(TRA. Jorhat),26.730833,94.22667,2013-09-04,0.0,NORMAL,0.0,N/A,NORMAL,,False,,False,,NORMAL,0
Guwahati,13,ISRO1106_15F452(Rangiya Degree College. Rangiya),26.426945,91.61389,2013-09-04,16.0,NORMAL,0.0,N/A,NORMAL,,False,,False,,NORMAL,0
Guwahati,13,ISRO0062_15F03E(LAKHIMPUR),27.2041666,94.1069444,2013-09-04,49.0,T2,0.8776,COARSE,CLOUDBURST_CANDIDATE,L=0.878 | R_core=49.0mm | R_bg=6.0mm (nearest_proxy (432km)) | scale=COARSE | gradient: [ZC:30km=92.0mm] [ZC:53km=118.0mm] [ZC:54km=0.0mm] [ZC:101km=43.0mm] [ZC:140km=28.0mm] [ZC:186km=94.0mm] [ZC:262km=16.0mm] [ZC:262km=0.0mm] [ZC:288km=0.0mm] [ZC:295km=92.0mm] [ZC:423km=11.0mm] [ZC:432km=6.0mm],False,no_iwv_buildup (delta=-1.0mm < 2.0mm threshold),False,offline_verification,CANDIDATE_CLOUDBURST,12
Bagdogra,11,ISRO0066_15F042(GOSSAIGAON),26.3908333,89.9405555,2013-09-04,11.0,NORMAL,0.0,N/A,NORMAL,,False,,False,,NORMAL,0
Guwahati,13,ISRO1104_15F450(Dhemaji Degree College. Dhemaji),27.475555,94.55167,2013-09-04,118.0,T1,0.9492,COARSE,CLOUDBURST_CANDIDATE,L=0.949 | R_core=118.0mm | R_bg=6.0mm (nearest_proxy (483km)) | scale=COARSE | gradient: [ZC:32km=92.0mm] [ZC:53km=43.0mm] [ZC:53km=49.0mm] [ZC:89km=0.0mm] [ZC:194km=28.0mm] [ZC:235km=94.0mm] [ZC:314km=16.0mm] [ZC:315km=0.0mm] [ZC:339km=0.0mm] [ZC:343km=92.0mm] [ZC:473km=11.0mm] [ZC:483km=6.0mm],False,no_iwv_buildup (delta=-1.0mm < 2.0mm threshold),False,offline_verification,CANDIDATE_CLOUDBURST,12
Guwahati,13,ISRO1112_15F458(President. Gharowa. Lumding),25.751112,93.178055,2013-09-04,94.0,T2,0.883,COARSE,CLOUDBURST_CANDIDATE,L=0.883 | R_core=94.0mm | R_bg=11.0mm (nearest_proxy (331km)) | scale=COARSE | gradient: [ZC:80km=28.0mm] [ZC:109km=92.0mm] [ZC:151km=0.0mm] [ZC:155km=0.0mm] [ZC:173km=16.0mm] [ZC:186km=49.0mm] [ZC:199km=0.0mm] [ZC:216km=92.0mm] [ZC:235km=118.0mm] [ZC:269km=43.0mm] [ZC:322km=6.0mm] [ZC:331km=11.0mm],False,no_iwv_buildup (delta=-1.0mm < 2.0mm threshold),False,offline_verification,CANDIDATE_CLOUDBURST,12
Guwahati,13,ISRO1069_15F42D(TRA. Dikom),27.466667,95.08889,2013-09-04,43.0,T2,0.8605,COARSE,CLOUDBURST_CANDIDATE,L=0.860 | R_core=43.0mm | R_bg=6.0mm (nearest_proxy (533km)) | scale=COARSE | gradient: [ZC:53km=118.0mm] [ZC:85km=92.0mm] [ZC:101km=49.0mm] [ZC:118km=0.0mm] [ZC:238km=28.0mm] [ZC:269km=94.0mm] [ZC:363km=0.0mm] [ZC:363km=16.0mm] [ZC:373km=92.0mm] [ZC:389km=0.0mm] [ZC:524km=11.0mm] [ZC:533km=6.0mm],False,no_iwv_buildup (delta=-1.0mm < 2.0mm threshold),False,offline_verification,CANDIDATE_CLOUDBURST,12
Guwahati,13,ISRO0076_15F04C(Dhubri),26.023333,89.96917,2013-09-04,6.0,NORMAL,0.0,N/A,NORMAL,,False,,False,,NORMAL,0
Guwahati,13,ISRO1102_15F44E(North Guwhathi College. North Guwhathi),26.202223,91.715836,2013-09-05,0.0,NORMAL,0.0,N/A,NORMAL,,False,,False,,NORMAL,0
Guwahati,13,ISRO0067_15F043(NALBARI),26.4358333,91.335,2013-09-05,0.0,NORMAL,0.0,N/A,NORMAL,,False,,False,,NORMAL,0
Guwahati,13,ISRO0076_15F04C(Dhubri),26.023333,89.96917,2013-09-05,15.0,NORMAL,0.0,N/A,NORMAL,,False,,False,,NORMAL,0
Guwahati,13,ISRO1112_15F458(President. Gharowa. Lumding),25.751112,93.178055,2013-09-05,197.0,T1,0.0,COARSE,WIDESPREAD_HEAVY_RAIN,L=0.000 | R_core=197.0mm | R_bg=400.0mm (nearest_proxy (331km)) | scale=COARSE | gradient: [ZC:80km=31.0mm] [ZC:109km=400.0mm] [ZC:151km=164.0mm] [ZC:155km=0.0mm] [ZC:173km=65.0mm] [ZC:186km=0.0mm] [ZC:199km=0.0mm] [ZC:216km=205.0mm] [ZC:235km=261.0mm] [ZC:269km=15.0mm] [ZC:322km=15.0mm] [ZC:331km=400.0mm],False,no_iwv_buildup (delta=-4.8mm < 2.0mm threshold),False,offline_verification,WIDESPREAD_HEAVY_RAIN,12
Guwahati,13,ISRO1106_15F452(Rangiya Degree College. Rangiya),26.426945,91.61389,2013-09-05,65.0,T2,0.7692,COARSE,CLOUDBURST_CANDIDATE,L=0.769 | R_core=65.0mm | R_bg=15.0mm (nearest_proxy (363km)) | scale=COARSE | gradient: [ZC:27km=0.0mm] [ZC:28km=0.0mm] [ZC:136km=31.0mm] [ZC:167km=400.0mm] [ZC:170km=15.0mm] [ZC:173km=197.0mm] [ZC:208km=400.0mm] [ZC:262km=164.0mm] [ZC:262km=0.0mm] [ZC:283km=205.0mm] [ZC:314km=261.0mm] [ZC:363km=15.0mm],False,no_iwv_buildup (delta=-4.8mm < 2.0mm threshold),False,offline_verification,CANDIDATE_CLOUDBURST,12
Guwahati,13,ISRO1071_15F42F(Ananda),27.44861,94.22945,2013-09-05,205.0,T1,0.9268,COARSE,CLOUDBURST_CANDIDATE,L=0.927 | R_core=205.0mm | R_bg=15.0mm (nearest_proxy (452km)) | scale=COARSE | gradient: [ZC:30km=0.0mm] [ZC:32km=261.0mm] [ZC:80km=164.0mm] [ZC:85km=15.0mm] [ZC:167km=31.0mm] [ZC:216km=197.0mm] [ZC:283km=65.0mm] [ZC:285km=0.0mm] [ZC:308km=0.0mm] [ZC:325km=400.0mm] [ZC:441km=400.0mm] [ZC:452km=15.0mm],False,no_iwv_buildup (delta=-4.8mm < 2.0mm threshold),False,offline_verification,CANDIDATE_CLOUDBURST,12
Guwahati,13,ISRO1068_15F42C(TRA. Jorhat),26.730833,94.22667,2013-09-05,164.0,T1,0.9085,COARSE,CLOUDBURST_CANDIDATE,L=0.909 | R_core=164.0mm | R_bg=15.0mm (nearest_proxy (431km)) | scale=COARSE | gradient: [ZC:54km=0.0mm] [ZC:80km=205.0mm] [ZC:89km=261.0mm] [ZC:118km=15.0mm] [ZC:128km=31.0mm] [ZC:151km=197.0mm] [ZC:256km=400.0mm] [ZC:257km=0.0mm] [ZC:262km=65.0mm] [ZC:289km=0.0mm] [ZC:428km=400.0mm] [ZC:431km=15.0mm],False,no_iwv_buildup (delta=-4.8mm < 2.0mm threshold),False,offline_verification,CANDIDATE_CLOUDBURST,12
Guwahati,13,ISRO1104_15F450(Dhemaji Degree College. Dhemaji),27.475555,94.55167,2013-09-05,261.0,T1,0.9425,COARSE,CLOUDBURST_CANDIDATE,L=0.943 | R_core=261.0mm | R_bg=15.0mm (nearest_proxy (483km)) | scale=COARSE | gradient: [ZC:32km=205.0mm] [ZC:53km=15.0mm] [ZC:53km=0.0mm] [ZC:89km=164.0mm] [ZC:194km=31.0mm] [ZC:235km=197.0mm] [ZC:314km=65.0mm] [ZC:315km=0.0mm] [ZC:339km=0.0mm] [ZC:343km=400.0mm] [ZC:473km=400.0mm] [ZC:483km=15.0mm],False,no_iwv_buildup (delta=-4.8mm < 2.0mm threshold),False,offline_verification,CANDIDATE_CLOUDBURST,12
Bagdogra,11,ISRO0066_15F042(GOSSAIGAON),26.3908333,89.9405555,2013-09-05,400.0,T1,0.9625,COARSE,CLOUDBURST_CANDIDATE,L=0.963 | R_core=400.0mm | R_bg=15.0mm (nearest_proxy (524km)) | scale=COARSE | gradient: [ZC:41km=15.0mm] [ZC:139km=0.0mm] [ZC:167km=65.0mm] [ZC:178km=0.0mm] [ZC:302km=31.0mm] [ZC:328km=400.0mm] [ZC:331km=197.0mm] [ZC:423km=0.0mm] [ZC:428km=164.0mm] [ZC:441km=205.0mm] [ZC:473km=261.0mm] [ZC:524km=15.0mm],True,"buildup=6.5mm, drawdown=no (-0.4mm)",True,IWV_confirmed,CONFIRMED_CLOUDBURST,12
Lengpui,12,ISRO0069_15F045(ARUNACHAL),24.8541666,92.7388888,2013-09-05,400.0,T1,0.9625,COARSE,CLOUDBURST_CANDIDATE,L=0.963 | R_core=400.0mm | R_bg=15.0mm (nearest_proxy (373km)) | scale=COARSE | gradient: [ZC:109km=197.0mm] [ZC:179km=31.0mm] [ZC:182km=0.0mm] [ZC:208km=65.0mm] [ZC:225km=0.0mm] [ZC:256km=164.0mm] [ZC:295km=0.0mm] [ZC:307km=15.0mm] [ZC:325km=205.0mm] [ZC:328km=400.0mm] [ZC:343km=261.0mm] [ZC:373km=15.0mm],True,"buildup=5.8mm, drawdown=yes (0.9mm)",True,IWV_confirmed,CONFIRMED_CLOUDBURST,12
Guwahati,13,ISRO1074_15F432(Salonah),26.445833,92.975,2013-09-05,31.0,T2,0.5161,COARSE,CLOUDBURST_CANDIDATE,L=0.516 | R_core=31.0mm | R_bg=15.0mm (nearest_proxy (303km)) | scale=COARSE | gradient: [ZC:80km=197.0mm] [ZC:128km=0.0mm] [ZC:128km=164.0mm] [ZC:136km=65.0mm] [ZC:140km=0.0mm] [ZC:163km=0.0mm] [ZC:167km=205.0mm] [ZC:179km=400.0mm] [ZC:194km=261.0mm] [ZC:238km=15.0mm] [ZC:302km=400.0mm] [ZC:303km=15.0mm],False,no_iwv_buildup (delta=-4.8mm < 2.0mm threshold),False,offline_verification,CANDIDATE_CLOUDBURST,12
Guwahati,13,ISRO1069_15F42D(TRA. Dikom),27.466667,95.08889,2013-09-05,15.0,NORMAL,0.0,N/A,NORMAL,,False,,False,,NORMAL,0
Guwahati,13,ISRO0062_15F03E(LAKHIMPUR),27.2041666,94.1069444,2013-09-05,0.0,NORMAL,0.0,N/A,NORMAL,,False,,False,,NORMAL,0
Bagdogra,11,ISRO0066_15F042(GOSSAIGAON),26.3908333,89.9405555,2013-09-06,46.0,T2,0.8478,COARSE,CLOUDBURST_CANDIDATE,L=0.848 | R_core=46.0mm | R_bg=7.0mm (nearest_proxy (524km)) | scale=COARSE | gradient: [ZC:41km=59.0mm] [ZC:139km=3.0mm] [ZC:167km=52.0mm] [ZC:178km=0.0mm] [ZC:302km=64.0mm] [ZC:331km=169.0mm] [ZC:423km=1.0mm] [ZC:428km=5.0mm] [ZC:441km=27.0mm] [ZC:473km=290.0mm] [ZC:524km=7.0mm],False,no_iwv_buildup (delta=-6.2mm < 2.0mm threshold),False,offline_verification,CANDIDATE_CLOUDBURST,11
Guwahati,13,ISRO1069_15F42D(TRA. Dikom),27.466667,95.08889,2013-09-06,7.0,NORMAL,0.0,N/A,NORMAL,,False,,False,,NORMAL,0
Guwahati,13,ISRO0062_15F03E(LAKHIMPUR),27.2041666,94.1069444,2013-09-06,1.0,NORMAL,0.0,N/A,NORMAL,,False,,False,,NORMAL,0
Guwahati,13,ISRO1074_15F432(Salonah),26.445833,92.975,2013-09-06,64.0,T2,0.0781,COARSE,WIDESPREAD_HEAVY_RAIN,L=0.078 | R_core=64.0mm | R_bg=59.0mm (nearest_proxy (303km)) | scale=COARSE | gradient: [ZC:80km=169.0mm] [ZC:128km=0.0mm] [ZC:128km=5.0mm] [ZC:136km=52.0mm] [ZC:140km=1.0mm] [ZC:163km=3.0mm] [ZC:167km=27.0mm] [ZC:194km=290.0mm] [ZC:238km=7.0mm] [ZC:302km=46.0mm] [ZC:303km=59.0mm],True,"buildup=11.3mm, drawdown=no (-0.6mm)",True,IWV_confirmed,WIDESPREAD_HEAVY_RAIN,11
Guwahati,13,ISRO1106_15F452(Rangiya Degree College. Rangiya),26.426945,91.61389,2013-09-06,52.0,T2,0.8654,COARSE,CLOUDBURST_CANDIDATE,L=0.865 | R_core=52.0mm | R_bg=7.0mm (nearest_proxy (363km)) | scale=COARSE | gradient: [ZC:27km=0.0mm] [ZC:28km=3.0mm] [ZC:136km=64.0mm] [ZC:167km=46.0mm] [ZC:170km=59.0mm] [ZC:173km=169.0mm] [ZC:262km=5.0mm] [ZC:262km=1.0mm] [ZC:283km=27.0mm] [ZC:314km=290.0mm] [ZC:363km=7.0mm],True,"buildup=11.3mm, drawdown=no (-0.6mm)",True,IWV_confirmed,CONFIRMED_CLOUDBURST,11
Guwahati,13,ISRO1102_15F44E(North Guwhathi College. North Guwhathi),26.202223,91.715836,2013-09-06,0.0,NORMAL,0.0,N/A,NORMAL,,False,,False,,NORMAL,0
Guwahati,13,ISRO1068_15F42C(TRA. Jorhat),26.730833,94.22667,2013-09-06,5.0,NORMAL,0.0,N/A,NORMAL,,False,,False,,NORMAL,0
Guwahati,13,ISRO1071_15F42F(Ananda),27.44861,94.22945,2013-09-06,27.0,NORMAL,0.0,N/A,NORMAL,,False,,False,,NORMAL,0
Guwahati,13,ISRO0076_15F04C(Dhubri),26.023333,89.96917,2013-09-06,59.0,T2,0.8814,COARSE,CLOUDBURST_CANDIDATE,L=0.881 | R_core=59.0mm | R_bg=7.0mm (nearest_proxy (533km)) | scale=COARSE | gradient: [ZC:41km=46.0mm] [ZC:144km=3.0mm] [ZC:170km=52.0mm] [ZC:176km=0.0mm] [ZC:303km=64.0mm] [ZC:322km=169.0mm] [ZC:431km=5.0mm] [ZC:432km=1.0mm] [ZC:452km=27.0mm] [ZC:483km=290.0mm] [ZC:533km=7.0mm],True,"buildup=11.3mm, drawdown=no (-0.6mm)",True,IWV_confirmed,CONFIRMED_CLOUDBURST,11
Guwahati,13,ISRO1112_15F458(President. Gharowa. Lumding),25.751112,93.178055,2013-09-06,169.0,T1,0.7278,COARSE,CLOUDBURST_CANDIDATE,L=0.728 | R_core=169.0mm | R_bg=46.0mm (nearest_proxy (331km)) | scale=COARSE | gradient: [ZC:80km=64.0mm] [ZC:151km=5.0mm] [ZC:155km=0.0mm] [ZC:173km=52.0mm] [ZC:186km=1.0mm] [ZC:199km=3.0mm] [ZC:216km=27.0mm] [ZC:235km=290.0mm] [ZC:269km=7.0mm] [ZC:322km=59.0mm] [ZC:331km=46.0mm],True,"buildup=11.3mm, drawdown=no (-0.6mm)",True,IWV_confirmed,CONFIRMED_CLOUDBURST,11
Guwahati,13,ISRO1104_15F450(Dhemaji Degree College. Dhemaji),27.475555,94.55167,2013-09-06,290.0,T1,0.7966,COARSE,CLOUDBURST_CANDIDATE,L=0.797 | R_core=290.0mm | R_bg=59.0mm (nearest_proxy (483km)) | scale=COARSE | gradient: [ZC:32km=27.0mm] [ZC:53km=7.0mm] [ZC:53km=1.0mm] [ZC:89km=5.0mm] [ZC:194km=64.0mm] [ZC:235km=169.0mm] [ZC:314km=52.0mm] [ZC:315km=0.0mm] [ZC:339km=3.0mm] [ZC:473km=46.0mm] [ZC:483km=59.0mm],True,"buildup=11.3mm, drawdown=no (-0.6mm)",True,IWV_confirmed,CONFIRMED_CLOUDBURST,11
Guwahati,13,ISRO0062_15F03E(LAKHIMPUR),27.2041666,94.1069444,2013-09-07,0.0,NORMAL,0.0,N/A,NORMAL,,False,,False,,NORMAL,0
Lengpui,12,ISRO0069_15F045(ARUNACHAL),24.8541666,92.7388888,2013-09-07,0.0,NORMAL,0.0,N/A,NORMAL,,False,,False,,NORMAL,0
Guwahati,13,ISRO1104_15F450(Dhemaji Degree College. Dhemaji),27.475555,94.55167,2013-09-07,0.0,NORMAL,0.0,N/A,NORMAL,,False,,False,,NORMAL,0
Guwahati,13,ISRO1069_15F42D(TRA. Dikom),27.466667,95.08889,2013-09-07,0.0,NORMAL,0.0,N/A,NORMAL,,False,,False,,NORMAL,0
Guwahati,13,ISRO1112_15F458(President. Gharowa. Lumding),25.751112,93.178055,2013-09-07,0.0,NORMAL,0.0,N/A,NORMAL,,False,,False,,NORMAL,0
Guwahati,13,ISRO1068_15F42C(TRA. Jorhat),26.730833,94.22667,2013-09-07,0.0,NORMAL,0.0,N/A,NORMAL,,False,,False,,NORMAL,0
Guwahati,13,ISRO1106_15F452(Rangiya Degree College. Rangiya),26.426945,91.61389,2013-09-07,0.0,NORMAL,0.0,N/A,NORMAL,,False,,False,,NORMAL,0
Bagdogra,11,ISRO0066_15F042(GOSSAIGAON),26.3908333,89.9405555,2013-09-07,0.0,NORMAL,0.0,N/A,NORMAL,,False,,False,,NORMAL,0
Guwahati,13,ISRO1071_15F42F(Ananda),27.44861,94.22945,2013-09-07,0.0,NORMAL,0.0,N/A,NORMAL,,False,,False,,NORMAL,0
Guwahati,13,ISRO1106_15F452(Rangiya Degree College. Rangiya),26.426945,91.61389,2013-09-08,246.0,T1,0.9756,COARSE,CLOUDBURST_CANDIDATE,L=0.976 | R_core=246.0mm | R_bg=6.0mm (nearest_proxy (363km)) | scale=COARSE | gradient: [ZC:27km=0.0mm] [ZC:28km=0.0mm] [ZC:170km=21.0mm] [ZC:208km=0.0mm] [ZC:262km=0.0mm] [ZC:262km=0.0mm] [ZC:283km=15.0mm] [ZC:363km=6.0mm],False,no_iwv_buildup (delta=-0.4mm < 2.0mm threshold),False,offline_verification,CANDIDATE_CLOUDBURST,8
Guwahati,13,ISRO0067_15F043(NALBARI),26.4358333,91.335,2013-09-08,0.0,NORMAL,0.0,N/A,NORMAL,,False,,False,,NORMAL,0
Guwahati,13,ISRO1069_15F42D(TRA. Dikom),27.466667,95.08889,2013-09-08,6.0,NORMAL,0.0,N/A,NORMAL,,False,,False,,NORMAL,0
Guwahati,13,ISRO1071_15F42F(Ananda),27.44861,94.22945,2013-09-08,15.0,NORMAL,0.0,N/A,NORMAL,,False,,False,,NORMAL,0
Guwahati,13,ISRO1068_15F42C(TRA. Jorhat),26.730833,94.22667,2013-09-08,0.0,NORMAL,0.0,N/A,NORMAL,,False,,False,,NORMAL,0
Lengpui,12,ISRO0069_15F045(ARUNACHAL),24.8541666,92.7388888,2013-09-08,0.0,NORMAL,0.0,N/A,NORMAL,,False,,False,,NORMAL,0
Guwahati,13,ISRO0076_15F04C(Dhubri),26.023333,89.96917,2013-09-08,21.0,NORMAL,0.0,N/A,NORMAL,,False,,False,,NORMAL,0
Guwahati,13,ISRO1104_15F450(Dhemaji Degree College. Dhemaji),27.475555,94.55167,2013-09-09,0.0,NORMAL,0.0,N/A,NORMAL,,False,,False,,NORMAL,0
Guwahati,13,ISRO1106_15F452(Rangiya Degree College. Rangiya),26.426945,91.61389,2013-09-09,0.0,NORMAL,0.0,N/A,NORMAL,,False,,False,,NORMAL,0
Guwahati,13,ISRO1112_15F458(President. Gharowa. Lumding),25.751112,93.178055,2013-09-09,0.0,NORMAL,0.0,N/A,NORMAL,,False,,False,,NORMAL,0
Guwahati,13,ISRO1074_15F432(Salonah),26.445833,92.975,2013-09-09,0.0,NORMAL,0.0,N/A,NORMAL,,False,,False,,NORMAL,0
Guwahati,13,ISRO1102_15F44E(North Guwhathi College. North Guwhathi),26.202223,91.715836,2013-09-09,0.0,NORMAL,0.0,N/A,NORMAL,,False,,False,,NORMAL,0
Lengpui,12,ISRO0069_15F045(ARUNACHAL),24.8541666,92.7388888,2013-09-09,0.0,NORMAL,0.0,N/A,NORMAL,,False,,False,,NORMAL,0
Guwahati,13,ISRO1069_15F42D(TRA. Dikom),27.466667,95.08889,2013-09-09,0.0,NORMAL,0.0,N/A,NORMAL,,False,,False,,NORMAL,0
Guwahati,13,ISRO0067_15F043(NALBARI),26.4358333,91.335,2013-09-09,0.0,NORMAL,0.0,N/A,NORMAL,,False,,False,,NORMAL,0
Guwahati,13,ISRO0062_15F03E(LAKHIMPUR),27.2041666,94.1069444,2013-09-09,0.0,NORMAL,0.0,N/A,NORMAL,,False,,False,,NORMAL,0
Bagdogra,11,ISRO0066_15F042(GOSSAIGAON),26.3908333,89.9405555,2013-09-09,0.0,NORMAL,0.0,N/A,NORMAL,,False,,False,,NORMAL,0
Guwahati,13,ISRO0076_15F04C(Dhubri),26.023333,89.96917,2013-09-09,0.0,NORMAL,0.0,N/A,NORMAL,,False,,False,,NORMAL,0
Guwahati,13,ISRO1068_15F42C(TRA. Jorhat),26.730833,94.22667,2013-09-09,0.0,NORMAL,0.0,N/A,NORMAL,,False,,False,,NORMAL,0
Guwahati,13,ISRO1071_15F42F(Ananda),27.44861,94.22945,2013-09-09,0.0,NORMAL,0.0,N/A,NORMAL,,False,,False,,NORMAL,0
Guwahati,13,ISRO1102_15F44E(North Guwhathi College. North Guwhathi),26.202223,91.715836,2013-09-10,400.0,T1,0.66,COARSE,CLOUDBURST_CANDIDATE,L=0.660 | R_core=400.0mm | R_bg=136.0mm (nearest_proxy (363km)) | scale=COARSE | gradient: [ZC:46km=66.0mm] [ZC:128km=177.0mm] [ZC:155km=132.0mm] [ZC:176km=12.0mm] [ZC:178km=400.0mm] [ZC:262km=0.0mm] [ZC:285km=70.0mm] [ZC:315km=400.0mm] [ZC:363km=136.0mm],False,no_iwv_buildup (delta=0.0mm < 2.0mm threshold),False,offline_verification,CANDIDATE_CLOUDBURST,9
Guwahati,13,ISRO1074_15F432(Salonah),26.445833,92.975,2013-09-10,177.0,T1,0.9322,COARSE,CLOUDBURST_CANDIDATE,L=0.932 | R_core=177.0mm | R_bg=12.0mm (nearest_proxy (303km)) | scale=COARSE | gradient: [ZC:80km=132.0mm] [ZC:128km=400.0mm] [ZC:140km=0.0mm] [ZC:163km=66.0mm] [ZC:167km=70.0mm] [ZC:194km=400.0mm] [ZC:238km=136.0mm] [ZC:302km=400.0mm] [ZC:303km=12.0mm],False,no_iwv_buildup (delta=0.0mm < 2.0mm threshold),False,offline_verification,CANDIDATE_CLOUDBURST,9
Bagdogra,11,ISRO0066_15F042(GOSSAIGAON),26.3908333,89.9405555,2013-09-10,400.0,T1,0.66,COARSE,CLOUDBURST_CANDIDATE,L=0.660 | R_core=400.0mm | R_bg=136.0mm (nearest_proxy (524km)) | scale=COARSE | gradient: [ZC:41km=12.0mm] [ZC:139km=66.0mm] [ZC:178km=400.0mm] [ZC:302km=177.0mm] [ZC:331km=132.0mm] [ZC:423km=0.0mm] [ZC:441km=70.0mm] [ZC:473km=400.0mm] [ZC:524km=136.0mm],False,no_iwv_buildup (delta=-0.6mm < 2.0mm threshold),False,offline_verification,CANDIDATE_CLOUDBURST,9
Guwahati,13,ISRO0067_15F043(NALBARI),26.4358333,91.335,2013-09-10,66.0,T2,0.0,COARSE,WIDESPREAD_HEAVY_RAIN,L=0.000 | R_core=66.0mm | R_bg=136.0mm (nearest_proxy (389km)) | scale=COARSE | gradient: [ZC:46km=400.0mm] [ZC:139km=400.0mm] [ZC:144km=12.0mm] [ZC:163km=177.0mm] [ZC:199km=132.0mm] [ZC:288km=0.0mm] [ZC:308km=70.0mm] [ZC:339km=400.0mm] [ZC:389km=136.0mm],False,no_iwv_buildup (delta=0.0mm < 2.0mm threshold),False,offline_verification,WIDESPREAD_HEAVY_RAIN,9
Guwahati,13,ISRO1069_15F42D(TRA. Dikom),27.466667,95.08889,2013-09-10,136.0,T1,0.9118,COARSE,CLOUDBURST_CANDIDATE,L=0.912 | R_core=136.0mm | R_bg=12.0mm (nearest_proxy (533km)) | scale=COARSE | gradient: [ZC:53km=400.0mm] [ZC:85km=70.0mm] [ZC:101km=0.0mm] [ZC:238km=177.0mm] [ZC:269km=132.0mm] [ZC:363km=400.0mm] [ZC:389km=66.0mm] [ZC:524km=400.0mm] [ZC:533km=12.0mm],False,no_iwv_buildup (delta=0.0mm < 2.0mm threshold),False,offline_verification,CANDIDATE_CLOUDBURST,9
Guwahati,13,ISRO0062_15F03E(LAKHIMPUR),27.2041666,94.1069444,2013-09-10,0.0,NORMAL,0.0,N/A,NORMAL,,False,,False,,NORMAL,0
Guwahati,13,ISRO1112_15F458(President. Gharowa. Lumding),25.751112,93.178055,2013-09-10,132.0,T1,0.0,COARSE,WIDESPREAD_HEAVY_RAIN,L=0.000 | R_core=132.0mm | R_bg=400.0mm (nearest_proxy (331km)) | scale=COARSE | gradient: [ZC:80km=177.0mm] [ZC:155km=400.0mm] [ZC:186km=0.0mm] [ZC:199km=66.0mm] [ZC:216km=70.0mm] [ZC:235km=400.0mm] [ZC:269km=136.0mm] [ZC:322km=12.0mm] [ZC:331km=400.0mm],False,no_iwv_buildup (delta=0.0mm < 2.0mm threshold),False,offline_verification,WIDESPREAD_HEAVY_RAIN,9
Guwahati,13,ISRO1104_15F450(Dhemaji Degree College. Dhemaji),27.475555,94.55167,2013-09-10,400.0,T1,0.97,COARSE,CLOUDBURST_CANDIDATE,L=0.970 | R_core=400.0mm | R_bg=12.0mm (nearest_proxy (483km)) | scale=COARSE | gradient: [ZC:32km=70.0mm] [ZC:53km=136.0mm] [ZC:53km=0.0mm] [ZC:194km=177.0mm] [ZC:235km=132.0mm] [ZC:315km=400.0mm] [ZC:339km=66.0mm] [ZC:473km=400.0mm] [ZC:483km=12.0mm],False,no_iwv_buildup (delta=0.0mm < 2.0mm threshold),False,offline_verification,CANDIDATE_CLOUDBURST,9
Guwahati,13,ISRO1071_15F42F(Ananda),27.44861,94.22945,2013-09-10,70.0,T2,0.8286,COARSE,CLOUDBURST_CANDIDATE,L=0.829 | R_core=70.0mm | R_bg=12.0mm (nearest_proxy (452km)) | scale=COARSE | gradient: [ZC:30km=0.0mm] [ZC:32km=400.0mm] [ZC:85km=136.0mm] [ZC:167km=177.0mm] [ZC:216km=132.0mm] [ZC:285km=400.0mm] [ZC:308km=66.0mm] [ZC:441km=400.0mm] [ZC:452km=12.0mm],False,no_iwv_buildup (delta=0.0mm < 2.0mm threshold),False,offline_verification,CANDIDATE_CLOUDBURST,9
Guwahati,13,ISRO1074_15F432(Salonah),26.445833,92.975,2013-09-11,22.0,NORMAL,0.0,N/A,NORMAL,,False,,False,,NORMAL,0
Guwahati,13,ISRO0067_15F043(NALBARI),26.4358333,91.335,2013-09-11,51.0,T2,0.1765,COARSE,WIDESPREAD_HEAVY_RAIN,L=0.176 | R_core=51.0mm | R_bg=42.0mm (nearest_proxy (389km)) | scale=COARSE | gradient: [ZC:28km=41.0mm] [ZC:46km=0.0mm] [ZC:139km=47.0mm] [ZC:144km=4.0mm] [ZC:163km=22.0mm] [ZC:199km=101.0mm] [ZC:288km=0.0mm] [ZC:308km=34.0mm] [ZC:339km=52.0mm] [ZC:389km=42.0mm],False,no_iwv_buildup (delta=0.1mm < 2.0mm threshold),False,offline_verification,WIDESPREAD_HEAVY_RAIN,10
Guwahati,13,ISRO0062_15F03E(LAKHIMPUR),27.2041666,94.1069444,2013-09-11,0.0,NORMAL,0.0,N/A,NORMAL,,False,,False,,NORMAL,0
Guwahati,13,ISRO1106_15F452(Rangiya Degree College. Rangiya),26.426945,91.61389,2013-09-11,41.0,T2,0.0,COARSE,WIDESPREAD_HEAVY_RAIN,L=0.000 | R_core=41.0mm | R_bg=42.0mm (nearest_proxy (363km)) | scale=COARSE | gradient: [ZC:27km=0.0mm] [ZC:28km=51.0mm] [ZC:136km=22.0mm] [ZC:167km=47.0mm] [ZC:170km=4.0mm] [ZC:173km=101.0mm] [ZC:262km=0.0mm] [ZC:283km=34.0mm] [ZC:314km=52.0mm] [ZC:363km=42.0mm],False,no_iwv_buildup (delta=0.1mm < 2.0mm threshold),False,offline_verification,WIDESPREAD_HEAVY_RAIN,10
Guwahati,13,ISRO1112_15F458(President. Gharowa. Lumding),25.751112,93.178055,2013-09-11,101.0,T1,0.5347,COARSE,CLOUDBURST_CANDIDATE,L=0.535 | R_core=101.0mm | R_bg=47.0mm (nearest_proxy (331km)) | scale=COARSE | gradient: [ZC:80km=22.0mm] [ZC:155km=0.0mm] [ZC:173km=41.0mm] [ZC:186km=0.0mm] [ZC:199km=51.0mm] [ZC:216km=34.0mm] [ZC:235km=52.0mm] [ZC:269km=42.0mm] [ZC:322km=4.0mm] [ZC:331km=47.0mm],False,no_iwv_buildup (delta=0.1mm < 2.0mm threshold),False,offline_verification,CANDIDATE_CLOUDBURST,10
Guwahati,13,ISRO1071_15F42F(Ananda),27.44861,94.22945,2013-09-11,34.0,T2,0.8824,COARSE,CLOUDBURST_CANDIDATE,L=0.882 | R_core=34.0mm | R_bg=4.0mm (nearest_proxy (452km)) | scale=COARSE | gradient: [ZC:30km=0.0mm] [ZC:32km=52.0mm] [ZC:85km=42.0mm] [ZC:167km=22.0mm] [ZC:216km=101.0mm] [ZC:283km=41.0mm] [ZC:285km=0.0mm] [ZC:308km=51.0mm] [ZC:441km=47.0mm] [ZC:452km=4.0mm],False,no_iwv_buildup (delta=0.1mm < 2.0mm threshold),False,offline_verification,CANDIDATE_CLOUDBURST,10
Guwahati,13,ISRO1104_15F450(Dhemaji Degree College. Dhemaji),27.475555,94.55167,2013-09-11,52.0,T2,0.9231,COARSE,CLOUDBURST_CANDIDATE,L=0.923 | R_core=52.0mm | R_bg=4.0mm (nearest_proxy (483km)) | scale=COARSE | gradient: [ZC:32km=34.0mm] [ZC:53km=42.0mm] [ZC:53km=0.0mm] [ZC:194km=22.0mm] [ZC:235km=101.0mm] [ZC:314km=41.0mm] [ZC:315km=0.0mm] [ZC:339km=51.0mm] [ZC:473km=47.0mm] [ZC:483km=4.0mm],False,no_iwv_buildup (delta=0.1mm < 2.0mm threshold),False,offline_verification,CANDIDATE_CLOUDBURST,10
Bagdogra,11,ISRO0066_15F042(GOSSAIGAON),26.3908333,89.9405555,2013-09-11,47.0,T2,0.1064,COARSE,WIDESPREAD_HEAVY_RAIN,L=0.106 | R_core=47.0mm | R_bg=42.0mm (nearest_proxy (524km)) | scale=COARSE | gradient: [ZC:41km=4.0mm] [ZC:139km=51.0mm] [ZC:167km=41.0mm] [ZC:178km=0.0mm] [ZC:302km=22.0mm] [ZC:331km=101.0mm] [ZC:423km=0.0mm] [ZC:441km=34.0mm] [ZC:473km=52.0mm] [ZC:524km=42.0mm],False,no_iwv_buildup (delta=-4.4mm < 2.0mm threshold),False,offline_verification,WIDESPREAD_HEAVY_RAIN,10
Guwahati,13,ISRO1102_15F44E(North Guwhathi College. North Guwhathi),26.202223,91.715836,2013-09-11,0.0,NORMAL,0.0,N/A,NORMAL,,False,,False,,NORMAL,0
Guwahati,13,ISRO1069_15F42D(TRA. Dikom),27.466667,95.08889,2013-09-11,42.0,T2,0.9048,COARSE,CLOUDBURST_CANDIDATE,L=0.905 | R_core=42.0mm | R_bg=4.0mm (nearest_proxy (533km)) | scale=COARSE | gradient: [ZC:53km=52.0mm] [ZC:85km=34.0mm] [ZC:101km=0.0mm] [ZC:238km=22.0mm] [ZC:269km=101.0mm] [ZC:363km=0.0mm] [ZC:363km=41.0mm] [ZC:389km=51.0mm] [ZC:524km=47.0mm] [ZC:533km=4.0mm],False,no_iwv_buildup (delta=0.1mm < 2.0mm threshold),False,offline_verification,CANDIDATE_CLOUDBURST,10
Guwahati,13,ISRO1106_15F452(Rangiya Degree College. Rangiya),26.426945,91.61389,2013-09-12,0.0,NORMAL,0.0,N/A,NORMAL,,False,,False,,NORMAL,0
Bagdogra,11,ISRO0066_15F042(GOSSAIGAON),26.3908333,89.9405555,2013-09-12,0.0,NORMAL,0.0,N/A,NORMAL,,False,,False,,NORMAL,0
Guwahati,13,ISRO1104_15F450(Dhemaji Degree College. Dhemaji),27.475555,94.55167,2013-09-12,0.0,NORMAL,0.0,N/A,NORMAL,,False,,False,,NORMAL,0
Guwahati,13,ISRO0076_15F04C(Dhubri),26.023333,89.96917,2013-09-12,2.0,NORMAL,0.0,N/A,NORMAL,,False,,False,,NORMAL,0
Guwahati,13,ISRO1069_15F42D(TRA. Dikom),27.466667,95.08889,2013-09-12,0.0,NORMAL,0.0,N/A,NORMAL,,False,,False,,NORMAL,0
Guwahati,13,ISRO0067_15F043(NALBARI),26.4358333,91.335,2013-09-12,0.0,NORMAL,0.0,N/A,NORMAL,,False,,False,,NORMAL,0
Lengpui,12,ISRO0069_15F045(ARUNACHAL),24.8541666,92.7388888,2013-09-12,0.0,NORMAL,0.0,N/A,NORMAL,,False,,False,,NORMAL,0
Guwahati,13,ISRO1068_15F42C(TRA. Jorhat),26.730833,94.22667,2013-09-12,0.0,NORMAL,0.0,N/A,NORMAL,,False,,False,,NORMAL,0
Guwahati,13,ISRO0062_15F03E(LAKHIMPUR),27.2041666,94.1069444,2013-09-12,0.0,NORMAL,0.0,N/A,NORMAL,,False,,False,,NORMAL,0
Guwahati,13,ISRO1102_15F44E(North Guwhathi College. North Guwhathi),26.202223,91.715836,2013-09-12,0.0,NORMAL,0.0,N/A,NORMAL,,False,,False,,NORMAL,0
Guwahati,13,ISRO1071_15F42F(Ananda),27.44861,94.22945,2013-09-12,0.0,NORMAL,0.0,N/A,NORMAL,,False,,False,,NORMAL,0
Guwahati,13,ISRO1112_15F458(President. Gharowa. Lumding),25.751112,93.178055,2013-09-12,1.0,NORMAL,0.0,N/A,NORMAL,,False,,False,,NORMAL,0
Guwahati,13,ISRO1112_15F458(President. Gharowa. Lumding),25.751112,93.178055,2013-09-13,0.0,NORMAL,0.0,N/A,NORMAL,,False,,False,,NORMAL,0
Bagdogra,11,ISRO0066_15F042(GOSSAIGAON),26.3908333,89.9405555,2013-09-13,0.0,NORMAL,0.0,N/A,NORMAL,,False,,False,,NORMAL,0
Guwahati,13,ISRO0076_15F04C(Dhubri),26.023333,89.96917,2013-09-13,0.0,NORMAL,0.0,N/A,NORMAL,,False,,False,,NORMAL,0
Guwahati,13,ISRO0062_15F03E(LAKHIMPUR),27.2041666,94.1069444,2013-09-13,0.0,NORMAL,0.0,N/A,NORMAL,,False,,False,,NORMAL,0
Guwahati,13,ISRO1106_15F452(Rangiya Degree College. Rangiya),26.426945,91.61389,2013-09-13,0.0,NORMAL,0.0,N/A,NORMAL,,False,,False,,NORMAL,0
Lengpui,12,ISRO0069_15F045(ARUNACHAL),24.8541666,92.7388888,2013-09-13,0.0,NORMAL,0.0,N/A,NORMAL,,False,,False,,NORMAL,0
Guwahati,13,ISRO1104_15F450(Dhemaji Degree College. Dhemaji),27.475555,94.55167,2013-09-13,0.0,NORMAL,0.0,N/A,NORMAL,,False,,False,,NORMAL,0
Guwahati,13,ISRO1068_15F42C(TRA. Jorhat),26.730833,94.22667,2013-09-13,0.0,NORMAL,0.0,N/A,NORMAL,,False,,False,,NORMAL,0
Guwahati,13,ISRO1074_15F432(Salonah),26.445833,92.975,2013-09-13,0.0,NORMAL,0.0,N/A,NORMAL,,False,,False,,NORMAL,0
Guwahati,13,ISRO1071_15F42F(Ananda),27.44861,94.22945,2013-09-13,0.0,NORMAL,0.0,N/A,NORMAL,,False,,False,,NORMAL,0
Guwahati,13,ISRO1071_15F42F(Ananda),27.44861,94.22945,2013-09-14,0.0,NORMAL,0.0,N/A,NORMAL,,False,,False,,NORMAL,0
Guwahati,13,ISRO1074_15F432(Salonah),26.445833,92.975,2013-09-14,0.0,NORMAL,0.0,N/A,NORMAL,,False,,False,,NORMAL,0
Guwahati,13,ISRO1102_15F44E(North Guwhathi College. North Guwhathi),26.202223,91.715836,2013-09-14,0.0,NORMAL,0.0,N/A,NORMAL,,False,,False,,NORMAL,0
Guwahati,13,ISRO1104_15F450(Dhemaji Degree College. Dhemaji),27.475555,94.55167,2013-09-14,0.0,NORMAL,0.0,N/A,NORMAL,,False,,False,,NORMAL,0
Guwahati,13,ISRO0062_15F03E(LAKHIMPUR),27.2041666,94.1069444,2013-09-14,0.0,NORMAL,0.0,N/A,NORMAL,,False,,False,,NORMAL,0
Guwahati,13,ISRO1112_15F458(President. Gharowa. Lumding),25.751112,93.178055,2013-09-14,0.0,NORMAL,0.0,N/A,NORMAL,,False,,False,,NORMAL,0
Guwahati,13,ISRO1106_15F452(Rangiya Degree College. Rangiya),26.426945,91.61389,2013-09-14,0.0,NORMAL,0.0,N/A,NORMAL,,False,,False,,NORMAL,0
Guwahati,13,ISRO0067_15F043(NALBARI),26.4358333,91.335,2013-09-14,0.0,NORMAL,0.0,N/A,NORMAL,,False,,False,,NORMAL,0
Bagdogra,11,ISRO0066_15F042(GOSSAIGAON),26.3908333,89.9405555,2013-09-14,0.0,NORMAL,0.0,N/A,NORMAL,,False,,False,,NORMAL,0
Guwahati,13,ISRO1068_15F42C(TRA. Jorhat),26.730833,94.22667,2013-09-14,0.0,NORMAL,0.0,N/A,NORMAL,,False,,False,,NORMAL,0
Lengpui,12,ISRO0069_15F045(ARUNACHAL),24.8541666,92.7388888,2013-09-14,0.0,NORMAL,0.0,N/A,NORMAL,,False,,False,,NORMAL,0
Guwahati,13,ISRO1104_15F450(Dhemaji Degree College. Dhemaji),27.475555,94.55167,2013-09-15,0.0,NORMAL,0.0,N/A,NORMAL,,False,,False,,NORMAL,0
Guwahati,13,ISRO1074_15F432(Salonah),26.445833,92.975,2013-09-15,0.0,NORMAL,0.0,N/A,NORMAL,,False,,False,,NORMAL,0
Lengpui,12,ISRO0069_15F045(ARUNACHAL),24.8541666,92.7388888,2013-09-15,0.0,NORMAL,0.0,N/A,NORMAL,,False,,False,,NORMAL,0
Guwahati,13,ISRO1112_15F458(President. Gharowa. Lumding),25.751112,93.178055,2013-09-15,0.0,NORMAL,0.0,N/A,NORMAL,,False,,False,,NORMAL,0
Guwahati,13,ISRO1106_15F452(Rangiya Degree College. Rangiya),26.426945,91.61389,2013-09-15,0.0,NORMAL,0.0,N/A,NORMAL,,False,,False,,NORMAL,0
Bagdogra,11,ISRO0066_15F042(GOSSAIGAON),26.3908333,89.9405555,2013-09-15,0.0,NORMAL,0.0,N/A,NORMAL,,False,,False,,NORMAL,0
Guwahati,13,ISRO1102_15F44E(North Guwhathi College. North Guwhathi),26.202223,91.715836,2013-09-15,0.0,NORMAL,0.0,N/A,NORMAL,,False,,False,,NORMAL,0
Guwahati,13,ISRO1069_15F42D(TRA. Dikom),27.466667,95.08889,2013-09-15,0.0,NORMAL,0.0,N/A,NORMAL,,False,,False,,NORMAL,0
Guwahati,13,ISRO0067_15F043(NALBARI),26.4358333,91.335,2013-09-15,0.0,NORMAL,0.0,N/A,NORMAL,,False,,False,,NORMAL,0
Bagdogra,11,ISRO0066_15F042(GOSSAIGAON),26.3908333,89.9405555,2013-10-03,16.0,NORMAL,0.0,N/A,NORMAL,,False,,False,,NORMAL,0
Guwahati,13,ISRO1106_15F452(Rangiya Degree College. Rangiya),26.426945,91.61389,2013-10-03,12.0,NORMAL,0.0,N/A,NORMAL,,False,,False,,NORMAL,0
Guwahati,13,ISRO1102_15F44E(North Guwhathi College. North Guwhathi),26.202223,91.715836,2013-10-03,197.0,T1,0.8883,FINE,CLOUDBURST_CANDIDATE,L=0.888 | R_core=197.0mm | R_bg=22.0mm (zone_C_mean (1 stations)) | scale=FINE | gradient: [ZC:14km=22.0mm] [ZC:27km=12.0mm] [ZC:127km=35.0mm] [ZC:128km=7.0mm] [ZC:155km=20.0mm] [ZC:176km=14.0mm] [ZC:178km=16.0mm] [ZC:182km=5.0mm] [ZC:257km=0.0mm] [ZC:262km=4.0mm] [ZC:285km=16.0mm] [ZC:315km=8.0mm] [ZC:363km=5.0mm],False,no_iwv_buildup (delta=1.5mm < 2.0mm threshold),False,offline_verification,CANDIDATE_CLOUDBURST,13
Guwahati,13,ISRO1069_15F42D(TRA. Dikom),27.466667,95.08889,2013-10-03,5.0,NORMAL,0.0,N/A,NORMAL,,False,,False,,NORMAL,0
Guwahati,13,ISRO1074_15F432(Salonah),26.445833,92.975,2013-10-03,7.0,NORMAL,0.0,N/A,NORMAL,,False,,False,,NORMAL,0
Guwahati,13,ISRO1071_15F42F(Ananda),27.44861,94.22945,2013-10-03,16.0,NORMAL,0.0,N/A,NORMAL,,False,,False,,NORMAL,0
Guwahati,13,ISRO0065_15F041(BONGAIGAON),26.523055,90.491111,2013-10-03,35.0,T2,0.8571,COARSE,CLOUDBURST_CANDIDATE,L=0.857 | R_core=35.0mm | R_bg=5.0mm (nearest_proxy (467km)) | scale=COARSE | gradient: [ZC:57km=16.0mm] [ZC:76km=14.0mm] [ZC:112km=12.0mm] [ZC:127km=197.0mm] [ZC:139km=22.0mm] [ZC:247km=7.0mm] [ZC:282km=20.0mm] [ZC:292km=5.0mm] [ZC:367km=4.0mm] [ZC:372km=0.0mm] [ZC:384km=16.0mm] [ZC:416km=8.0mm] [ZC:467km=5.0mm],False,no_iwv_buildup (delta=1.5mm < 2.0mm threshold),False,offline_verification,CANDIDATE_CLOUDBURST,13
Guwahati,13,ISRO1068_15F42C(TRA. Jorhat),26.730833,94.22667,2013-10-03,0.0,NORMAL,0.0,N/A,NORMAL,,False,,False,,NORMAL,0
Guwahati,13,ISRO0076_15F04C(Dhubri),26.023333,89.96917,2013-10-03,14.0,NORMAL,0.0,N/A,NORMAL,,False,,False,,NORMAL,0
Guwahati,13,ISRO1112_15F458(President. Gharowa. Lumding),25.751112,93.178055,2013-10-03,20.0,NORMAL,0.0,N/A,NORMAL,,False,,False,,NORMAL,0
Lengpui,12,ISRO0069_15F045(ARUNACHAL),24.8541666,92.7388888,2013-10-03,5.0,NORMAL,0.0,N/A,NORMAL,,False,,False,,NORMAL,0
Guwahati,13,ISRO1104_15F450(Dhemaji Degree College. Dhemaji),27.475555,94.55167,2013-10-03,8.0,NORMAL,0.0,N/A,NORMAL,,False,,False,,NORMAL,0
Bagdogra,11,ISRO0066_15F042(GOSSAIGAON),26.3908333,89.9405555,2013-10-04,25.0,NORMAL,0.0,N/A,NORMAL,,False,,False,,NORMAL,0
Guwahati,13,ISRO1069_15F42D(TRA. Dikom),27.466667,95.08889,2013-10-04,43.0,T2,0.8605,COARSE,CLOUDBURST_CANDIDATE,L=0.860 | R_core=43.0mm | R_bg=6.0mm (nearest_proxy (533km)) | scale=COARSE | gradient: [ZC:53km=124.0mm] [ZC:85km=94.0mm] [ZC:101km=49.0mm] [ZC:118km=0.0mm] [ZC:238km=28.0mm] [ZC:269km=94.0mm] [ZC:358km=2.0mm] [ZC:363km=17.0mm] [ZC:373km=92.0mm] [ZC:389km=0.0mm] [ZC:524km=25.0mm] [ZC:533km=6.0mm],True,"buildup=3.1mm, drawdown=no (-0.6mm)",True,IWV_confirmed,CONFIRMED_CLOUDBURST,12
Guwahati,13,ISRO1071_15F42F(Ananda),27.44861,94.22945,2013-10-04,94.0,T2,0.9362,COARSE,CLOUDBURST_CANDIDATE,L=0.936 | R_core=94.0mm | R_bg=6.0mm (nearest_proxy (452km)) | scale=COARSE | gradient: [ZC:30km=49.0mm] [ZC:32km=124.0mm] [ZC:80km=0.0mm] [ZC:85km=43.0mm] [ZC:167km=28.0mm] [ZC:216km=94.0mm] [ZC:281km=2.0mm] [ZC:283km=17.0mm] [ZC:308km=0.0mm] [ZC:325km=92.0mm] [ZC:441km=25.0mm] [ZC:452km=6.0mm],True,"buildup=3.1mm, drawdown=no (-0.6mm)",True,IWV_confirmed,CONFIRMED_CLOUDBURST,12
Lengpui,12,ISRO0069_15F045(ARUNACHAL),24.8541666,92.7388888,2013-10-04,92.0,T2,0.5326,COARSE,CLOUDBURST_CANDIDATE,L=0.533 | R_core=92.0mm | R_bg=43.0mm (nearest_proxy (373km)) | scale=COARSE | gradient: [ZC:109km=94.0mm] [ZC:169km=2.0mm] [ZC:179km=28.0mm] [ZC:208km=17.0mm] [ZC:225km=0.0mm] [ZC:256km=0.0mm] [ZC:295km=49.0mm] [ZC:307km=6.0mm] [ZC:325km=94.0mm] [ZC:328km=25.0mm] [ZC:343km=124.0mm] [ZC:373km=43.0mm],False,no_iwv_buildup (delta=-0.2mm < 2.0mm threshold),False,offline_verification,CANDIDATE_CLOUDBURST,12
Guwahati,13,ISRO1104_15F450(Dhemaji Degree College. Dhemaji),27.475555,94.55167,2013-10-04,124.0,T1,0.9516,COARSE,CLOUDBURST_CANDIDATE,L=0.952 | R_core=124.0mm | R_bg=6.0mm (nearest_proxy (483km)) | scale=COARSE | gradient: [ZC:32km=94.0mm] [ZC:53km=43.0mm] [ZC:53km=49.0mm] [ZC:89km=0.0mm] [ZC:194km=28.0mm] [ZC:235km=94.0mm] [ZC:310km=2.0mm] [ZC:314km=17.0mm] [ZC:339km=0.0mm] [ZC:343km=92.0mm] [ZC:473km=25.0mm] [ZC:483km=6.0mm],True,"buildup=3.1mm, drawdown=no (-0.6mm)",True,IWV_confirmed,CONFIRMED_CLOUDBURST,12
Guwahati,13,ISRO0062_15F03E(LAKHIMPUR),27.2041666,94.1069444,2013-10-04,49.0,T2,0.8776,COARSE,CLOUDBURST_CANDIDATE,L=0.878 | R_core=49.0mm | R_bg=6.0mm (nearest_proxy (432km)) | scale=COARSE | gradient: [ZC:30km=94.0mm] [ZC:53km=124.0mm] [ZC:54km=0.0mm] [ZC:101km=43.0mm] [ZC:140km=28.0mm] [ZC:186km=94.0mm] [ZC:258km=2.0mm] [ZC:262km=17.0mm] [ZC:288km=0.0mm] [ZC:295km=92.0mm] [ZC:423km=25.0mm] [ZC:432km=6.0mm],True,"buildup=3.1mm, drawdown=no (-0.6mm)",True,IWV_confirmed,CONFIRMED_CLOUDBURST,12
Guwahati,13,ISRO1074_15F432(Salonah),26.445833,92.975,2013-10-04,28.0,NORMAL,0.0,N/A,NORMAL,,False,,False,,NORMAL,0
Guwahati,13,ISRO1068_15F42C(TRA. Jorhat),26.730833,94.22667,2013-10-04,0.0,NORMAL,0.0,N/A,NORMAL,,False,,False,,NORMAL,0
Guwahati,13,ISRO1106_15F452(Rangiya Degree College. Rangiya),26.426945,91.61389,2013-10-04,17.0,NORMAL,0.0,N/A,NORMAL,,False,,False,,NORMAL,0
Guwahati,13,ISRO0067_15F043(NALBARI),26.4358333,91.335,2013-10-04,0.0,NORMAL,0.0,N/A,NORMAL,,False,,False,,NORMAL,0
Guwahati,13,ISRO0076_15F04C(Dhubri),26.023333,89.96917,2013-10-04,6.0,NORMAL,0.0,N/A,NORMAL,,False,,False,,NORMAL,0
Guwahati,13,ISRO1112_15F458(President. Gharowa. Lumding),25.751112,93.178055,2013-10-04,94.0,T2,0.734,COARSE,CLOUDBURST_CANDIDATE,L=0.734 | R_core=94.0mm | R_bg=25.0mm (nearest_proxy (331km)) | scale=COARSE | gradient: [ZC:80km=28.0mm] [ZC:109km=92.0mm] [ZC:142km=2.0mm] [ZC:151km=0.0mm] [ZC:173km=17.0mm] [ZC:186km=49.0mm] [ZC:199km=0.0mm] [ZC:216km=94.0mm] [ZC:235km=124.0mm] [ZC:269km=43.0mm] [ZC:322km=6.0mm] [ZC:331km=25.0mm],True,"buildup=3.1mm, drawdown=no (-0.6mm)",True,IWV_confirmed,CONFIRMED_CLOUDBURST,12
Guwahati,13,ISRO1112_15F458(President. Gharowa. Lumding),25.751112,93.178055,2013-10-05,207.0,T1,0.0,COARSE,WIDESPREAD_HEAVY_RAIN,L=0.000 | R_core=207.0mm | R_bg=400.0mm (nearest_proxy (331km)) | scale=COARSE | gradient: [ZC:80km=32.0mm] [ZC:109km=400.0mm] [ZC:142km=5.0mm] [ZC:151km=164.0mm] [ZC:155km=0.0mm] [ZC:173km=67.0mm] [ZC:186km=0.0mm] [ZC:199km=0.0mm] [ZC:216km=204.0mm] [ZC:235km=255.0mm] [ZC:269km=15.0mm] [ZC:282km=18.0mm] [ZC:322km=15.0mm] [ZC:331km=400.0mm],False,no_iwv_buildup (delta=-1.4mm < 2.0mm threshold),False,offline_verification,WIDESPREAD_HEAVY_RAIN,14
Guwahati,13,ISRO1069_15F42D(TRA. Dikom),27.466667,95.08889,2013-10-05,15.0,NORMAL,0.0,N/A,NORMAL,,False,,False,,NORMAL,0
Guwahati,13,ISRO0062_15F03E(LAKHIMPUR),27.2041666,94.1069444,2013-10-05,0.0,NORMAL,0.0,N/A,NORMAL,,False,,False,,NORMAL,0
Guwahati,13,ISRO0067_15F043(NALBARI),26.4358333,91.335,2013-10-05,0.0,NORMAL,0.0,N/A,NORMAL,,False,,False,,NORMAL,0
Lengpui,12,ISRO0069_15F045(ARUNACHAL),24.8541666,92.7388888,2013-10-05,400.0,T1,0.9625,COARSE,CLOUDBURST_CANDIDATE,L=0.963 | R_core=400.0mm | R_bg=15.0mm (nearest_proxy (373km)) | scale=COARSE | gradient: [ZC:109km=207.0mm] [ZC:169km=5.0mm] [ZC:179km=32.0mm] [ZC:182km=0.0mm] [ZC:208km=67.0mm] [ZC:225km=0.0mm] [ZC:256km=164.0mm] [ZC:292km=18.0mm] [ZC:295km=0.0mm] [ZC:307km=15.0mm] [ZC:325km=204.0mm] [ZC:328km=400.0mm] [ZC:343km=255.0mm] [ZC:373km=15.0mm],False,no_iwv_buildup (delta=-2.5mm < 2.0mm threshold),False,offline_verification,CANDIDATE_CLOUDBURST,14
Guwahati,13,ISRO0076_15F04C(Dhubri),26.023333,89.96917,2013-10-05,15.0,NORMAL,0.0,N/A,NORMAL,,False,,False,,NORMAL,0
Guwahati,13,ISRO1074_15F432(Salonah),26.445833,92.975,2013-10-05,32.0,T2,0.5312,COARSE,CLOUDBURST_CANDIDATE,L=0.531 | R_core=32.0mm | R_bg=15.0mm (nearest_proxy (303km)) | scale=COARSE | gradient: [ZC:80km=207.0mm] [ZC:121km=5.0mm] [ZC:128km=0.0mm] [ZC:128km=164.0mm] [ZC:136km=67.0mm] [ZC:140km=0.0mm] [ZC:163km=0.0mm] [ZC:167km=204.0mm] [ZC:179km=400.0mm] [ZC:194km=255.0mm] [ZC:238km=15.0mm] [ZC:247km=18.0mm] [ZC:302km=400.0mm] [ZC:303km=15.0mm],False,no_iwv_buildup (delta=-1.4mm < 2.0mm threshold),False,offline_verification,CANDIDATE_CLOUDBURST,14
Guwahati,13,ISRO1071_15F42F(Ananda),27.44861,94.22945,2013-10-05,204.0,T1,0.9265,COARSE,CLOUDBURST_CANDIDATE,L=0.926 | R_core=204.0mm | R_bg=15.0mm (nearest_proxy (452km)) | scale=COARSE | gradient: [ZC:30km=0.0mm] [ZC:32km=255.0mm] [ZC:80km=164.0mm] [ZC:85km=15.0mm] [ZC:167km=32.0mm] [ZC:216km=207.0mm] [ZC:281km=5.0mm] [ZC:283km=67.0mm] [ZC:285km=0.0mm] [ZC:308km=0.0mm] [ZC:325km=400.0mm] [ZC:384km=18.0mm] [ZC:441km=400.0mm] [ZC:452km=15.0mm],False,no_iwv_buildup (delta=-1.4mm < 2.0mm threshold),False,offline_verification,CANDIDATE_CLOUDBURST,14
Bagdogra,11,ISRO0066_15F042(GOSSAIGAON),26.3908333,89.9405555,2013-10-05,400.0,T1,0.9625,COARSE,CLOUDBURST_CANDIDATE,L=0.963 | R_core=400.0mm | R_bg=15.0mm (nearest_proxy (524km)) | scale=COARSE | gradient: [ZC:41km=15.0mm] [ZC:57km=18.0mm] [ZC:139km=0.0mm] [ZC:167km=67.0mm] [ZC:178km=0.0mm] [ZC:189km=5.0mm] [ZC:302km=32.0mm] [ZC:328km=400.0mm] [ZC:331km=207.0mm] [ZC:423km=0.0mm] [ZC:428km=164.0mm] [ZC:441km=204.0mm] [ZC:473km=255.0mm] [ZC:524km=15.0mm],False,no_iwv_buildup (delta=0.2mm < 2.0mm threshold),False,offline_verification,CANDIDATE_CLOUDBURST,14
Guwahati,13,ISRO1102_15F44E(North Guwhathi College. North Guwhathi),26.202223,91.715836,2013-10-05,0.0,NORMAL,0.0,N/A,NORMAL,,False,,False,,NORMAL,0
Guwahati,13,ISRO1101_15F44D(Regional Science Centre. Khanpara. Guwhathi),26.120556,91.81639,2013-10-05,5.0,NORMAL,0.0,N/A,NORMAL,,False,,False,,NORMAL,0
Guwahati,13,ISRO1068_15F42C(TRA. Jorhat),26.730833,94.22667,2013-10-05,164.0,T1,0.9085,COARSE,CLOUDBURST_CANDIDATE,L=0.909 | R_core=164.0mm | R_bg=15.0mm (nearest_proxy (431km)) | scale=COARSE | gradient: [ZC:54km=0.0mm] [ZC:80km=204.0mm] [ZC:89km=255.0mm] [ZC:118km=15.0mm] [ZC:128km=32.0mm] [ZC:151km=207.0mm] [ZC:249km=5.0mm] [ZC:256km=400.0mm] [ZC:257km=0.0mm] [ZC:262km=67.0mm] [ZC:289km=0.0mm] [ZC:372km=18.0mm] [ZC:428km=400.0mm] [ZC:431km=15.0mm],False,no_iwv_buildup (delta=-1.4mm < 2.0mm threshold),False,offline_verification,CANDIDATE_CLOUDBURST,14
Guwahati,13,ISRO1106_15F452(Rangiya Degree College. Rangiya),26.426945,91.61389,2013-10-05,67.0,T2,0.7761,COARSE,CLOUDBURST_CANDIDATE,L=0.776 | R_core=67.0mm | R_bg=15.0mm (nearest_proxy (363km)) | scale=COARSE | gradient: [ZC:27km=0.0mm] [ZC:28km=0.0mm] [ZC:40km=5.0mm] [ZC:112km=18.0mm] [ZC:136km=32.0mm] [ZC:167km=400.0mm] [ZC:170km=15.0mm] [ZC:173km=207.0mm] [ZC:208km=400.0mm] [ZC:262km=164.0mm] [ZC:262km=0.0mm] [ZC:283km=204.0mm] [ZC:314km=255.0mm] [ZC:363km=15.0mm],False,no_iwv_buildup (delta=-1.4mm < 2.0mm threshold),False,offline_verification,CANDIDATE_CLOUDBURST,14
Guwahati,13,ISRO1104_15F450(Dhemaji Degree College. Dhemaji),27.475555,94.55167,2013-10-05,255.0,T1,0.9412,COARSE,CLOUDBURST_CANDIDATE,L=0.941 | R_core=255.0mm | R_bg=15.0mm (nearest_proxy (483km)) | scale=COARSE | gradient: [ZC:32km=204.0mm] [ZC:53km=15.0mm] [ZC:53km=0.0mm] [ZC:89km=164.0mm] [ZC:194km=32.0mm] [ZC:235km=207.0mm] [ZC:310km=5.0mm] [ZC:314km=67.0mm] [ZC:315km=0.0mm] [ZC:339km=0.0mm] [ZC:343km=400.0mm] [ZC:416km=18.0mm] [ZC:473km=400.0mm] [ZC:483km=15.0mm],False,no_iwv_buildup (delta=-1.4mm < 2.0mm threshold),False,offline_verification,CANDIDATE_CLOUDBURST,14
Guwahati,13,ISRO1104_15F450(Dhemaji Degree College. Dhemaji),27.475555,94.55167,2013-10-06,296.0,T1,0.7973,COARSE,CLOUDBURST_CANDIDATE,L=0.797 | R_core=296.0mm | R_bg=60.0mm (nearest_proxy (483km)) | scale=COARSE | gradient: [ZC:32km=27.0mm] [ZC:53km=7.0mm] [ZC:53km=1.0mm] [ZC:89km=5.0mm] [ZC:194km=63.0mm] [ZC:235km=161.0mm] [ZC:310km=85.0mm] [ZC:314km=49.0mm] [ZC:315km=0.0mm] [ZC:339km=0.0mm] [ZC:416km=38.0mm] [ZC:473km=46.0mm] [ZC:483km=60.0mm],False,no_iwv_buildup (delta=-2.0mm < 2.0mm threshold),False,offline_verification,CANDIDATE_CLOUDBURST,13
Guwahati,13,ISRO0065_15F041(BONGAIGAON),26.523055,90.491111,2013-10-06,38.0,T2,0.8158,COARSE,CLOUDBURST_CANDIDATE,L=0.816 | R_core=38.0mm | R_bg=7.0mm (nearest_proxy (467km)) | scale=COARSE | gradient: [ZC:57km=46.0mm] [ZC:76km=60.0mm] [ZC:85km=0.0mm] [ZC:112km=49.0mm] [ZC:127km=0.0mm] [ZC:139km=85.0mm] [ZC:247km=63.0mm] [ZC:282km=161.0mm] [ZC:367km=1.0mm] [ZC:372km=5.0mm] [ZC:384km=27.0mm] [ZC:416km=296.0mm] [ZC:467km=7.0mm],False,no_iwv_buildup (delta=-2.0mm < 2.0mm threshold),False,offline_verification,CANDIDATE_CLOUDBURST,13
Guwahati,13,ISRO0062_15F03E(LAKHIMPUR),27.2041666,94.1069444,2013-10-06,1.0,NORMAL,0.0,N/A,NORMAL,,False,,False,,NORMAL,0
Guwahati,13,ISRO1112_15F458(President. Gharowa. Lumding),25.751112,93.178055,2013-10-06,161.0,T1,0.7143,COARSE,CLOUDBURST_CANDIDATE,L=0.714 | R_core=161.0mm | R_bg=46.0mm (nearest_proxy (331km)) | scale=COARSE | gradient: [ZC:80km=63.0mm] [ZC:142km=85.0mm] [ZC:151km=5.0mm] [ZC:155km=0.0mm] [ZC:173km=49.0mm] [ZC:186km=1.0mm] [ZC:199km=0.0mm] [ZC:216km=27.0mm] [ZC:235km=296.0mm] [ZC:269km=7.0mm] [ZC:282km=38.0mm] [ZC:322km=60.0mm] [ZC:331km=46.0mm],False,no_iwv_buildup (delta=-2.0mm < 2.0mm threshold),False,offline_verification,CANDIDATE_CLOUDBURST,13
Guwahati,13,ISRO1074_15F432(Salonah),26.445833,92.975,2013-10-06,63.0,T2,0.0476,COARSE,WIDESPREAD_HEAVY_RAIN,L=0.048 | R_core=63.0mm | R_bg=60.0mm (nearest_proxy (303km)) | scale=COARSE | gradient: [ZC:80km=161.0mm] [ZC:121km=85.0mm] [ZC:128km=0.0mm] [ZC:128km=5.0mm] [ZC:136km=49.0mm] [ZC:140km=1.0mm] [ZC:163km=0.0mm] [ZC:167km=27.0mm] [ZC:194km=296.0mm] [ZC:238km=7.0mm] [ZC:247km=38.0mm] [ZC:302km=46.0mm] [ZC:303km=60.0mm],False,no_iwv_buildup (delta=-2.0mm < 2.0mm threshold),False,offline_verification,WIDESPREAD_HEAVY_RAIN,13
Bagdogra,11,ISRO0066_15F042(GOSSAIGAON),26.3908333,89.9405555,2013-10-06,46.0,T2,0.8478,COARSE,CLOUDBURST_CANDIDATE,L=0.848 | R_core=46.0mm | R_bg=7.0mm (nearest_proxy (524km)) | scale=COARSE | gradient: [ZC:41km=60.0mm] [ZC:57km=38.0mm] [ZC:139km=0.0mm] [ZC:167km=49.0mm] [ZC:178km=0.0mm] [ZC:189km=85.0mm] [ZC:302km=63.0mm] [ZC:331km=161.0mm] [ZC:423km=1.0mm] [ZC:428km=5.0mm] [ZC:441km=27.0mm] [ZC:473km=296.0mm] [ZC:524km=7.0mm],False,no_iwv_buildup (delta=-1.0mm < 2.0mm threshold),False,offline_verification,CANDIDATE_CLOUDBURST,13
Guwahati,13,ISRO1106_15F452(Rangiya Degree College. Rangiya),26.426945,91.61389,2013-10-06,49.0,T2,0.8571,COARSE,CLOUDBURST_CANDIDATE,L=0.857 | R_core=49.0mm | R_bg=7.0mm (nearest_proxy (363km)) | scale=COARSE | gradient: [ZC:27km=0.0mm] [ZC:28km=0.0mm] [ZC:40km=85.0mm] [ZC:112km=38.0mm] [ZC:136km=63.0mm] [ZC:167km=46.0mm] [ZC:170km=60.0mm] [ZC:173km=161.0mm] [ZC:262km=5.0mm] [ZC:262km=1.0mm] [ZC:283km=27.0mm] [ZC:314km=296.0mm] [ZC:363km=7.0mm],False,no_iwv_buildup (delta=-2.0mm < 2.0mm threshold),False,offline_verification,CANDIDATE_CLOUDBURST,13
Guwahati,13,ISRO1102_15F44E(North Guwhathi College. North Guwhathi),26.202223,91.715836,2013-10-06,0.0,NORMAL,0.0,N/A,NORMAL,,False,,False,,NORMAL,0
Guwahati,13,ISRO1071_15F42F(Ananda),27.44861,94.22945,2013-10-06,27.0,NORMAL,0.0,N/A,NORMAL,,False,,False,,NORMAL,0
Guwahati,13,ISRO0076_15F04C(Dhubri),26.023333,89.96917,2013-10-06,60.0,T2,0.8833,COARSE,CLOUDBURST_CANDIDATE,L=0.883 | R_core=60.0mm | R_bg=7.0mm (nearest_proxy (533km)) | scale=COARSE | gradient: [ZC:41km=46.0mm] [ZC:76km=38.0mm] [ZC:144km=0.0mm] [ZC:170km=49.0mm] [ZC:176km=0.0mm] [ZC:185km=85.0mm] [ZC:303km=63.0mm] [ZC:322km=161.0mm] [ZC:431km=5.0mm] [ZC:432km=1.0mm] [ZC:452km=27.0mm] [ZC:483km=296.0mm] [ZC:533km=7.0mm],False,no_iwv_buildup (delta=-2.0mm < 2.0mm threshold),False,offline_verification,CANDIDATE_CLOUDBURST,13
Guwahati,13,ISRO1068_15F42C(TRA. Jorhat),26.730833,94.22667,2013-10-06,5.0,NORMAL,0.0,N/A,NORMAL,,False,,False,,NORMAL,0
Guwahati,13,ISRO0067_15F043(NALBARI),26.4358333,91.335,2013-10-06,0.0,NORMAL,0.0,N/A,NORMAL,,False,,False,,NORMAL,0
Guwahati,13,ISRO1101_15F44D(Regional Science Centre. Khanpara. Guwhathi),26.120556,91.81639,2013-10-06,85.0,T2,1.0,FINE,CLOUDBURST_CANDIDATE,L=1.000 | R_core=85.0mm | R_bg=0.0mm (zone_C_mean (1 stations)) | scale=FINE | gradient: [ZC:14km=0.0mm] [ZC:40km=49.0mm] [ZC:59km=0.0mm] [ZC:121km=63.0mm] [ZC:139km=38.0mm] [ZC:142km=161.0mm] [ZC:185km=60.0mm] [ZC:189km=46.0mm] [ZC:249km=5.0mm] [ZC:258km=1.0mm] [ZC:281km=27.0mm] [ZC:310km=296.0mm] [ZC:358km=7.0mm],False,no_iwv_buildup (delta=-2.0mm < 2.0mm threshold),False,offline_verification,CANDIDATE_CLOUDBURST,13
Guwahati,13,ISRO0076_15F04C(Dhubri),26.023333,89.96917,2013-10-07,0.0,NORMAL,0.0,N/A,NORMAL,,False,,False,,NORMAL,0
Guwahati,13,ISRO1071_15F42F(Ananda),27.44861,94.22945,2013-10-07,0.0,NORMAL,0.0,N/A,NORMAL,,False,,False,,NORMAL,0
Guwahati,13,ISRO1074_15F432(Salonah),26.445833,92.975,2013-10-07,0.0,NORMAL,0.0,N/A,NORMAL,,False,,False,,NORMAL,0
Guwahati,13,ISRO1069_15F42D(TRA. Dikom),27.466667,95.08889,2013-10-07,0.0,NORMAL,0.0,N/A,NORMAL,,False,,False,,NORMAL,0
Bagdogra,11,ISRO0066_15F042(GOSSAIGAON),26.3908333,89.9405555,2013-10-07,0.0,NORMAL,0.0,N/A,NORMAL,,False,,False,,NORMAL,0
Guwahati,13,ISRO1106_15F452(Rangiya Degree College. Rangiya),26.426945,91.61389,2013-10-07,0.0,NORMAL,0.0,N/A,NORMAL,,False,,False,,NORMAL,0
Guwahati,13,ISRO1104_15F450(Dhemaji Degree College. Dhemaji),27.475555,94.55167,2013-10-07,0.0,NORMAL,0.0,N/A,NORMAL,,False,,False,,NORMAL,0
Guwahati,13,ISRO1102_15F44E(North Guwhathi College. North Guwhathi),26.202223,91.715836,2013-10-07,0.0,NORMAL,0.0,N/A,NORMAL,,False,,False,,NORMAL,0
Guwahati,13,ISRO0067_15F043(NALBARI),26.4358333,91.335,2013-10-07,0.0,NORMAL,0.0,N/A,NORMAL,,False,,False,,NORMAL,0
Guwahati,13,ISRO1112_15F458(President. Gharowa. Lumding),25.751112,93.178055,2013-10-07,0.0,NORMAL,0.0,N/A,NORMAL,,False,,False,,NORMAL,0
Lengpui,12,ISRO0069_15F045(ARUNACHAL),24.8541666,92.7388888,2013-10-07,0.0,NORMAL,0.0,N/A,NORMAL,,False,,False,,NORMAL,0
Guwahati,13,ISRO1068_15F42C(TRA. Jorhat),26.730833,94.22667,2013-10-07,0.0,NORMAL,0.0,N/A,NORMAL,,False,,False,,NORMAL,0
Guwahati,13,ISRO1069_15F42D(TRA. Dikom),27.466667,95.08889,2013-10-08,6.0,NORMAL,0.0,N/A,NORMAL,,False,,False,,NORMAL,0
Guwahati,13,ISRO1106_15F452(Rangiya Degree College. Rangiya),26.426945,91.61389,2013-10-08,246.0,T1,0.9756,COARSE,CLOUDBURST_CANDIDATE,L=0.976 | R_core=246.0mm | R_bg=6.0mm (nearest_proxy (363km)) | scale=COARSE | gradient: [ZC:27km=0.0mm] [ZC:28km=0.0mm] [ZC:40km=0.0mm] [ZC:112km=0.0mm] [ZC:170km=20.0mm] [ZC:208km=0.0mm] [ZC:262km=0.0mm] [ZC:262km=0.0mm] [ZC:283km=14.0mm] [ZC:363km=6.0mm],False,no_iwv_buildup (delta=-3.0mm < 2.0mm threshold),False,offline_verification,CANDIDATE_CLOUDBURST,10
Guwahati,13,ISRO1071_15F42F(Ananda),27.44861,94.22945,2013-10-08,14.0,NORMAL,0.0,N/A,NORMAL,,False,,False,,NORMAL,0
Lengpui,12,ISRO0069_15F045(ARUNACHAL),24.8541666,92.7388888,2013-10-08,0.0,NORMAL,0.0,N/A,NORMAL,,False,,False,,NORMAL,0
Guwahati,13,ISRO1102_15F44E(North Guwhathi College. North Guwhathi),26.202223,91.715836,2013-10-08,0.0,NORMAL,0.0,N/A,NORMAL,,False,,False,,NORMAL,0
Guwahati,13,ISRO1068_15F42C(TRA. Jorhat),26.730833,94.22667,2013-10-08,0.0,NORMAL,0.0,N/A,NORMAL,,False,,False,,NORMAL,0
Guwahati,13,ISRO0076_15F04C(Dhubri),26.023333,89.96917,2013-10-08,20.0,NORMAL,0.0,N/A,NORMAL,,False,,False,,NORMAL,0
Guwahati,13,ISRO1071_15F42F(Ananda),27.44861,94.22945,2013-10-09,0.0,NORMAL,0.0,N/A,NORMAL,,False,,False,,NORMAL,0
Guwahati,13,ISRO0065_15F041(BONGAIGAON),26.523055,90.491111,2013-10-09,0.0,NORMAL,0.0,N/A,NORMAL,,False,,False,,NORMAL,0
Guwahati,13,ISRO1101_15F44D(Regional Science Centre. Khanpara. Guwhathi),26.120556,91.81639,2013-10-09,0.0,NORMAL,0.0,N/A,NORMAL,,False,,False,,NORMAL,0
Guwahati,13,ISRO1106_15F452(Rangiya Degree College. Rangiya),26.426945,91.61389,2013-10-09,0.0,NORMAL,0.0,N/A,NORMAL,,False,,False,,NORMAL,0
Guwahati,13,ISRO1074_15F432(Salonah),26.445833,92.975,2013-10-09,0.0,NORMAL,0.0,N/A,NORMAL,,False,,False,,NORMAL,0
Bagdogra,11,ISRO0066_15F042(GOSSAIGAON),26.3908333,89.9405555,2013-10-09,0.0,NORMAL,0.0,N/A,NORMAL,,False,,False,,NORMAL,0
Lengpui,12,ISRO0069_15F045(ARUNACHAL),24.8541666,92.7388888,2013-10-09,0.0,NORMAL,0.0,N/A,NORMAL,,False,,False,,NORMAL,0
Guwahati,13,ISRO0067_15F043(NALBARI),26.4358333,91.335,2013-10-09,0.0,NORMAL,0.0,N/A,NORMAL,,False,,False,,NORMAL,0
Guwahati,13,ISRO1112_15F458(President. Gharowa. Lumding),25.751112,93.178055,2013-10-09,0.0,NORMAL,0.0,N/A,NORMAL,,False,,False,,NORMAL,0
Guwahati,13,ISRO0062_15F03E(LAKHIMPUR),27.2041666,94.1069444,2013-10-09,0.0,NORMAL,0.0,N/A,NORMAL,,False,,False,,NORMAL,0
Guwahati,13,ISRO0076_15F04C(Dhubri),26.023333,89.96917,2013-10-09,0.0,NORMAL,0.0,N/A,NORMAL,,False,,False,,NORMAL,0
Guwahati,13,ISRO1104_15F450(Dhemaji Degree College. Dhemaji),27.475555,94.55167,2013-10-09,0.0,NORMAL,0.0,N/A,NORMAL,,False,,False,,NORMAL,0
Guwahati,13,ISRO1069_15F42D(TRA. Dikom),27.466667,95.08889,2013-10-09,0.0,NORMAL,0.0,N/A,NORMAL,,False,,False,,NORMAL,0
Guwahati,13,ISRO1102_15F44E(North Guwhathi College. North Guwhathi),26.202223,91.715836,2013-10-10,400.0,T1,1.0,FINE,CLOUDBURST_CANDIDATE,L=1.000 | R_core=400.0mm | R_bg=0.0mm (zone_C_mean (1 stations)) | scale=FINE | gradient: [ZC:14km=0.0mm] [ZC:46km=69.0mm] [ZC:127km=0.0mm] [ZC:128km=176.0mm] [ZC:155km=137.0mm] [ZC:176km=12.0mm] [ZC:178km=400.0mm] [ZC:262km=0.0mm] [ZC:285km=70.0mm] [ZC:315km=400.0mm] [ZC:363km=136.0mm],False,no_iwv_buildup (delta=0.9mm < 2.0mm threshold),False,offline_verification,CANDIDATE_CLOUDBURST,11
Guwahati,13,ISRO1071_15F42F(Ananda),27.44861,94.22945,2013-10-10,70.0,T2,0.8286,COARSE,CLOUDBURST_CANDIDATE,L=0.829 | R_core=70.0mm | R_bg=12.0mm (nearest_proxy (452km)) | scale=COARSE | gradient: [ZC:30km=0.0mm] [ZC:32km=400.0mm] [ZC:85km=136.0mm] [ZC:167km=176.0mm] [ZC:216km=137.0mm] [ZC:281km=0.0mm] [ZC:285km=400.0mm] [ZC:308km=69.0mm] [ZC:384km=0.0mm] [ZC:441km=400.0mm] [ZC:452km=12.0mm],False,no_iwv_buildup (delta=0.9mm < 2.0mm threshold),False,offline_verification,CANDIDATE_CLOUDBURST,11
Guwahati,13,ISRO1069_15F42D(TRA. Dikom),27.466667,95.08889,2013-10-10,136.0,T1,0.9118,COARSE,CLOUDBURST_CANDIDATE,L=0.912 | R_core=136.0mm | R_bg=12.0mm (nearest_proxy (533km)) | scale=COARSE | gradient: [ZC:53km=400.0mm] [ZC:85km=70.0mm] [ZC:101km=0.0mm] [ZC:238km=176.0mm] [ZC:269km=137.0mm] [ZC:358km=0.0mm] [ZC:363km=400.0mm] [ZC:389km=69.0mm] [ZC:467km=0.0mm] [ZC:524km=400.0mm] [ZC:533km=12.0mm],False,no_iwv_buildup (delta=0.9mm < 2.0mm threshold),False,offline_verification,CANDIDATE_CLOUDBURST,11
Guwahati,13,ISRO1112_15F458(President. Gharowa. Lumding),25.751112,93.178055,2013-10-10,137.0,T1,0.0,COARSE,WIDESPREAD_HEAVY_RAIN,L=0.000 | R_core=137.0mm | R_bg=400.0mm (nearest_proxy (331km)) | scale=COARSE | gradient: [ZC:80km=176.0mm] [ZC:142km=0.0mm] [ZC:155km=400.0mm] [ZC:186km=0.0mm] [ZC:199km=69.0mm] [ZC:216km=70.0mm] [ZC:235km=400.0mm] [ZC:269km=136.0mm] [ZC:282km=0.0mm] [ZC:322km=12.0mm] [ZC:331km=400.0mm],False,no_iwv_buildup (delta=0.9mm < 2.0mm threshold),False,offline_verification,WIDESPREAD_HEAVY_RAIN,11
Guwahati,13,ISRO0076_15F04C(Dhubri),26.023333,89.96917,2013-10-10,12.0,NORMAL,0.0,N/A,NORMAL,,False,,False,,NORMAL,0
Guwahati,13,ISRO1074_15F432(Salonah),26.445833,92.975,2013-10-10,176.0,T1,0.9318,COARSE,CLOUDBURST_CANDIDATE,L=0.932 | R_core=176.0mm | R_bg=12.0mm (nearest_proxy (303km)) | scale=COARSE | gradient: [ZC:80km=137.0mm] [ZC:121km=0.0mm] [ZC:128km=400.0mm] [ZC:140km=0.0mm] [ZC:163km=69.0mm] [ZC:167km=70.0mm] [ZC:194km=400.0mm] [ZC:238km=136.0mm] [ZC:247km=0.0mm] [ZC:302km=400.0mm] [ZC:303km=12.0mm],False,no_iwv_buildup (delta=0.9mm < 2.0mm threshold),False,offline_verification,CANDIDATE_CLOUDBURST,11
Guwahati,13,ISRO0067_15F043(NALBARI),26.4358333,91.335,2013-10-10,69.0,T2,0.0,COARSE,WIDESPREAD_HEAVY_RAIN,L=0.000 | R_core=69.0mm | R_bg=136.0mm (nearest_proxy (389km)) | scale=COARSE | gradient: [ZC:46km=400.0mm] [ZC:59km=0.0mm] [ZC:85km=0.0mm] [ZC:139km=400.0mm] [ZC:144km=12.0mm] [ZC:163km=176.0mm] [ZC:199km=137.0mm] [ZC:288km=0.0mm] [ZC:308km=70.0mm] [ZC:339km=400.0mm] [ZC:389km=136.0mm],False,no_iwv_buildup (delta=0.9mm < 2.0mm threshold),False,offline_verification,WIDESPREAD_HEAVY_RAIN,11
Guwahati,13,ISRO0062_15F03E(LAKHIMPUR),27.2041666,94.1069444,2013-10-10,0.0,NORMAL,0.0,N/A,NORMAL,,False,,False,,NORMAL,0
Bagdogra,11,ISRO0066_15F042(GOSSAIGAON),26.3908333,89.9405555,2013-10-10,400.0,T1,0.66,COARSE,CLOUDBURST_CANDIDATE,L=0.660 | R_core=400.0mm | R_bg=136.0mm (nearest_proxy (524km)) | scale=COARSE | gradient: [ZC:41km=12.0mm] [ZC:57km=0.0mm] [ZC:139km=69.0mm] [ZC:178km=400.0mm] [ZC:189km=0.0mm] [ZC:302km=176.0mm] [ZC:331km=137.0mm] [ZC:423km=0.0mm] [ZC:441km=70.0mm] [ZC:473km=400.0mm] [ZC:524km=136.0mm],False,no_iwv_buildup (delta=-5.2mm < 2.0mm threshold),False,offline_verification,CANDIDATE_CLOUDBURST,11
Guwahati,13,ISRO1104_15F450(Dhemaji Degree College. Dhemaji),27.475555,94.55167,2013-10-10,400.0,T1,0.97,COARSE,CLOUDBURST_CANDIDATE,L=0.970 | R_core=400.0mm | R_bg=12.0mm (nearest_proxy (483km)) | scale=COARSE | gradient: [ZC:32km=70.0mm] [ZC:53km=136.0mm] [ZC:53km=0.0mm] [ZC:194km=176.0mm] [ZC:235km=137.0mm] [ZC:310km=0.0mm] [ZC:315km=400.0mm] [ZC:339km=69.0mm] [ZC:416km=0.0mm] [ZC:473km=400.0mm] [ZC:483km=12.0mm],False,no_iwv_buildup (delta=0.9mm < 2.0mm threshold),False,offline_verification,CANDIDATE_CLOUDBURST,11
Guwahati,13,ISRO1069_15F42D(TRA. Dikom),27.466667,95.08889,2013-10-11,42.0,T2,0.881,COARSE,CLOUDBURST_CANDIDATE,L=0.881 | R_core=42.0mm | R_bg=5.0mm (nearest_proxy (533km)) | scale=COARSE | gradient: [ZC:53km=52.0mm] [ZC:85km=34.0mm] [ZC:238km=22.0mm] [ZC:269km=96.0mm] [ZC:358km=0.0mm] [ZC:363km=0.0mm] [ZC:363km=27.0mm] [ZC:389km=51.0mm] [ZC:467km=0.0mm] [ZC:524km=47.0mm] [ZC:533km=5.0mm],False,no_iwv_buildup (delta=0.8mm < 2.0mm threshold),False,offline_verification,CANDIDATE_CLOUDBURST,11
Guwahati,13,ISRO0076_15F04C(Dhubri),26.023333,89.96917,2013-10-11,5.0,NORMAL,0.0,N/A,NORMAL,,False,,False,,NORMAL,0
Guwahati,13,ISRO1074_15F432(Salonah),26.445833,92.975,2013-10-11,22.0,NORMAL,0.0,N/A,NORMAL,,False,,False,,NORMAL,0
Guwahati,13,ISRO1102_15F44E(North Guwhathi College. North Guwhathi),26.202223,91.715836,2013-10-11,0.0,NORMAL,0.0,N/A,NORMAL,,False,,False,,NORMAL,0
Guwahati,13,ISRO1112_15F458(President. Gharowa. Lumding),25.751112,93.178055,2013-10-11,96.0,T2,0.5104,COARSE,CLOUDBURST_CANDIDATE,L=0.510 | R_core=96.0mm | R_bg=47.0mm (nearest_proxy (331km)) | scale=COARSE | gradient: [ZC:80km=22.0mm] [ZC:142km=0.0mm] [ZC:155km=0.0mm] [ZC:173km=27.0mm] [ZC:199km=51.0mm] [ZC:216km=34.0mm] [ZC:235km=52.0mm] [ZC:269km=42.0mm] [ZC:282km=0.0mm] [ZC:322km=5.0mm] [ZC:331km=47.0mm],False,no_iwv_buildup (delta=0.8mm < 2.0mm threshold),False,offline_verification,CANDIDATE_CLOUDBURST,11
Bagdogra,11,ISRO0066_15F042(GOSSAIGAON),26.3908333,89.9405555,2013-10-11,47.0,T2,0.1064,COARSE,WIDESPREAD_HEAVY_RAIN,L=0.106 | R_core=47.0mm | R_bg=42.0mm (nearest_proxy (524km)) | scale=COARSE | gradient: [ZC:41km=5.0mm] [ZC:57km=0.0mm] [ZC:139km=51.0mm] [ZC:167km=27.0mm] [ZC:178km=0.0mm] [ZC:189km=0.0mm] [ZC:302km=22.0mm] [ZC:331km=96.0mm] [ZC:441km=34.0mm] [ZC:473km=52.0mm] [ZC:524km=42.0mm],False,no_iwv_buildup (delta=-4.1mm < 2.0mm threshold),False,offline_verification,WIDESPREAD_HEAVY_RAIN,11
Guwahati,13,ISRO0067_15F043(NALBARI),26.4358333,91.335,2013-10-11,51.0,T2,0.1765,COARSE,WIDESPREAD_HEAVY_RAIN,L=0.176 | R_core=51.0mm | R_bg=42.0mm (nearest_proxy (389km)) | scale=COARSE | gradient: [ZC:28km=27.0mm] [ZC:46km=0.0mm] [ZC:59km=0.0mm] [ZC:85km=0.0mm] [ZC:139km=47.0mm] [ZC:144km=5.0mm] [ZC:163km=22.0mm] [ZC:199km=96.0mm] [ZC:308km=34.0mm] [ZC:339km=52.0mm] [ZC:389km=42.0mm],False,no_iwv_buildup (delta=0.8mm < 2.0mm threshold),False,offline_verification,WIDESPREAD_HEAVY_RAIN,11
Guwahati,13,ISRO1104_15F450(Dhemaji Degree College. Dhemaji),27.475555,94.55167,2013-10-11,52.0,T2,0.9038,COARSE,CLOUDBURST_CANDIDATE,L=0.904 | R_core=52.0mm | R_bg=5.0mm (nearest_proxy (483km)) | scale=COARSE | gradient: [ZC:32km=34.0mm] [ZC:53km=42.0mm] [ZC:194km=22.0mm] [ZC:235km=96.0mm] [ZC:310km=0.0mm] [ZC:314km=27.0mm] [ZC:315km=0.0mm] [ZC:339km=51.0mm] [ZC:416km=0.0mm] [ZC:473km=47.0mm] [ZC:483km=5.0mm],False,no_iwv_buildup (delta=0.8mm < 2.0mm threshold),False,offline_verification,CANDIDATE_CLOUDBURST,11
Guwahati,13,ISRO1106_15F452(Rangiya Degree College. Rangiya),26.426945,91.61389,2013-10-11,27.0,NORMAL,0.0,N/A,NORMAL,,False,,False,,NORMAL,0
Guwahati,13,ISRO1071_15F42F(Ananda),27.44861,94.22945,2013-10-11,34.0,T2,0.8529,COARSE,CLOUDBURST_CANDIDATE,L=0.853 | R_core=34.0mm | R_bg=5.0mm (nearest_proxy (452km)) | scale=COARSE | gradient: [ZC:32km=52.0mm] [ZC:85km=42.0mm] [ZC:167km=22.0mm] [ZC:216km=96.0mm] [ZC:281km=0.0mm] [ZC:283km=27.0mm] [ZC:285km=0.0mm] [ZC:308km=51.0mm] [ZC:384km=0.0mm] [ZC:441km=47.0mm] [ZC:452km=5.0mm],False,no_iwv_buildup (delta=0.8mm < 2.0mm threshold),False,offline_verification,CANDIDATE_CLOUDBURST,11
Guwahati,13,ISRO0065_15F041(BONGAIGAON),26.523055,90.491111,2013-10-12,0.0,NORMAL,0.0,N/A,NORMAL,,False,,False,,NORMAL,0
Guwahati,13,ISRO1069_15F42D(TRA. Dikom),27.466667,95.08889,2013-10-12,0.0,NORMAL,0.0,N/A,NORMAL,,False,,False,,NORMAL,0
Guwahati,13,ISRO1101_15F44D(Regional Science Centre. Khanpara. Guwhathi),26.120556,91.81639,2013-10-12,0.0,NORMAL,0.0,N/A,NORMAL,,False,,False,,NORMAL,0
Guwahati,13,ISRO1106_15F452(Rangiya Degree College. Rangiya),26.426945,91.61389,2013-10-12,0.0,NORMAL,0.0,N/A,NORMAL,,False,,False,,NORMAL,0
Guwahati,13,ISRO0067_15F043(NALBARI),26.4358333,91.335,2013-10-12,0.0,NORMAL,0.0,N/A,NORMAL,,False,,False,,NORMAL,0
Guwahati,13,ISRO1071_15F42F(Ananda),27.44861,94.22945,2013-10-12,0.0,NORMAL,0.0,N/A,NORMAL,,False,,False,,NORMAL,0
Guwahati,13,ISRO1068_15F42C(TRA. Jorhat),26.730833,94.22667,2013-10-12,0.0,NORMAL,0.0,N/A,NORMAL,,False,,False,,NORMAL,0
Guwahati,13,ISRO1102_15F44E(North Guwhathi College. North Guwhathi),26.202223,91.715836,2013-10-12,0.0,NORMAL,0.0,N/A,NORMAL,,False,,False,,NORMAL,0
Guwahati,13,ISRO1104_15F450(Dhemaji Degree College. Dhemaji),27.475555,94.55167,2013-10-12,0.0,NORMAL,0.0,N/A,NORMAL,,False,,False,,NORMAL,0
Bagdogra,11,ISRO0066_15F042(GOSSAIGAON),26.3908333,89.9405555,2013-10-12,0.0,NORMAL,0.0,N/A,NORMAL,,False,,False,,NORMAL,0
Guwahati,13,ISRO1074_15F432(Salonah),26.445833,92.975,2013-10-12,0.0,NORMAL,0.0,N/A,NORMAL,,False,,False,,NORMAL,0
Lengpui,12,ISRO0069_15F045(ARUNACHAL),24.8541666,92.7388888,2013-10-12,0.0,NORMAL,0.0,N/A,NORMAL,,False,,False,,NORMAL,0
Guwahati,13,ISRO1112_15F458(President. Gharowa. Lumding),25.751112,93.178055,2013-10-12,1.0,NORMAL,0.0,N/A,NORMAL,,False,,False,,NORMAL,0
Guwahati,13,ISRO0062_15F03E(LAKHIMPUR),27.2041666,94.1069444,2013-10-13,0.0,NORMAL,0.0,N/A,NORMAL,,False,,False,,NORMAL,0
Lengpui,12,ISRO0069_15F045(ARUNACHAL),24.8541666,92.7388888,2013-10-13,0.0,NORMAL,0.0,N/A,NORMAL,,False,,False,,NORMAL,0
Guwahati,13,ISRO1068_15F42C(TRA. Jorhat),26.730833,94.22667,2013-10-13,0.0,NORMAL,0.0,N/A,NORMAL,,False,,False,,NORMAL,0
Guwahati,13,ISRO1074_15F432(Salonah),26.445833,92.975,2013-10-13,0.0,NORMAL,0.0,N/A,NORMAL,,False,,False,,NORMAL,0
Guwahati,13,ISRO1112_15F458(President. Gharowa. Lumding),25.751112,93.178055,2013-10-13,0.0,NORMAL,0.0,N/A,NORMAL,,False,,False,,NORMAL,0
Guwahati,13,ISRO1101_15F44D(Regional Science Centre. Khanpara. Guwhathi),26.120556,91.81639,2013-10-13,0.0,NORMAL,0.0,N/A,NORMAL,,False,,False,,NORMAL,0
Guwahati,13,ISRO1106_15F452(Rangiya Degree College. Rangiya),26.426945,91.61389,2013-10-13,0.0,NORMAL,0.0,N/A,NORMAL,,False,,False,,NORMAL,0
Bagdogra,11,ISRO0066_15F042(GOSSAIGAON),26.3908333,89.9405555,2013-10-13,0.0,NORMAL,0.0,N/A,NORMAL,,False,,False,,NORMAL,0
Guwahati,13,ISRO1104_15F450(Dhemaji Degree College. Dhemaji),27.475555,94.55167,2013-10-13,0.0,NORMAL,0.0,N/A,NORMAL,,False,,False,,NORMAL,0
Guwahati,13,ISRO0076_15F04C(Dhubri),26.023333,89.96917,2013-10-13,0.0,NORMAL,0.0,N/A,NORMAL,,False,,False,,NORMAL,0
Guwahati,13,ISRO1069_15F42D(TRA. Dikom),27.466667,95.08889,2013-10-13,0.0,NORMAL,0.0,N/A,NORMAL,,False,,False,,NORMAL,0
Guwahati,13,ISRO1071_15F42F(Ananda),27.44861,94.22945,2013-10-13,0.0,NORMAL,0.0,N/A,NORMAL,,False,,False,,NORMAL,0
Guwahati,13,ISRO1106_15F452(Rangiya Degree College. Rangiya),26.426945,91.61389,2013-10-14,0.0,NORMAL,0.0,N/A,NORMAL,,False,,False,,NORMAL,0
Guwahati,13,ISRO1104_15F450(Dhemaji Degree College. Dhemaji),27.475555,94.55167,2013-10-14,0.0,NORMAL,0.0,N/A,NORMAL,,False,,False,,NORMAL,0
Guwahati,13,ISRO1069_15F42D(TRA. Dikom),27.466667,95.08889,2013-10-14,0.0,NORMAL,0.0,N/A,NORMAL,,False,,False,,NORMAL,0
Guwahati,13,ISRO1074_15F432(Salonah),26.445833,92.975,2013-10-14,0.0,NORMAL,0.0,N/A,NORMAL,,False,,False,,NORMAL,0
Lengpui,12,ISRO0069_15F045(ARUNACHAL),24.8541666,92.7388888,2013-10-14,0.0,NORMAL,0.0,N/A,NORMAL,,False,,False,,NORMAL,0
Guwahati,13,ISRO1068_15F42C(TRA. Jorhat),26.730833,94.22667,2013-10-14,0.0,NORMAL,0.0,N/A,NORMAL,,False,,False,,NORMAL,0
Guwahati,13,ISRO0076_15F04C(Dhubri),26.023333,89.96917,2013-10-14,0.0,NORMAL,0.0,N/A,NORMAL,,False,,False,,NORMAL,0
Guwahati,13,ISRO1071_15F42F(Ananda),27.44861,94.22945,2013-10-14,0.0,NORMAL,0.0,N/A,NORMAL,,False,,False,,NORMAL,0
Guwahati,13,ISRO0062_15F03E(LAKHIMPUR),27.2041666,94.1069444,2013-10-14,0.0,NORMAL,0.0,N/A,NORMAL,,False,,False,,NORMAL,0
Guwahati,13,ISRO1112_15F458(President. Gharowa. Lumding),25.751112,93.178055,2013-10-14,0.0,NORMAL,0.0,N/A,NORMAL,,False,,False,,NORMAL,0
Bagdogra,11,ISRO0066_15F042(GOSSAIGAON),26.3908333,89.9405555,2013-10-14,0.0,NORMAL,0.0,N/A,NORMAL,,False,,False,,NORMAL,0
Guwahati,13,ISRO1074_15F432(Salonah),26.445833,92.975,2013-10-15,0.0,NORMAL,0.0,N/A,NORMAL,,False,,False,,NORMAL,0
Guwahati,13,ISRO1068_15F42C(TRA. Jorhat),26.730833,94.22667,2013-10-15,0.0,NORMAL,0.0,N/A,NORMAL,,False,,False,,NORMAL,0
Guwahati,13,ISRO0076_15F04C(Dhubri),26.023333,89.96917,2013-10-15,0.0,NORMAL,0.0,N/A,NORMAL,,False,,False,,NORMAL,0
Guwahati,13,ISRO0065_15F041(BONGAIGAON),26.523055,90.491111,2013-10-15,5.0,NORMAL,0.0,N/A,NORMAL,,False,,False,,NORMAL,0
Lengpui,12,ISRO0069_15F045(ARUNACHAL),24.8541666,92.7388888,2013-10-15,0.0,NORMAL,0.0,N/A,NORMAL,,False,,False,,NORMAL,0
Guwahati,13,ISRO1112_15F458(President. Gharowa. Lumding),25.751112,93.178055,2013-10-15,0.0,NORMAL,0.0,N/A,NORMAL,,False,,False,,NORMAL,0
Guwahati,13,ISRO0062_15F03E(LAKHIMPUR),27.2041666,94.1069444,2013-10-15,0.0,NORMAL,0.0,N/A,NORMAL,,False,,False,,NORMAL,0
Guwahati,13,ISRO1104_15F450(Dhemaji Degree College. Dhemaji),27.475555,94.55167,2013-10-15,0.0,NORMAL,0.0,N/A,NORMAL,,False,,False,,NORMAL,0
Guwahati,13,ISRO1106_15F452(Rangiya Degree College. Rangiya),26.426945,91.61389,2013-10-15,0.0,NORMAL,0.0,N/A,NORMAL,,False,,False,,NORMAL,0
Guwahati,13,ISRO1101_15F44D(Regional Science Centre. Khanpara. Guwhathi),26.120556,91.81639,2013-10-15,0.0,NORMAL,0.0,N/A,NORMAL,,False,,False,,NORMAL,0
Guwahati,13,ISRO0067_15F043(NALBARI),26.4358333,91.335,2013-10-15,0.0,NORMAL,0.0,N/A,NORMAL,,False,,False,,NORMAL,0
Guwahati,13,ISRO1102_15F44E(North Guwhathi College. North Guwhathi),26.202223,91.715836,2013-10-15,0.0,NORMAL,0.0,N/A,NORMAL,,False,,False,,NORMAL,0
Bagdogra,11,ISRO0066_15F042(GOSSAIGAON),26.3908333,89.9405555,2013-10-15,0.0,NORMAL,0.0,N/A,NORMAL,,False,,False,,NORMAL,0
Guwahati,13,ISRO1101_15F44D(Regional Science Centre. Khanpara. Guwhathi),26.120556,91.81639,2013-10-16,0.0,NORMAL,0.0,N/A,NORMAL,,False,,False,,NORMAL,0
Guwahati,13,ISRO0065_15F041(BONGAIGAON),26.523055,90.491111,2013-10-18,0.0,NORMAL,0.0,N/A,NORMAL,,False,,False,,NORMAL,0
Guwahati,13,ISRO0065_15F041(BONGAIGAON),26.523055,90.491111,2013-10-19,0.0,NORMAL,0.0,N/A,NORMAL,,False,,False,,NORMAL,0
Guwahati,13,ISRO1101_15F44D(Regional Science Centre. Khanpara. Guwhathi),26.120556,91.81639,2013-10-21,6.0,NORMAL,0.0,N/A,NORMAL,,False,,False,,NORMAL,0
Guwahati,13,ISRO0065_15F041(BONGAIGAON),26.523055,90.491111,2013-10-22,0.0,NORMAL,0.0,N/A,NORMAL,,False,,False,,NORMAL,0
Guwahati,13,ISRO1101_15F44D(Regional Science Centre. Khanpara. Guwhathi),26.120556,91.81639,2013-10-26,0.0,NORMAL,0.0,N/A,NORMAL,,False,,False,,NORMAL,0
Guwahati,13,ISRO0065_15F041(BONGAIGAON),26.523055,90.491111,2013-10-26,10.0,NORMAL,0.0,N/A,NORMAL,,False,,False,,NORMAL,0
Guwahati,13,ISRO1101_15F44D(Regional Science Centre. Khanpara. Guwhathi),26.120556,91.81639,2013-10-27,3.0,NORMAL,0.0,N/A,NORMAL,,False,,False,,NORMAL,0
Guwahati,13,ISRO1101_15F44D(Regional Science Centre. Khanpara. Guwhathi),26.120556,91.81639,2013-10-28,4.0,NORMAL,0.0,N/A,NORMAL,,False,,False,,NORMAL,0
Guwahati,13,ISRO0065_15F041(BONGAIGAON),26.523055,90.491111,2013-10-29,1.0,NORMAL,0.0,N/A,NORMAL,,False,,False,,NORMAL,0
Guwahati,13,ISRO0065_15F041(BONGAIGAON),26.523055,90.491111,2013-10-30,0.0,NORMAL,0.0,N/A,NORMAL,,False,,False,,NORMAL,0
Guwahati,13,ISRO0065_15F041(BONGAIGAON),26.523055,90.491111,2013-10-31,0.0,NORMAL,0.0,N/A,NORMAL,,False,,False,,NORMAL,0
Guwahati,13,ISRO1104_15F450(Dhemaji Degree College. Dhemaji),27.475555,94.55167,2013-11-03,10.0,NORMAL,0.0,N/A,NORMAL,,False,,False,,NORMAL,0
Guwahati,13,ISRO1106_15F452(Rangiya Degree College. Rangiya),26.426945,91.61389,2013-11-03,12.0,NORMAL,0.0,N/A,NORMAL,,False,,False,,NORMAL,0
Guwahati,13,ISRO1102_15F44E(North Guwhathi College. North Guwhathi),26.202223,91.715836,2013-11-03,0.0,NORMAL,0.0,N/A,NORMAL,,False,,False,,NORMAL,0
Guwahati,13,ISRO1071_15F42F(Ananda),27.44861,94.22945,2013-11-03,16.0,NORMAL,0.0,N/A,NORMAL,,False,,False,,NORMAL,0
Guwahati,13,ISRO0076_15F04C(Dhubri),26.023333,89.96917,2013-11-03,14.0,NORMAL,0.0,N/A,NORMAL,,False,,False,,NORMAL,0
Guwahati,13,ISRO1069_15F42D(TRA. Dikom),27.466667,95.08889,2013-11-03,12.0,NORMAL,0.0,N/A,NORMAL,,False,,False,,NORMAL,0
Guwahati,13,ISRO1112_15F458(President. Gharowa. Lumding),25.751112,93.178055,2013-11-03,35.0,T2,0.5429,COARSE,CLOUDBURST_CANDIDATE,L=0.543 | R_core=35.0mm | R_bg=16.0mm (nearest_proxy (331km)) | scale=COARSE | gradient: [ZC:80km=13.0mm] [ZC:109km=5.0mm] [ZC:142km=0.0mm] [ZC:151km=0.0mm] [ZC:155km=0.0mm] [ZC:173km=12.0mm] [ZC:186km=5.0mm] [ZC:216km=16.0mm] [ZC:235km=10.0mm] [ZC:269km=12.0mm] [ZC:282km=0.0mm] [ZC:322km=14.0mm] [ZC:331km=16.0mm],False,no_iwv_buildup (delta=-4.6mm < 2.0mm threshold),False,offline_verification,CANDIDATE_CLOUDBURST,13
Lengpui,12,ISRO0069_15F045(ARUNACHAL),24.8541666,92.7388888,2013-11-03,5.0,NORMAL,0.0,N/A,NORMAL,,False,,False,,NORMAL,0
Guwahati,13,ISRO1068_15F42C(TRA. Jorhat),26.730833,94.22667,2013-11-03,0.0,NORMAL,0.0,N/A,NORMAL,,False,,False,,NORMAL,0
Guwahati,13,ISRO0062_15F03E(LAKHIMPUR),27.2041666,94.1069444,2013-11-03,5.0,NORMAL,0.0,N/A,NORMAL,,False,,False,,NORMAL,0
Bagdogra,11,ISRO0066_15F042(GOSSAIGAON),26.3908333,89.9405555,2013-11-03,16.0,NORMAL,0.0,N/A,NORMAL,,False,,False,,NORMAL,0
Guwahati,13,ISRO1071_15F42F(Ananda),27.44861,94.22945,2013-11-04,94.0,T2,0.9043,COARSE,CLOUDBURST_CANDIDATE,L=0.904 | R_core=94.0mm | R_bg=9.0mm (nearest_proxy (452km)) | scale=COARSE | gradient: [ZC:30km=48.0mm] [ZC:32km=127.0mm] [ZC:80km=0.0mm] [ZC:85km=36.0mm] [ZC:167km=22.0mm] [ZC:216km=79.0mm] [ZC:281km=0.0mm] [ZC:283km=18.0mm] [ZC:285km=0.0mm] [ZC:325km=93.0mm] [ZC:384km=0.0mm] [ZC:441km=25.0mm] [ZC:452km=9.0mm],False,no_iwv_buildup (delta=-2.3mm < 2.0mm threshold),False,offline_verification,CANDIDATE_CLOUDBURST,13
Guwahati,13,ISRO1068_15F42C(TRA. Jorhat),26.730833,94.22667,2013-11-04,0.0,NORMAL,0.0,N/A,NORMAL,,False,,False,,NORMAL,0
Guwahati,13,ISRO1104_15F450(Dhemaji Degree College. Dhemaji),27.475555,94.55167,2013-11-04,127.0,T1,0.9291,COARSE,CLOUDBURST_CANDIDATE,L=0.929 | R_core=127.0mm | R_bg=9.0mm (nearest_proxy (483km)) | scale=COARSE | gradient: [ZC:32km=94.0mm] [ZC:53km=36.0mm] [ZC:53km=48.0mm] [ZC:89km=0.0mm] [ZC:194km=22.0mm] [ZC:235km=79.0mm] [ZC:310km=0.0mm] [ZC:314km=18.0mm] [ZC:315km=0.0mm] [ZC:343km=93.0mm] [ZC:416km=0.0mm] [ZC:473km=25.0mm] [ZC:483km=9.0mm],False,no_iwv_buildup (delta=-2.3mm < 2.0mm threshold),False,offline_verification,CANDIDATE_CLOUDBURST,13
Lengpui,12,ISRO0069_15F045(ARUNACHAL),24.8541666,92.7388888,2013-11-04,93.0,T2,0.6129,COARSE,CLOUDBURST_CANDIDATE,L=0.613 | R_core=93.0mm | R_bg=36.0mm (nearest_proxy (373km)) | scale=COARSE | gradient: [ZC:109km=79.0mm] [ZC:169km=0.0mm] [ZC:179km=22.0mm] [ZC:182km=0.0mm] [ZC:208km=18.0mm] [ZC:256km=0.0mm] [ZC:292km=0.0mm] [ZC:295km=48.0mm] [ZC:307km=9.0mm] [ZC:325km=94.0mm] [ZC:328km=25.0mm] [ZC:343km=127.0mm] [ZC:373km=36.0mm],False,no_iwv_buildup (delta=-2.6mm < 2.0mm threshold),False,offline_verification,CANDIDATE_CLOUDBURST,13
Guwahati,13,ISRO1106_15F452(Rangiya Degree College. Rangiya),26.426945,91.61389,2013-11-04,18.0,NORMAL,0.0,N/A,NORMAL,,False,,False,,NORMAL,0
Guwahati,13,ISRO1112_15F458(President. Gharowa. Lumding),25.751112,93.178055,2013-11-04,79.0,T2,0.6835,COARSE,CLOUDBURST_CANDIDATE,L=0.684 | R_core=79.0mm | R_bg=25.0mm (nearest_proxy (331km)) | scale=COARSE | gradient: [ZC:80km=22.0mm] [ZC:109km=93.0mm] [ZC:142km=0.0mm] [ZC:151km=0.0mm] [ZC:155km=0.0mm] [ZC:173km=18.0mm] [ZC:186km=48.0mm] [ZC:216km=94.0mm] [ZC:235km=127.0mm] [ZC:269km=36.0mm] [ZC:282km=0.0mm] [ZC:322km=9.0mm] [ZC:331km=25.0mm],False,no_iwv_buildup (delta=-2.3mm < 2.0mm threshold),False,offline_verification,CANDIDATE_CLOUDBURST,13
Guwahati,13,ISRO1069_15F42D(TRA. Dikom),27.466667,95.08889,2013-11-04,36.0,T2,0.75,COARSE,CLOUDBURST_CANDIDATE,L=0.750 | R_core=36.0mm | R_bg=9.0mm (nearest_proxy (533km)) | scale=COARSE | gradient: [ZC:53km=127.0mm] [ZC:85km=94.0mm] [ZC:101km=48.0mm] [ZC:118km=0.0mm] [ZC:238km=22.0mm] [ZC:269km=79.0mm] [ZC:358km=0.0mm] [ZC:363km=0.0mm] [ZC:363km=18.0mm] [ZC:373km=93.0mm] [ZC:467km=0.0mm] [ZC:524km=25.0mm] [ZC:533km=9.0mm],False,no_iwv_buildup (delta=-2.3mm < 2.0mm threshold),False,offline_verification,CANDIDATE_CLOUDBURST,13
Guwahati,13,ISRO0062_15F03E(LAKHIMPUR),27.2041666,94.1069444,2013-11-04,48.0,T2,0.8125,COARSE,CLOUDBURST_CANDIDATE,L=0.812 | R_core=48.0mm | R_bg=9.0mm (nearest_proxy (432km)) | scale=COARSE | gradient: [ZC:30km=94.0mm] [ZC:53km=127.0mm] [ZC:54km=0.0mm] [ZC:101km=36.0mm] [ZC:140km=22.0mm] [ZC:186km=79.0mm] [ZC:258km=0.0mm] [ZC:262km=18.0mm] [ZC:262km=0.0mm] [ZC:295km=93.0mm] [ZC:367km=0.0mm] [ZC:423km=25.0mm] [ZC:432km=9.0mm],False,no_iwv_buildup (delta=-2.3mm < 2.0mm threshold),False,offline_verification,CANDIDATE_CLOUDBURST,13
Guwahati,13,ISRO1074_15F432(Salonah),26.445833,92.975,2013-11-04,22.0,NORMAL,0.0,N/A,NORMAL,,False,,False,,NORMAL,0
Bagdogra,11,ISRO0066_15F042(GOSSAIGAON),26.3908333,89.9405555,2013-11-04,25.0,NORMAL,0.0,N/A,NORMAL,,False,,False,,NORMAL,0
Guwahati,13,ISRO0065_15F041(BONGAIGAON),26.523055,90.491111,2013-11-05,0.0,NORMAL,0.0,N/A,NORMAL,,False,,False,,NORMAL,0
Lengpui,12,ISRO0069_15F045(ARUNACHAL),24.8541666,92.7388888,2013-11-05,400.0,T1,0.9625,COARSE,CLOUDBURST_CANDIDATE,L=0.963 | R_core=400.0mm | R_bg=15.0mm (nearest_proxy (373km)) | scale=COARSE | gradient: [ZC:109km=210.0mm] [ZC:169km=0.0mm] [ZC:179km=33.0mm] [ZC:182km=0.0mm] [ZC:208km=68.0mm] [ZC:225km=0.0mm] [ZC:256km=169.0mm] [ZC:292km=0.0mm] [ZC:295km=0.0mm] [ZC:307km=13.0mm] [ZC:325km=210.0mm] [ZC:328km=400.0mm] [ZC:343km=251.0mm] [ZC:373km=15.0mm],False,no_iwv_buildup (delta=-1.2mm < 2.0mm threshold),False,offline_verification,CANDIDATE_CLOUDBURST,14
Guwahati,13,ISRO1071_15F42F(Ananda),27.44861,94.22945,2013-11-05,210.0,T1,0.9381,COARSE,CLOUDBURST_CANDIDATE,L=0.938 | R_core=210.0mm | R_bg=13.0mm (nearest_proxy (452km)) | scale=COARSE | gradient: [ZC:30km=0.0mm] [ZC:32km=251.0mm] [ZC:80km=169.0mm] [ZC:85km=15.0mm] [ZC:167km=33.0mm] [ZC:216km=210.0mm] [ZC:281km=0.0mm] [ZC:283km=68.0mm] [ZC:285km=0.0mm] [ZC:308km=0.0mm] [ZC:325km=400.0mm] [ZC:384km=0.0mm] [ZC:441km=400.0mm] [ZC:452km=13.0mm],False,no_iwv_buildup (delta=-3.6mm < 2.0mm threshold),False,offline_verification,CANDIDATE_CLOUDBURST,14
Bagdogra,11,ISRO0066_15F042(GOSSAIGAON),26.3908333,89.9405555,2013-11-05,400.0,T1,0.9625,COARSE,CLOUDBURST_CANDIDATE,L=0.963 | R_core=400.0mm | R_bg=15.0mm (nearest_proxy (524km)) | scale=COARSE | gradient: [ZC:41km=13.0mm] [ZC:57km=0.0mm] [ZC:139km=0.0mm] [ZC:167km=68.0mm] [ZC:178km=0.0mm] [ZC:189km=0.0mm] [ZC:302km=33.0mm] [ZC:328km=400.0mm] [ZC:331km=210.0mm] [ZC:423km=0.0mm] [ZC:428km=169.0mm] [ZC:441km=210.0mm] [ZC:473km=251.0mm] [ZC:524km=15.0mm],False,no_iwv_buildup (delta=-3.0mm < 2.0mm threshold),False,offline_verification,CANDIDATE_CLOUDBURST,14
Guwahati,13,ISRO0067_15F043(NALBARI),26.4358333,91.335,2013-11-05,0.0,NORMAL,0.0,N/A,NORMAL,,False,,False,,NORMAL,0
Guwahati,13,ISRO1068_15F42C(TRA. Jorhat),26.730833,94.22667,2013-11-05,169.0,T1,0.9231,COARSE,CLOUDBURST_CANDIDATE,L=0.923 | R_core=169.0mm | R_bg=13.0mm (nearest_proxy (431km)) | scale=COARSE | gradient: [ZC:54km=0.0mm] [ZC:80km=210.0mm] [ZC:89km=251.0mm] [ZC:118km=15.0mm] [ZC:128km=33.0mm] [ZC:151km=210.0mm] [ZC:249km=0.0mm] [ZC:256km=400.0mm] [ZC:257km=0.0mm] [ZC:262km=68.0mm] [ZC:289km=0.0mm] [ZC:372km=0.0mm] [ZC:428km=400.0mm] [ZC:431km=13.0mm],False,no_iwv_buildup (delta=-3.6mm < 2.0mm threshold),False,offline_verification,CANDIDATE_CLOUDBURST,14
Guwahati,13,ISRO1106_15F452(Rangiya Degree College. Rangiya),26.426945,91.61389,2013-11-05,68.0,T2,0.7794,COARSE,CLOUDBURST_CANDIDATE,L=0.779 | R_core=68.0mm | R_bg=15.0mm (nearest_proxy (363km)) | scale=COARSE | gradient: [ZC:27km=0.0mm] [ZC:28km=0.0mm] [ZC:40km=0.0mm] [ZC:112km=0.0mm] [ZC:136km=33.0mm] [ZC:167km=400.0mm] [ZC:170km=13.0mm] [ZC:173km=210.0mm] [ZC:208km=400.0mm] [ZC:262km=169.0mm] [ZC:262km=0.0mm] [ZC:283km=210.0mm] [ZC:314km=251.0mm] [ZC:363km=15.0mm],False,no_iwv_buildup (delta=-3.6mm < 2.0mm threshold),False,offline_verification,CANDIDATE_CLOUDBURST,14
Guwahati,13,ISRO1069_15F42D(TRA. Dikom),27.466667,95.08889,2013-11-05,15.0,NORMAL,0.0,N/A,NORMAL,,False,,False,,NORMAL,0
Guwahati,13,ISRO1074_15F432(Salonah),26.445833,92.975,2013-11-05,33.0,T2,0.6061,COARSE,CLOUDBURST_CANDIDATE,L=0.606 | R_core=33.0mm | R_bg=13.0mm (nearest_proxy (303km)) | scale=COARSE | gradient: [ZC:80km=210.0mm] [ZC:121km=0.0mm] [ZC:128km=0.0mm] [ZC:128km=169.0mm] [ZC:136km=68.0mm] [ZC:140km=0.0mm] [ZC:163km=0.0mm] [ZC:167km=210.0mm] [ZC:179km=400.0mm] [ZC:194km=251.0mm] [ZC:238km=15.0mm] [ZC:247km=0.0mm] [ZC:302km=400.0mm] [ZC:303km=13.0mm],False,no_iwv_buildup (delta=-3.6mm < 2.0mm threshold),False,offline_verification,CANDIDATE_CLOUDBURST,14
Guwahati,13,ISRO1104_15F450(Dhemaji Degree College. Dhemaji),27.475555,94.55167,2013-11-05,251.0,T1,0.9482,COARSE,CLOUDBURST_CANDIDATE,L=0.948 | R_core=251.0mm | R_bg=13.0mm (nearest_proxy (483km)) | scale=COARSE | gradient: [ZC:32km=210.0mm] [ZC:53km=15.0mm] [ZC:53km=0.0mm] [ZC:89km=169.0mm] [ZC:194km=33.0mm] [ZC:235km=210.0mm] [ZC:310km=0.0mm] [ZC:314km=68.0mm] [ZC:315km=0.0mm] [ZC:339km=0.0mm] [ZC:343km=400.0mm] [ZC:416km=0.0mm] [ZC:473km=400.0mm] [ZC:483km=13.0mm],False,no_iwv_buildup (delta=-3.6mm < 2.0mm threshold),False,offline_verification,CANDIDATE_CLOUDBURST,14
Guwahati,13,ISRO0076_15F04C(Dhubri),26.023333,89.96917,2013-11-05,13.0,NORMAL,0.0,N/A,NORMAL,,False,,False,,NORMAL,0
Guwahati,13,ISRO0062_15F03E(LAKHIMPUR),27.2041666,94.1069444,2013-11-05,0.0,NORMAL,0.0,N/A,NORMAL,,False,,False,,NORMAL,0
Guwahati,13,ISRO1112_15F458(President. Gharowa. Lumding),25.751112,93.178055,2013-11-05,210.0,T1,0.0,COARSE,WIDESPREAD_HEAVY_RAIN,L=0.000 | R_core=210.0mm | R_bg=400.0mm (nearest_proxy (331km)) | scale=COARSE | gradient: [ZC:80km=33.0mm] [ZC:109km=400.0mm] [ZC:142km=0.0mm] [ZC:151km=169.0mm] [ZC:155km=0.0mm] [ZC:173km=68.0mm] [ZC:186km=0.0mm] [ZC:199km=0.0mm] [ZC:216km=210.0mm] [ZC:235km=251.0mm] [ZC:269km=15.0mm] [ZC:282km=0.0mm] [ZC:322km=13.0mm] [ZC:331km=400.0mm],False,no_iwv_buildup (delta=-3.6mm < 2.0mm threshold),False,offline_verification,WIDESPREAD_HEAVY_RAIN,14
Guwahati,13,ISRO1068_15F42C(TRA. Jorhat),26.730833,94.22667,2013-11-06,0.0,NORMAL,0.0,N/A,NORMAL,,False,,False,,NORMAL,0
Guwahati,13,ISRO0076_15F04C(Dhubri),26.023333,89.96917,2013-11-06,60.0,T2,0.8833,COARSE,CLOUDBURST_CANDIDATE,L=0.883 | R_core=60.0mm | R_bg=7.0mm (nearest_proxy (533km)) | scale=COARSE | gradient: [ZC:41km=41.0mm] [ZC:76km=0.0mm] [ZC:144km=0.0mm] [ZC:170km=47.0mm] [ZC:176km=400.0mm] [ZC:185km=0.0mm] [ZC:303km=62.0mm] [ZC:322km=158.0mm] [ZC:431km=0.0mm] [ZC:432km=1.0mm] [ZC:452km=22.0mm] [ZC:483km=295.0mm] [ZC:533km=7.0mm],False,no_iwv_buildup (delta=-1.0mm < 2.0mm threshold),False,offline_verification,CANDIDATE_CLOUDBURST,13
Guwahati,13,ISRO1074_15F432(Salonah),26.445833,92.975,2013-11-06,62.0,T2,0.0323,COARSE,WIDESPREAD_HEAVY_RAIN,L=0.032 | R_core=62.0mm | R_bg=60.0mm (nearest_proxy (303km)) | scale=COARSE | gradient: [ZC:80km=158.0mm] [ZC:121km=0.0mm] [ZC:128km=400.0mm] [ZC:128km=0.0mm] [ZC:136km=47.0mm] [ZC:140km=1.0mm] [ZC:163km=0.0mm] [ZC:167km=22.0mm] [ZC:194km=295.0mm] [ZC:238km=7.0mm] [ZC:247km=0.0mm] [ZC:302km=41.0mm] [ZC:303km=60.0mm],False,no_iwv_buildup (delta=-1.0mm < 2.0mm threshold),False,offline_verification,WIDESPREAD_HEAVY_RAIN,13
Guwahati,13,ISRO1071_15F42F(Ananda),27.44861,94.22945,2013-11-06,22.0,NORMAL,0.0,N/A,NORMAL,,False,,False,,NORMAL,0
Guwahati,13,ISRO1102_15F44E(North Guwhathi College. North Guwhathi),26.202223,91.715836,2013-11-06,400.0,T1,1.0,FINE,CLOUDBURST_CANDIDATE,L=1.000 | R_core=400.0mm | R_bg=0.0mm (zone_C_mean (1 stations)) | scale=FINE | gradient: [ZC:14km=0.0mm] [ZC:27km=47.0mm] [ZC:46km=0.0mm] [ZC:127km=0.0mm] [ZC:128km=62.0mm] [ZC:155km=158.0mm] [ZC:176km=60.0mm] [ZC:178km=41.0mm] [ZC:257km=0.0mm] [ZC:262km=1.0mm] [ZC:285km=22.0mm] [ZC:315km=295.0mm] [ZC:363km=7.0mm],False,no_iwv_buildup (delta=-1.0mm < 2.0mm threshold),False,offline_verification,CANDIDATE_CLOUDBURST,13
Guwahati,13,ISRO1104_15F450(Dhemaji Degree College. Dhemaji),27.475555,94.55167,2013-11-06,295.0,T1,0.7966,COARSE,CLOUDBURST_CANDIDATE,L=0.797 | R_core=295.0mm | R_bg=60.0mm (nearest_proxy (483km)) | scale=COARSE | gradient: [ZC:32km=22.0mm] [ZC:53km=7.0mm] [ZC:53km=1.0mm] [ZC:89km=0.0mm] [ZC:194km=62.0mm] [ZC:235km=158.0mm] [ZC:310km=0.0mm] [ZC:314km=47.0mm] [ZC:315km=400.0mm] [ZC:339km=0.0mm] [ZC:416km=0.0mm] [ZC:473km=41.0mm] [ZC:483km=60.0mm],False,no_iwv_buildup (delta=-1.0mm < 2.0mm threshold),False,offline_verification,CANDIDATE_CLOUDBURST,13
Guwahati,13,ISRO1112_15F458(President. Gharowa. Lumding),25.751112,93.178055,2013-11-06,158.0,T1,0.7405,COARSE,CLOUDBURST_CANDIDATE,L=0.741 | R_core=158.0mm | R_bg=41.0mm (nearest_proxy (331km)) | scale=COARSE | gradient: [ZC:80km=62.0mm] [ZC:142km=0.0mm] [ZC:151km=0.0mm] [ZC:155km=400.0mm] [ZC:173km=47.0mm] [ZC:186km=1.0mm] [ZC:199km=0.0mm] [ZC:216km=22.0mm] [ZC:235km=295.0mm] [ZC:269km=7.0mm] [ZC:282km=0.0mm] [ZC:322km=60.0mm] [ZC:331km=41.0mm],False,no_iwv_buildup (delta=-1.0mm < 2.0mm threshold),False,offline_verification,CANDIDATE_CLOUDBURST,13
Guwahati,13,ISRO1106_15F452(Rangiya Degree College. Rangiya),26.426945,91.61389,2013-11-06,47.0,T2,0.8511,COARSE,CLOUDBURST_CANDIDATE,L=0.851 | R_core=47.0mm | R_bg=7.0mm (nearest_proxy (363km)) | scale=COARSE | gradient: [ZC:27km=400.0mm] [ZC:28km=0.0mm] [ZC:40km=0.0mm] [ZC:112km=0.0mm] [ZC:136km=62.0mm] [ZC:167km=41.0mm] [ZC:170km=60.0mm] [ZC:173km=158.0mm] [ZC:262km=0.0mm] [ZC:262km=1.0mm] [ZC:283km=22.0mm] [ZC:314km=295.0mm] [ZC:363km=7.0mm],False,no_iwv_buildup (delta=-1.0mm < 2.0mm threshold),False,offline_verification,CANDIDATE_CLOUDBURST,13
Bagdogra,11,ISRO0066_15F042(GOSSAIGAON),26.3908333,89.9405555,2013-11-06,41.0,T2,0.8293,COARSE,CLOUDBURST_CANDIDATE,L=0.829 | R_core=41.0mm | R_bg=7.0mm (nearest_proxy (524km)) | scale=COARSE | gradient: [ZC:41km=60.0mm] [ZC:57km=0.0mm] [ZC:139km=0.0mm] [ZC:167km=47.0mm] [ZC:178km=400.0mm] [ZC:189km=0.0mm] [ZC:302km=62.0mm] [ZC:331km=158.0mm] [ZC:423km=1.0mm] [ZC:428km=0.0mm] [ZC:441km=22.0mm] [ZC:473km=295.0mm] [ZC:524km=7.0mm],False,no_iwv_buildup (delta=-0.2mm < 2.0mm threshold),False,offline_verification,CANDIDATE_CLOUDBURST,13
Guwahati,13,ISRO0062_15F03E(LAKHIMPUR),27.2041666,94.1069444,2013-11-06,1.0,NORMAL,0.0,N/A,NORMAL,,False,,False,,NORMAL,0
Guwahati,13,ISRO0076_15F04C(Dhubri),26.023333,89.96917,2013-11-07,18.0,NORMAL,0.0,N/A,NORMAL,,False,,False,,NORMAL,0
Guwahati,13,ISRO1068_15F42C(TRA. Jorhat),26.730833,94.22667,2013-11-07,0.0,NORMAL,0.0,N/A,NORMAL,,False,,False,,NORMAL,0
Guwahati,13,ISRO0062_15F03E(LAKHIMPUR),27.2041666,94.1069444,2013-11-07,0.0,NORMAL,0.0,N/A,NORMAL,,False,,False,,NORMAL,0
Guwahati,13,ISRO1074_15F432(Salonah),26.445833,92.975,2013-11-07,85.0,T2,0.7882,COARSE,CLOUDBURST_CANDIDATE,L=0.788 | R_core=85.0mm | R_bg=18.0mm (nearest_proxy (303km)) | scale=COARSE | gradient: [ZC:80km=249.0mm] [ZC:121km=0.0mm] [ZC:128km=0.0mm] [ZC:128km=0.0mm] [ZC:136km=121.0mm] [ZC:140km=0.0mm] [ZC:163km=0.0mm] [ZC:167km=8.0mm] [ZC:179km=211.0mm] [ZC:238km=1.0mm] [ZC:247km=0.0mm] [ZC:303km=18.0mm],False,no_iwv_buildup (delta=0.4mm < 2.0mm threshold),False,offline_verification,CANDIDATE_CLOUDBURST,12
Guwahati,13,ISRO1071_15F42F(Ananda),27.44861,94.22945,2013-11-07,8.0,NORMAL,0.0,N/A,NORMAL,,False,,False,,NORMAL,0
Guwahati,13,ISRO1106_15F452(Rangiya Degree College. Rangiya),26.426945,91.61389,2013-11-07,121.0,T1,0.9917,COARSE,CLOUDBURST_CANDIDATE,L=0.992 | R_core=121.0mm | R_bg=1.0mm (nearest_proxy (363km)) | scale=COARSE | gradient: [ZC:27km=0.0mm] [ZC:28km=0.0mm] [ZC:40km=0.0mm] [ZC:112km=0.0mm] [ZC:136km=85.0mm] [ZC:170km=18.0mm] [ZC:173km=249.0mm] [ZC:208km=211.0mm] [ZC:262km=0.0mm] [ZC:262km=0.0mm] [ZC:283km=8.0mm] [ZC:363km=1.0mm],False,no_iwv_buildup (delta=0.4mm < 2.0mm threshold),False,offline_verification,CANDIDATE_CLOUDBURST,12
Guwahati,13,ISRO1112_15F458(President. Gharowa. Lumding),25.751112,93.178055,2013-11-07,249.0,T1,0.9277,COARSE,CLOUDBURST_CANDIDATE,L=0.928 | R_core=249.0mm | R_bg=18.0mm (nearest_proxy (322km)) | scale=COARSE | gradient: [ZC:80km=85.0mm] [ZC:109km=211.0mm] [ZC:142km=0.0mm] [ZC:151km=0.0mm] [ZC:155km=0.0mm] [ZC:173km=121.0mm] [ZC:186km=0.0mm] [ZC:199km=0.0mm] [ZC:216km=8.0mm] [ZC:269km=1.0mm] [ZC:282km=0.0mm] [ZC:322km=18.0mm],False,no_iwv_buildup (delta=0.4mm < 2.0mm threshold),False,offline_verification,CANDIDATE_CLOUDBURST,12
Lengpui,12,ISRO0069_15F045(ARUNACHAL),24.8541666,92.7388888,2013-11-07,211.0,T1,0.9953,COARSE,CLOUDBURST_CANDIDATE,L=0.995 | R_core=211.0mm | R_bg=1.0mm (nearest_proxy (373km)) | scale=COARSE | gradient: [ZC:109km=249.0mm] [ZC:169km=0.0mm] [ZC:179km=85.0mm] [ZC:182km=0.0mm] [ZC:208km=121.0mm] [ZC:225km=0.0mm] [ZC:256km=0.0mm] [ZC:292km=0.0mm] [ZC:295km=0.0mm] [ZC:307km=18.0mm] [ZC:325km=8.0mm] [ZC:373km=1.0mm],False,no_iwv_buildup (delta=-1.9mm < 2.0mm threshold),False,offline_verification,CANDIDATE_CLOUDBURST,12
Guwahati,13,ISRO1102_15F44E(North Guwhathi College. North Guwhathi),26.202223,91.715836,2013-11-07,0.0,NORMAL,0.0,N/A,NORMAL,,False,,False,,NORMAL,0
Guwahati,13,ISRO0062_15F03E(LAKHIMPUR),27.2041666,94.1069444,2013-11-08,0.0,NORMAL,0.0,N/A,NORMAL,,False,,False,,NORMAL,0
Guwahati,13,ISRO1068_15F42C(TRA. Jorhat),26.730833,94.22667,2013-11-08,0.0,NORMAL,0.0,N/A,NORMAL,,False,,False,,NORMAL,0
Guwahati,13,ISRO1101_15F44D(Regional Science Centre. Khanpara. Guwhathi),26.120556,91.81639,2013-11-08,0.0,NORMAL,0.0,N/A,NORMAL,,False,,False,,NORMAL,0
Guwahati,13,ISRO1106_15F452(Rangiya Degree College. Rangiya),26.426945,91.61389,2013-11-08,126.0,T1,0.9603,COARSE,CLOUDBURST_CANDIDATE,L=0.960 | R_core=126.0mm | R_bg=5.0mm (nearest_proxy (363km)) | scale=COARSE | gradient: [ZC:40km=0.0mm] [ZC:112km=0.0mm] [ZC:167km=315.0mm] [ZC:170km=2.0mm] [ZC:208km=0.0mm] [ZC:262km=0.0mm] [ZC:262km=0.0mm] [ZC:283km=5.0mm] [ZC:363km=5.0mm],False,no_iwv_buildup (delta=-0.2mm < 2.0mm threshold),False,offline_verification,CANDIDATE_CLOUDBURST,9
Guwahati,13,ISRO0076_15F04C(Dhubri),26.023333,89.96917,2013-11-08,2.0,NORMAL,0.0,N/A,NORMAL,,False,,False,,NORMAL,0
Lengpui,12,ISRO0069_15F045(ARUNACHAL),24.8541666,92.7388888,2013-11-08,0.0,NORMAL,0.0,N/A,NORMAL,,False,,False,,NORMAL,0
Guwahati,13,ISRO1071_15F42F(Ananda),27.44861,94.22945,2013-11-08,5.0,NORMAL,0.0,N/A,NORMAL,,False,,False,,NORMAL,0
Guwahati,13,ISRO1069_15F42D(TRA. Dikom),27.466667,95.08889,2013-11-08,5.0,NORMAL,0.0,N/A,NORMAL,,False,,False,,NORMAL,0
Bagdogra,11,ISRO0066_15F042(GOSSAIGAON),26.3908333,89.9405555,2013-11-08,315.0,T1,0.9841,COARSE,CLOUDBURST_CANDIDATE,L=0.984 | R_core=315.0mm | R_bg=5.0mm (nearest_proxy (524km)) | scale=COARSE | gradient: [ZC:41km=2.0mm] [ZC:57km=0.0mm] [ZC:167km=126.0mm] [ZC:189km=0.0mm] [ZC:328km=0.0mm] [ZC:423km=0.0mm] [ZC:428km=0.0mm] [ZC:441km=5.0mm] [ZC:524km=5.0mm],False,no_iwv_buildup (delta=-0.6mm < 2.0mm threshold),False,offline_verification,CANDIDATE_CLOUDBURST,9
Lengpui,12,ISRO0069_15F045(ARUNACHAL),24.8541666,92.7388888,2013-11-09,0.0,NORMAL,0.0,N/A,NORMAL,,False,,False,,NORMAL,0
Guwahati,13,ISRO1069_15F42D(TRA. Dikom),27.466667,95.08889,2013-11-09,0.0,NORMAL,0.0,N/A,NORMAL,,False,,False,,NORMAL,0
Guwahati,13,ISRO1102_15F44E(North Guwhathi College. North Guwhathi),26.202223,91.715836,2013-11-09,0.0,NORMAL,0.0,N/A,NORMAL,,False,,False,,NORMAL,0
Bagdogra,11,ISRO0066_15F042(GOSSAIGAON),26.3908333,89.9405555,2013-11-09,400.0,T1,1.0,COARSE,CLOUDBURST_CANDIDATE,L=1.000 | R_core=400.0mm | R_bg=0.0mm (nearest_proxy (524km)) | scale=COARSE | gradient: [ZC:41km=5.0mm] [ZC:57km=0.0mm] [ZC:178km=0.0mm] [ZC:189km=0.0mm] [ZC:302km=91.0mm] [ZC:328km=0.0mm] [ZC:331km=34.0mm] [ZC:423km=0.0mm] [ZC:441km=8.0mm] [ZC:473km=0.0mm] [ZC:524km=0.0mm],False,no_iwv_buildup (delta=-2.8mm < 2.0mm threshold),False,offline_verification,CANDIDATE_CLOUDBURST,11
Guwahati,13,ISRO1071_15F42F(Ananda),27.44861,94.22945,2013-11-09,8.0,NORMAL,0.0,N/A,NORMAL,,False,,False,,NORMAL,0
Guwahati,13,ISRO1074_15F432(Salonah),26.445833,92.975,2013-11-09,91.0,T2,0.9451,COARSE,CLOUDBURST_CANDIDATE,L=0.945 | R_core=91.0mm | R_bg=5.0mm (nearest_proxy (303km)) | scale=COARSE | gradient: [ZC:80km=34.0mm] [ZC:121km=0.0mm] [ZC:128km=0.0mm] [ZC:140km=0.0mm] [ZC:167km=8.0mm] [ZC:179km=0.0mm] [ZC:194km=0.0mm] [ZC:238km=0.0mm] [ZC:247km=0.0mm] [ZC:302km=400.0mm] [ZC:303km=5.0mm],False,no_iwv_buildup (delta=-1.4mm < 2.0mm threshold),False,offline_verification,CANDIDATE_CLOUDBURST,11
Guwahati,13,ISRO1112_15F458(President. Gharowa. Lumding),25.751112,93.178055,2013-11-09,34.0,T2,0.0,COARSE,WIDESPREAD_HEAVY_RAIN,L=0.000 | R_core=34.0mm | R_bg=400.0mm (nearest_proxy (331km)) | scale=COARSE | gradient: [ZC:80km=91.0mm] [ZC:109km=0.0mm] [ZC:142km=0.0mm] [ZC:155km=0.0mm] [ZC:186km=0.0mm] [ZC:216km=8.0mm] [ZC:235km=0.0mm] [ZC:269km=0.0mm] [ZC:282km=0.0mm] [ZC:322km=5.0mm] [ZC:331km=400.0mm],False,no_iwv_buildup (delta=-1.4mm < 2.0mm threshold),False,offline_verification,WIDESPREAD_HEAVY_RAIN,11
Guwahati,13,ISRO0062_15F03E(LAKHIMPUR),27.2041666,94.1069444,2013-11-09,0.0,NORMAL,0.0,N/A,NORMAL,,False,,False,,NORMAL,0
Guwahati,13,ISRO1104_15F450(Dhemaji Degree College. Dhemaji),27.475555,94.55167,2013-11-09,0.0,NORMAL,0.0,N/A,NORMAL,,False,,False,,NORMAL,0
Guwahati,13,ISRO0076_15F04C(Dhubri),26.023333,89.96917,2013-11-09,5.0,NORMAL,0.0,N/A,NORMAL,,False,,False,,NORMAL,0
Guwahati,13,ISRO1112_15F458(President. Gharowa. Lumding),25.751112,93.178055,2013-11-10,110.0,T1,0.0909,COARSE,WIDESPREAD_HEAVY_RAIN,L=0.091 | R_core=110.0mm | R_bg=100.0mm (nearest_proxy (331km)) | scale=COARSE | gradient: [ZC:80km=81.0mm] [ZC:109km=153.0mm] [ZC:142km=0.0mm] [ZC:155km=400.0mm] [ZC:173km=181.0mm] [ZC:186km=0.0mm] [ZC:216km=62.0mm] [ZC:235km=400.0mm] [ZC:269km=136.0mm] [ZC:282km=0.0mm] [ZC:322km=6.0mm] [ZC:331km=100.0mm],False,no_iwv_buildup (delta=-1.4mm < 2.0mm threshold),False,offline_verification,WIDESPREAD_HEAVY_RAIN,12
Guwahati,13,ISRO1106_15F452(Rangiya Degree College. Rangiya),26.426945,91.61389,2013-11-10,181.0,T1,0.2486,COARSE,WIDESPREAD_HEAVY_RAIN,L=0.249 | R_core=181.0mm | R_bg=136.0mm (nearest_proxy (363km)) | scale=COARSE | gradient: [ZC:27km=400.0mm] [ZC:40km=0.0mm] [ZC:112km=0.0mm] [ZC:136km=81.0mm] [ZC:167km=100.0mm] [ZC:170km=6.0mm] [ZC:173km=110.0mm] [ZC:208km=153.0mm] [ZC:262km=0.0mm] [ZC:283km=62.0mm] [ZC:314km=400.0mm] [ZC:363km=136.0mm],False,no_iwv_buildup (delta=-1.4mm < 2.0mm threshold),False,offline_verification,WIDESPREAD_HEAVY_RAIN,12
Guwahati,13,ISRO1102_15F44E(North Guwhathi College. North Guwhathi),26.202223,91.715836,2013-11-10,400.0,T1,1.0,FINE,CLOUDBURST_CANDIDATE,L=1.000 | R_core=400.0mm | R_bg=0.0mm (zone_C_mean (1 stations)) | scale=FINE | gradient: [ZC:14km=0.0mm] [ZC:27km=181.0mm] [ZC:127km=0.0mm] [ZC:128km=81.0mm] [ZC:155km=110.0mm] [ZC:176km=6.0mm] [ZC:178km=100.0mm] [ZC:182km=153.0mm] [ZC:262km=0.0mm] [ZC:285km=62.0mm] [ZC:315km=400.0mm] [ZC:363km=136.0mm],False,no_iwv_buildup (delta=-1.4mm < 2.0mm threshold),False,offline_verification,CANDIDATE_CLOUDBURST,12
Lengpui,12,ISRO0069_15F045(ARUNACHAL),24.8541666,92.7388888,2013-11-10,153.0,T1,0.1111,COARSE,WIDESPREAD_HEAVY_RAIN,L=0.111 | R_core=153.0mm | R_bg=136.0mm (nearest_proxy (373km)) | scale=COARSE | gradient: [ZC:109km=110.0mm] [ZC:169km=0.0mm] [ZC:179km=81.0mm] [ZC:182km=400.0mm] [ZC:208km=181.0mm] [ZC:292km=0.0mm] [ZC:295km=0.0mm] [ZC:307km=6.0mm] [ZC:325km=62.0mm] [ZC:328km=100.0mm] [ZC:343km=400.0mm] [ZC:373km=136.0mm],False,no_iwv_buildup (delta=-1.9mm < 2.0mm threshold),False,offline_verification,WIDESPREAD_HEAVY_RAIN,12
Guwahati,13,ISRO1069_15F42D(TRA. Dikom),27.466667,95.08889,2013-11-10,136.0,T1,0.9559,COARSE,CLOUDBURST_CANDIDATE,L=0.956 | R_core=136.0mm | R_bg=6.0mm (nearest_proxy (533km)) | scale=COARSE | gradient: [ZC:53km=400.0mm] [ZC:85km=62.0mm] [ZC:101km=0.0mm] [ZC:238km=81.0mm] [ZC:269km=110.0mm] [ZC:358km=0.0mm] [ZC:363km=400.0mm] [ZC:363km=181.0mm] [ZC:373km=153.0mm] [ZC:467km=0.0mm] [ZC:524km=100.0mm] [ZC:533km=6.0mm],False,no_iwv_buildup (delta=-1.4mm < 2.0mm threshold),False,offline_verification,CANDIDATE_CLOUDBURST,12
Guwahati,13,ISRO1104_15F450(Dhemaji Degree College. Dhemaji),27.475555,94.55167,2013-11-10,400.0,T1,0.985,COARSE,CLOUDBURST_CANDIDATE,L=0.985 | R_core=400.0mm | R_bg=6.0mm (nearest_proxy (483km)) | scale=COARSE | gradient: [ZC:32km=62.0mm] [ZC:53km=136.0mm] [ZC:53km=0.0mm] [ZC:194km=81.0mm] [ZC:235km=110.0mm] [ZC:310km=0.0mm] [ZC:314km=181.0mm] [ZC:315km=400.0mm] [ZC:343km=153.0mm] [ZC:416km=0.0mm] [ZC:473km=100.0mm] [ZC:483km=6.0mm],False,no_iwv_buildup (delta=-1.4mm < 2.0mm threshold),False,offline_verification,CANDIDATE_CLOUDBURST,12
Bagdogra,11,ISRO0066_15F042(GOSSAIGAON),26.3908333,89.9405555,2013-11-10,100.0,T1,0.0,COARSE,WIDESPREAD_HEAVY_RAIN,L=0.000 | R_core=100.0mm | R_bg=136.0mm (nearest_proxy (524km)) | scale=COARSE | gradient: [ZC:41km=6.0mm] [ZC:57km=0.0mm] [ZC:167km=181.0mm] [ZC:178km=400.0mm] [ZC:189km=0.0mm] [ZC:302km=81.0mm] [ZC:328km=153.0mm] [ZC:331km=110.0mm] [ZC:423km=0.0mm] [ZC:441km=62.0mm] [ZC:473km=400.0mm] [ZC:524km=136.0mm],False,no_iwv_buildup (delta=-1.2mm < 2.0mm threshold),False,offline_verification,WIDESPREAD_HEAVY_RAIN,12
Guwahati,13,ISRO1074_15F432(Salonah),26.445833,92.975,2013-11-10,81.0,T2,0.9259,COARSE,CLOUDBURST_CANDIDATE,L=0.926 | R_core=81.0mm | R_bg=6.0mm (nearest_proxy (303km)) | scale=COARSE | gradient: [ZC:80km=110.0mm] [ZC:121km=0.0mm] [ZC:128km=400.0mm] [ZC:136km=181.0mm] [ZC:140km=0.0mm] [ZC:167km=62.0mm] [ZC:179km=153.0mm] [ZC:194km=400.0mm] [ZC:238km=136.0mm] [ZC:247km=0.0mm] [ZC:302km=100.0mm] [ZC:303km=6.0mm],False,no_iwv_buildup (delta=-1.4mm < 2.0mm threshold),False,offline_verification,CANDIDATE_CLOUDBURST,12
Guwahati,13,ISRO1071_15F42F(Ananda),27.44861,94.22945,2013-11-10,62.0,T2,0.9032,COARSE,CLOUDBURST_CANDIDATE,L=0.903 | R_core=62.0mm | R_bg=6.0mm (nearest_proxy (452km)) | scale=COARSE | gradient: [ZC:30km=0.0mm] [ZC:32km=400.0mm] [ZC:85km=136.0mm] [ZC:167km=81.0mm] [ZC:216km=110.0mm] [ZC:281km=0.0mm] [ZC:283km=181.0mm] [ZC:285km=400.0mm] [ZC:325km=153.0mm] [ZC:384km=0.0mm] [ZC:441km=100.0mm] [ZC:452km=6.0mm],False,no_iwv_buildup (delta=-1.4mm < 2.0mm threshold),False,offline_verification,CANDIDATE_CLOUDBURST,12
Guwahati,13,ISRO0076_15F04C(Dhubri),26.023333,89.96917,2013-11-10,6.0,NORMAL,0.0,N/A,NORMAL,,False,,False,,NORMAL,0
Guwahati,13,ISRO1104_15F450(Dhemaji Degree College. Dhemaji),27.475555,94.55167,2013-11-11,52.0,T2,0.9038,COARSE,CLOUDBURST_CANDIDATE,L=0.904 | R_core=52.0mm | R_bg=5.0mm (nearest_proxy (483km)) | scale=COARSE | gradient: [ZC:32km=34.0mm] [ZC:53km=42.0mm] [ZC:53km=0.0mm] [ZC:194km=22.0mm] [ZC:235km=89.0mm] [ZC:310km=0.0mm] [ZC:314km=19.0mm] [ZC:315km=0.0mm] [ZC:339km=51.0mm] [ZC:343km=63.0mm] [ZC:416km=0.0mm] [ZC:473km=47.0mm] [ZC:483km=5.0mm],False,no_iwv_buildup (delta=-0.5mm < 2.0mm threshold),False,offline_verification,CANDIDATE_CLOUDBURST,13
Guwahati,13,ISRO1106_15F452(Rangiya Degree College. Rangiya),26.426945,91.61389,2013-11-11,19.0,NORMAL,0.0,N/A,NORMAL,,False,,False,,NORMAL,0
Guwahati,13,ISRO1069_15F42D(TRA. Dikom),27.466667,95.08889,2013-11-11,42.0,T2,0.881,COARSE,CLOUDBURST_CANDIDATE,L=0.881 | R_core=42.0mm | R_bg=5.0mm (nearest_proxy (533km)) | scale=COARSE | gradient: [ZC:53km=52.0mm] [ZC:85km=34.0mm] [ZC:101km=0.0mm] [ZC:238km=22.0mm] [ZC:269km=89.0mm] [ZC:358km=0.0mm] [ZC:363km=0.0mm] [ZC:363km=19.0mm] [ZC:373km=63.0mm] [ZC:389km=51.0mm] [ZC:467km=0.0mm] [ZC:524km=47.0mm] [ZC:533km=5.0mm],False,no_iwv_buildup (delta=-0.5mm < 2.0mm threshold),False,offline_verification,CANDIDATE_CLOUDBURST,13
Guwahati,13,ISRO1112_15F458(President. Gharowa. Lumding),25.751112,93.178055,2013-11-11,89.0,T2,0.4719,COARSE,CLOUDBURST_CANDIDATE,L=0.472 | R_core=89.0mm | R_bg=47.0mm (nearest_proxy (331km)) | scale=COARSE | gradient: [ZC:80km=22.0mm] [ZC:109km=63.0mm] [ZC:142km=0.0mm] [ZC:155km=0.0mm] [ZC:173km=19.0mm] [ZC:186km=0.0mm] [ZC:199km=51.0mm] [ZC:216km=34.0mm] [ZC:235km=52.0mm] [ZC:269km=42.0mm] [ZC:282km=0.0mm] [ZC:322km=5.0mm] [ZC:331km=47.0mm],False,no_iwv_buildup (delta=-0.5mm < 2.0mm threshold),False,offline_verification,CANDIDATE_CLOUDBURST,13
Lengpui,12,ISRO0069_15F045(ARUNACHAL),24.8541666,92.7388888,2013-11-11,63.0,T2,0.3333,COARSE,WIDESPREAD_HEAVY_RAIN,L=0.333 | R_core=63.0mm | R_bg=42.0mm (nearest_proxy (373km)) | scale=COARSE | gradient: [ZC:109km=89.0mm] [ZC:169km=0.0mm] [ZC:179km=22.0mm] [ZC:182km=0.0mm] [ZC:208km=19.0mm] [ZC:225km=51.0mm] [ZC:292km=0.0mm] [ZC:295km=0.0mm] [ZC:307km=5.0mm] [ZC:325km=34.0mm] [ZC:328km=47.0mm] [ZC:343km=52.0mm] [ZC:373km=42.0mm],False,no_iwv_buildup (delta=-1.4mm < 2.0mm threshold),False,offline_verification,WIDESPREAD_HEAVY_RAIN,13
Guwahati,13,ISRO0076_15F04C(Dhubri),26.023333,89.96917,2013-11-11,5.0,NORMAL,0.0,N/A,NORMAL,,False,,False,,NORMAL,0
Guwahati,13,ISRO1102_15F44E(North Guwhathi College. North Guwhathi),26.202223,91.715836,2013-11-11,0.0,NORMAL,0.0,N/A,NORMAL,,False,,False,,NORMAL,0
Guwahati,13,ISRO1101_15F44D(Regional Science Centre. Khanpara. Guwhathi),26.120556,91.81639,2013-11-11,0.0,NORMAL,0.0,N/A,NORMAL,,False,,False,,NORMAL,0
Guwahati,13,ISRO1074_15F432(Salonah),26.445833,92.975,2013-11-11,22.0,NORMAL,0.0,N/A,NORMAL,,False,,False,,NORMAL,0
Guwahati,13,ISRO0067_15F043(NALBARI),26.4358333,91.335,2013-11-11,51.0,T2,0.1765,COARSE,WIDESPREAD_HEAVY_RAIN,L=0.176 | R_core=51.0mm | R_bg=42.0mm (nearest_proxy (389km)) | scale=COARSE | gradient: [ZC:28km=19.0mm] [ZC:46km=0.0mm] [ZC:59km=0.0mm] [ZC:85km=0.0mm] [ZC:139km=47.0mm] [ZC:144km=5.0mm] [ZC:163km=22.0mm] [ZC:199km=89.0mm] [ZC:225km=63.0mm] [ZC:288km=0.0mm] [ZC:308km=34.0mm] [ZC:339km=52.0mm] [ZC:389km=42.0mm],False,no_iwv_buildup (delta=-0.5mm < 2.0mm threshold),False,offline_verification,WIDESPREAD_HEAVY_RAIN,13
Guwahati,13,ISRO0062_15F03E(LAKHIMPUR),27.2041666,94.1069444,2013-11-11,0.0,NORMAL,0.0,N/A,NORMAL,,False,,False,,NORMAL,0
Bagdogra,11,ISRO0066_15F042(GOSSAIGAON),26.3908333,89.9405555,2013-11-11,47.0,T2,0.1064,COARSE,WIDESPREAD_HEAVY_RAIN,L=0.106 | R_core=47.0mm | R_bg=42.0mm (nearest_proxy (524km)) | scale=COARSE | gradient: [ZC:41km=5.0mm] [ZC:57km=0.0mm] [ZC:139km=51.0mm] [ZC:167km=19.0mm] [ZC:178km=0.0mm] [ZC:189km=0.0mm] [ZC:302km=22.0mm] [ZC:328km=63.0mm] [ZC:331km=89.0mm] [ZC:423km=0.0mm] [ZC:441km=34.0mm] [ZC:473km=52.0mm] [ZC:524km=42.0mm],False,no_iwv_buildup (delta=-2.8mm < 2.0mm threshold),False,offline_verification,WIDESPREAD_HEAVY_RAIN,13
Guwahati,13,ISRO1071_15F42F(Ananda),27.44861,94.22945,2013-11-11,34.0,T2,0.8529,COARSE,CLOUDBURST_CANDIDATE,L=0.853 | R_core=34.0mm | R_bg=5.0mm (nearest_proxy (452km)) | scale=COARSE | gradient: [ZC:30km=0.0mm] [ZC:32km=52.0mm] [ZC:85km=42.0mm] [ZC:167km=22.0mm] [ZC:216km=89.0mm] [ZC:281km=0.0mm] [ZC:283km=19.0mm] [ZC:285km=0.0mm] [ZC:308km=51.0mm] [ZC:325km=63.0mm] [ZC:384km=0.0mm] [ZC:441km=47.0mm] [ZC:452km=5.0mm],False,no_iwv_buildup (delta=-0.5mm < 2.0mm threshold),False,offline_verification,CANDIDATE_CLOUDBURST,13
Bagdogra,11,ISRO0066_15F042(GOSSAIGAON),26.3908333,89.9405555,2013-11-12,0.0,NORMAL,0.0,N/A,NORMAL,,False,,False,,NORMAL,0
Guwahati,13,ISRO1112_15F458(President. Gharowa. Lumding),25.751112,93.178055,2013-11-12,1.0,NORMAL,0.0,N/A,NORMAL,,False,,False,,NORMAL,0
Guwahati,13,ISRO1106_15F452(Rangiya Degree College. Rangiya),26.426945,91.61389,2013-11-12,0.0,NORMAL,0.0,N/A,NORMAL,,False,,False,,NORMAL,0
Guwahati,13,ISRO1102_15F44E(North Guwhathi College. North Guwhathi),26.202223,91.715836,2013-11-12,0.0,NORMAL,0.0,N/A,NORMAL,,False,,False,,NORMAL,0
Lengpui,12,ISRO0069_15F045(ARUNACHAL),24.8541666,92.7388888,2013-11-12,0.0,NORMAL,0.0,N/A,NORMAL,,False,,False,,NORMAL,0
Guwahati,13,ISRO1071_15F42F(Ananda),27.44861,94.22945,2013-11-12,0.0,NORMAL,0.0,N/A,NORMAL,,False,,False,,NORMAL,0
Guwahati,13,ISRO0067_15F043(NALBARI),26.4358333,91.335,2013-11-12,0.0,NORMAL,0.0,N/A,NORMAL,,False,,False,,NORMAL,0
Guwahati,13,ISRO0062_15F03E(LAKHIMPUR),27.2041666,94.1069444,2013-11-12,0.0,NORMAL,0.0,N/A,NORMAL,,False,,False,,NORMAL,0
Guwahati,13,ISRO0076_15F04C(Dhubri),26.023333,89.96917,2013-11-12,1.0,NORMAL,0.0,N/A,NORMAL,,False,,False,,NORMAL,0
Guwahati,13,ISRO1104_15F450(Dhemaji Degree College. Dhemaji),27.475555,94.55167,2013-11-12,0.0,NORMAL,0.0,N/A,NORMAL,,False,,False,,NORMAL,0
Guwahati,13,ISRO1074_15F432(Salonah),26.445833,92.975,2013-11-12,0.0,NORMAL,0.0,N/A,NORMAL,,False,,False,,NORMAL,0
Guwahati,13,ISRO1068_15F42C(TRA. Jorhat),26.730833,94.22667,2013-11-13,0.0,NORMAL,0.0,N/A,NORMAL,,False,,False,,NORMAL,0
Guwahati,13,ISRO1069_15F42D(TRA. Dikom),27.466667,95.08889,2013-11-13,0.0,NORMAL,0.0,N/A,NORMAL,,False,,False,,NORMAL,0
Guwahati,13,ISRO1112_15F458(President. Gharowa. Lumding),25.751112,93.178055,2013-11-13,0.0,NORMAL,0.0,N/A,NORMAL,,False,,False,,NORMAL,0
Bagdogra,11,ISRO0066_15F042(GOSSAIGAON),26.3908333,89.9405555,2013-11-13,0.0,NORMAL,0.0,N/A,NORMAL,,False,,False,,NORMAL,0
Guwahati,13,ISRO0067_15F043(NALBARI),26.4358333,91.335,2013-11-13,0.0,NORMAL,0.0,N/A,NORMAL,,False,,False,,NORMAL,0
Guwahati,13,ISRO0062_15F03E(LAKHIMPUR),27.2041666,94.1069444,2013-11-13,0.0,NORMAL,0.0,N/A,NORMAL,,False,,False,,NORMAL,0
Guwahati,13,ISRO1071_15F42F(Ananda),27.44861,94.22945,2013-11-13,0.0,NORMAL,0.0,N/A,NORMAL,,False,,False,,NORMAL,0
Guwahati,13,ISRO1102_15F44E(North Guwhathi College. North Guwhathi),26.202223,91.715836,2013-11-13,0.0,NORMAL,0.0,N/A,NORMAL,,False,,False,,NORMAL,0
Guwahati,13,ISRO1104_15F450(Dhemaji Degree College. Dhemaji),27.475555,94.55167,2013-11-13,0.0,NORMAL,0.0,N/A,NORMAL,,False,,False,,NORMAL,0
Guwahati,13,ISRO1106_15F452(Rangiya Degree College. Rangiya),26.426945,91.61389,2013-11-13,0.0,NORMAL,0.0,N/A,NORMAL,,False,,False,,NORMAL,0
Guwahati,13,ISRO1074_15F432(Salonah),26.445833,92.975,2013-11-13,0.0,NORMAL,0.0,N/A,NORMAL,,False,,False,,NORMAL,0
Lengpui,12,ISRO0069_15F045(ARUNACHAL),24.8541666,92.7388888,2013-11-13,0.0,NORMAL,0.0,N/A,NORMAL,,False,,False,,NORMAL,0
Guwahati,13,ISRO1071_15F42F(Ananda),27.44861,94.22945,2013-11-14,0.0,NORMAL,0.0,N/A,NORMAL,,False,,False,,NORMAL,0
Guwahati,13,ISRO1068_15F42C(TRA. Jorhat),26.730833,94.22667,2013-11-14,0.0,NORMAL,0.0,N/A,NORMAL,,False,,False,,NORMAL,0
Guwahati,13,ISRO1104_15F450(Dhemaji Degree College. Dhemaji),27.475555,94.55167,2013-11-14,0.0,NORMAL,0.0,N/A,NORMAL,,False,,False,,NORMAL,0
Lengpui,12,ISRO0069_15F045(ARUNACHAL),24.8541666,92.7388888,2013-11-14,0.0,NORMAL,0.0,N/A,NORMAL,,False,,False,,NORMAL,0
Guwahati,13,ISRO1112_15F458(President. Gharowa. Lumding),25.751112,93.178055,2013-11-14,0.0,NORMAL,0.0,N/A,NORMAL,,False,,False,,NORMAL,0
Guwahati,13,ISRO1069_15F42D(TRA. Dikom),27.466667,95.08889,2013-11-14,0.0,NORMAL,0.0,N/A,NORMAL,,False,,False,,NORMAL,0
Bagdogra,11,ISRO0066_15F042(GOSSAIGAON),26.3908333,89.9405555,2013-11-14,0.0,NORMAL,0.0,N/A,NORMAL,,False,,False,,NORMAL,0
Guwahati,13,ISRO0067_15F043(NALBARI),26.4358333,91.335,2013-11-14,0.0,NORMAL,0.0,N/A,NORMAL,,False,,False,,NORMAL,0
Guwahati,13,ISRO0065_15F041(BONGAIGAON),26.523055,90.491111,2013-11-14,0.0,NORMAL,0.0,N/A,NORMAL,,False,,False,,NORMAL,0
Guwahati,13,ISRO1106_15F452(Rangiya Degree College. Rangiya),26.426945,91.61389,2013-11-14,0.0,NORMAL,0.0,N/A,NORMAL,,False,,False,,NORMAL,0
Guwahati,13,ISRO1102_15F44E(North Guwhathi College. North Guwhathi),26.202223,91.715836,2013-11-14,0.0,NORMAL,0.0,N/A,NORMAL,,False,,False,,NORMAL,0
Guwahati,13,ISRO1069_15F42D(TRA. Dikom),27.466667,95.08889,2013-11-15,0.0,NORMAL,0.0,N/A,NORMAL,,False,,False,,NORMAL,0
Bagdogra,11,ISRO0066_15F042(GOSSAIGAON),26.3908333,89.9405555,2013-11-15,0.0,NORMAL,0.0,N/A,NORMAL,,False,,False,,NORMAL,0
Guwahati,13,ISRO1106_15F452(Rangiya Degree College. Rangiya),26.426945,91.61389,2013-11-15,0.0,NORMAL,0.0,N/A,NORMAL,,False,,False,,NORMAL,0
Guwahati,13,ISRO1102_15F44E(North Guwhathi College. North Guwhathi),26.202223,91.715836,2013-11-15,0.0,NORMAL,0.0,N/A,NORMAL,,False,,False,,NORMAL,0
Guwahati,13,ISRO0067_15F043(NALBARI),26.4358333,91.335,2013-11-15,0.0,NORMAL,0.0,N/A,NORMAL,,False,,False,,NORMAL,0
Lengpui,12,ISRO0069_15F045(ARUNACHAL),24.8541666,92.7388888,2013-11-15,0.0,NORMAL,0.0,N/A,NORMAL,,False,,False,,NORMAL,0
Guwahati,13,ISRO1074_15F432(Salonah),26.445833,92.975,2013-11-15,0.0,NORMAL,0.0,N/A,NORMAL,,False,,False,,NORMAL,0
Guwahati,13,ISRO1071_15F42F(Ananda),27.44861,94.22945,2013-11-15,0.0,NORMAL,0.0,N/A,NORMAL,,False,,False,,NORMAL,0
Guwahati,13,ISRO1104_15F450(Dhemaji Degree College. Dhemaji),27.475555,94.55167,2013-11-15,0.0,NORMAL,0.0,N/A,NORMAL,,False,,False,,NORMAL,0
Guwahati,13,ISRO1068_15F42C(TRA. Jorhat),26.730833,94.22667,2013-11-15,0.0,NORMAL,0.0,N/A,NORMAL,,False,,False,,NORMAL,0
Guwahati,13,ISRO1112_15F458(President. Gharowa. Lumding),25.751112,93.178055,2013-11-15,0.0,NORMAL,0.0,N/A,NORMAL,,False,,False,,NORMAL,0
Guwahati,13,ISRO1101_15F44D(Regional Science Centre. Khanpara. Guwhathi),26.120556,91.81639,2013-11-17,0.0,NORMAL,0.0,N/A,NORMAL,,False,,False,,NORMAL,0
Guwahati,13,ISRO1101_15F44D(Regional Science Centre. Khanpara. Guwhathi),26.120556,91.81639,2013-11-21,0.0,NORMAL,0.0,N/A,NORMAL,,False,,False,,NORMAL,0
Guwahati,13,ISRO1101_15F44D(Regional Science Centre. Khanpara. Guwhathi),26.120556,91.81639,2013-11-22,0.0,NORMAL,0.0,N/A,NORMAL,,False,,False,,NORMAL,0
Guwahati,13,ISRO0065_15F041(BONGAIGAON),26.523055,90.491111,2013-11-24,0.0,NORMAL,0.0,N/A,NORMAL,,False,,False,,NORMAL,0
Guwahati,13,ISRO0065_15F041(BONGAIGAON),26.523055,90.491111,2013-11-25,0.0,NORMAL,0.0,N/A,NORMAL,,False,,False,,NORMAL,0
Guwahati,13,ISRO1101_15F44D(Regional Science Centre. Khanpara. Guwhathi),26.120556,91.81639,2013-11-26,0.0,NORMAL,0.0,N/A,NORMAL,,False,,False,,NORMAL,0
Guwahati,13,ISRO1112_15F458(President. Gharowa. Lumding),25.751112,93.178055,2013-12-03,43.0,T2,0.6279,COARSE,CLOUDBURST_CANDIDATE,L=0.628 | R_core=43.0mm | R_bg=16.0mm (nearest_proxy (331km)) | scale=COARSE | gradient: [ZC:80km=13.0mm] [ZC:109km=6.0mm] [ZC:142km=0.0mm] [ZC:151km=0.0mm] [ZC:155km=0.0mm] [ZC:173km=12.0mm] [ZC:186km=5.0mm] [ZC:216km=16.0mm] [ZC:235km=10.0mm] [ZC:269km=13.0mm] [ZC:282km=0.0mm] [ZC:322km=14.0mm] [ZC:331km=16.0mm],False,no_iwv_buildup (delta=-1.6mm < 2.0mm threshold),False,offline_verification,CANDIDATE_CLOUDBURST,13
Guwahati,13,ISRO1104_15F450(Dhemaji Degree College. Dhemaji),27.475555,94.55167,2013-12-03,10.0,NORMAL,0.0,N/A,NORMAL,,False,,False,,NORMAL,0
Guwahati,13,ISRO1071_15F42F(Ananda),27.44861,94.22945,2013-12-03,16.0,NORMAL,0.0,N/A,NORMAL,,False,,False,,NORMAL,0
Guwahati,13,ISRO0065_15F041(BONGAIGAON),26.523055,90.491111,2013-12-03,0.0,NORMAL,0.0,N/A,NORMAL,,False,,False,,NORMAL,0
Bagdogra,11,ISRO0066_15F042(GOSSAIGAON),26.3908333,89.9405555,2013-12-03,16.0,NORMAL,0.0,N/A,NORMAL,,False,,False,,NORMAL,0
Guwahati,13,ISRO1106_15F452(Rangiya Degree College. Rangiya),26.426945,91.61389,2013-12-03,12.0,NORMAL,0.0,N/A,NORMAL,,False,,False,,NORMAL,0
Guwahati,13,ISRO0076_15F04C(Dhubri),26.023333,89.96917,2013-12-03,14.0,NORMAL,0.0,N/A,NORMAL,,False,,False,,NORMAL,0
Guwahati,13,ISRO1074_15F432(Salonah),26.445833,92.975,2013-12-03,13.0,NORMAL,0.0,N/A,NORMAL,,False,,False,,NORMAL,0
Lengpui,12,ISRO0069_15F045(ARUNACHAL),24.8541666,92.7388888,2013-12-03,6.0,NORMAL,0.0,N/A,NORMAL,,False,,False,,NORMAL,0
Guwahati,13,ISRO1068_15F42C(TRA. Jorhat),26.730833,94.22667,2013-12-03,0.0,NORMAL,0.0,N/A,NORMAL,,False,,False,,NORMAL,0
Guwahati,13,ISRO1069_15F42D(TRA. Dikom),27.466667,95.08889,2013-12-03,13.0,NORMAL,0.0,N/A,NORMAL,,False,,False,,NORMAL,0
Guwahati,13,ISRO1102_15F44E(North Guwhathi College. North Guwhathi),26.202223,91.715836,2013-12-03,0.0,NORMAL,0.0,N/A,NORMAL,,False,,False,,NORMAL,0
Guwahati,13,ISRO0062_15F03E(LAKHIMPUR),27.2041666,94.1069444,2013-12-03,5.0,NORMAL,0.0,N/A,NORMAL,,False,,False,,NORMAL,0
Bagdogra,11,ISRO0066_15F042(GOSSAIGAON),26.3908333,89.9405555,2013-12-04,25.0,NORMAL,0.0,N/A,NORMAL,,False,,False,,NORMAL,0
Guwahati,13,ISRO0067_15F043(NALBARI),26.4358333,91.335,2013-12-04,0.0,NORMAL,0.0,N/A,NORMAL,,False,,False,,NORMAL,0
Guwahati,13,ISRO1071_15F42F(Ananda),27.44861,94.22945,2013-12-04,95.0,T2,0.9053,COARSE,CLOUDBURST_CANDIDATE,L=0.905 | R_core=95.0mm | R_bg=9.0mm (nearest_proxy (452km)) | scale=COARSE | gradient: [ZC:30km=48.0mm] [ZC:32km=131.0mm] [ZC:80km=121.0mm] [ZC:85km=35.0mm] [ZC:167km=22.0mm] [ZC:216km=72.0mm] [ZC:281km=0.0mm] [ZC:283km=18.0mm] [ZC:285km=0.0mm] [ZC:308km=0.0mm] [ZC:325km=103.0mm] [ZC:384km=0.0mm] [ZC:441km=25.0mm] [ZC:452km=9.0mm],False,no_iwv_buildup (delta=-0.4mm < 2.0mm threshold),False,offline_verification,CANDIDATE_CLOUDBURST,14
Guwahati,13,ISRO0065_15F041(BONGAIGAON),26.523055,90.491111,2013-12-04,0.0,NORMAL,0.0,N/A,NORMAL,,False,,False,,NORMAL,0
Guwahati,13,ISRO0076_15F04C(Dhubri),26.023333,89.96917,2013-12-04,9.0,NORMAL,0.0,N/A,NORMAL,,False,,False,,NORMAL,0
Lengpui,12,ISRO0069_15F045(ARUNACHAL),24.8541666,92.7388888,2013-12-04,103.0,T1,0.6602,COARSE,CLOUDBURST_CANDIDATE,L=0.660 | R_core=103.0mm | R_bg=35.0mm (nearest_proxy (373km)) | scale=COARSE | gradient: [ZC:109km=72.0mm] [ZC:169km=0.0mm] [ZC:179km=22.0mm] [ZC:182km=0.0mm] [ZC:208km=18.0mm] [ZC:225km=0.0mm] [ZC:256km=121.0mm] [ZC:292km=0.0mm] [ZC:295km=48.0mm] [ZC:307km=9.0mm] [ZC:325km=95.0mm] [ZC:328km=25.0mm] [ZC:343km=131.0mm] [ZC:373km=35.0mm],False,no_iwv_buildup (delta=1.0mm < 2.0mm threshold),False,offline_verification,CANDIDATE_CLOUDBURST,14
Guwahati,13,ISRO0062_15F03E(LAKHIMPUR),27.2041666,94.1069444,2013-12-04,48.0,T2,0.8125,COARSE,CLOUDBURST_CANDIDATE,L=0.812 | R_core=48.0mm | R_bg=9.0mm (nearest_proxy (432km)) | scale=COARSE | gradient: [ZC:30km=95.0mm] [ZC:53km=131.0mm] [ZC:54km=121.0mm] [ZC:101km=35.0mm] [ZC:140km=22.0mm] [ZC:186km=72.0mm] [ZC:258km=0.0mm] [ZC:262km=18.0mm] [ZC:262km=0.0mm] [ZC:288km=0.0mm] [ZC:295km=103.0mm] [ZC:367km=0.0mm] [ZC:423km=25.0mm] [ZC:432km=9.0mm],False,no_iwv_buildup (delta=-0.4mm < 2.0mm threshold),False,offline_verification,CANDIDATE_CLOUDBURST,14
Guwahati,13,ISRO1074_15F432(Salonah),26.445833,92.975,2013-12-04,22.0,NORMAL,0.0,N/A,NORMAL,,False,,False,,NORMAL,0
Guwahati,13,ISRO1068_15F42C(TRA. Jorhat),26.730833,94.22667,2013-12-04,121.0,T1,0.9256,COARSE,CLOUDBURST_CANDIDATE,L=0.926 | R_core=121.0mm | R_bg=9.0mm (nearest_proxy (431km)) | scale=COARSE | gradient: [ZC:54km=48.0mm] [ZC:80km=95.0mm] [ZC:89km=131.0mm] [ZC:118km=35.0mm] [ZC:128km=22.0mm] [ZC:151km=72.0mm] [ZC:249km=0.0mm] [ZC:256km=103.0mm] [ZC:257km=0.0mm] [ZC:262km=18.0mm] [ZC:289km=0.0mm] [ZC:372km=0.0mm] [ZC:428km=25.0mm] [ZC:431km=9.0mm],False,no_iwv_buildup (delta=-0.4mm < 2.0mm threshold),False,offline_verification,CANDIDATE_CLOUDBURST,14
Guwahati,13,ISRO1101_15F44D(Regional Science Centre. Khanpara. Guwhathi),26.120556,91.81639,2013-12-04,0.0,NORMAL,0.0,N/A,NORMAL,,False,,False,,NORMAL,0
Guwahati,13,ISRO1106_15F452(Rangiya Degree College. Rangiya),26.426945,91.61389,2013-12-04,18.0,NORMAL,0.0,N/A,NORMAL,,False,,False,,NORMAL,0
Guwahati,13,ISRO1112_15F458(President. Gharowa. Lumding),25.751112,93.178055,2013-12-04,72.0,T2,0.6528,COARSE,CLOUDBURST_CANDIDATE,L=0.653 | R_core=72.0mm | R_bg=25.0mm (nearest_proxy (331km)) | scale=COARSE | gradient: [ZC:80km=22.0mm] [ZC:109km=103.0mm] [ZC:142km=0.0mm] [ZC:151km=121.0mm] [ZC:155km=0.0mm] [ZC:173km=18.0mm] [ZC:186km=48.0mm] [ZC:199km=0.0mm] [ZC:216km=95.0mm] [ZC:235km=131.0mm] [ZC:269km=35.0mm] [ZC:282km=0.0mm] [ZC:322km=9.0mm] [ZC:331km=25.0mm],False,no_iwv_buildup (delta=-0.4mm < 2.0mm threshold),False,offline_verification,CANDIDATE_CLOUDBURST,14
Guwahati,13,ISRO1069_15F42D(TRA. Dikom),27.466667,95.08889,2013-12-04,35.0,T2,0.7429,COARSE,CLOUDBURST_CANDIDATE,L=0.743 | R_core=35.0mm | R_bg=9.0mm (nearest_proxy (533km)) | scale=COARSE | gradient: [ZC:53km=131.0mm] [ZC:85km=95.0mm] [ZC:101km=48.0mm] [ZC:118km=121.0mm] [ZC:238km=22.0mm] [ZC:269km=72.0mm] [ZC:358km=0.0mm] [ZC:363km=0.0mm] [ZC:363km=18.0mm] [ZC:373km=103.0mm] [ZC:389km=0.0mm] [ZC:467km=0.0mm] [ZC:524km=25.0mm] [ZC:533km=9.0mm],False,no_iwv_buildup (delta=-0.4mm < 2.0mm threshold),False,offline_verification,CANDIDATE_CLOUDBURST,14
Guwahati,13,ISRO1104_15F450(Dhemaji Degree College. Dhemaji),27.475555,94.55167,2013-12-04,131.0,T1,0.9313,COARSE,CLOUDBURST_CANDIDATE,L=0.931 | R_core=131.0mm | R_bg=9.0mm (nearest_proxy (483km)) | scale=COARSE | gradient: [ZC:32km=95.0mm] [ZC:53km=35.0mm] [ZC:53km=48.0mm] [ZC:89km=121.0mm] [ZC:194km=22.0mm] [ZC:235km=72.0mm] [ZC:310km=0.0mm] [ZC:314km=18.0mm] [ZC:315km=0.0mm] [ZC:339km=0.0mm] [ZC:343km=103.0mm] [ZC:416km=0.0mm] [ZC:473km=25.0mm] [ZC:483km=9.0mm],False,no_iwv_buildup (delta=-0.4mm < 2.0mm threshold),False,offline_verification,CANDIDATE_CLOUDBURST,14
Guwahati,13,ISRO1069_15F42D(TRA. Dikom),27.466667,95.08889,2013-12-05,18.0,NORMAL,0.0,N/A,NORMAL,,False,,False,,NORMAL,0
Guwahati,13,ISRO1102_15F44E(North Guwhathi College. North Guwhathi),26.202223,91.715836,2013-12-05,0.0,NORMAL,0.0,N/A,NORMAL,,False,,False,,NORMAL,0
Guwahati,13,ISRO1074_15F432(Salonah),26.445833,92.975,2013-12-05,34.0,T2,0.6176,COARSE,CLOUDBURST_CANDIDATE,L=0.618 | R_core=34.0mm | R_bg=13.0mm (nearest_proxy (303km)) | scale=COARSE | gradient: [ZC:80km=222.0mm] [ZC:121km=0.0mm] [ZC:128km=0.0mm] [ZC:128km=48.0mm] [ZC:136km=69.0mm] [ZC:140km=0.0mm] [ZC:163km=0.0mm] [ZC:167km=209.0mm] [ZC:179km=400.0mm] [ZC:194km=276.0mm] [ZC:238km=18.0mm] [ZC:247km=0.0mm] [ZC:302km=400.0mm] [ZC:303km=13.0mm],False,no_iwv_buildup (delta=0.3mm < 2.0mm threshold),False,offline_verification,CANDIDATE_CLOUDBURST,14
Guwahati,13,ISRO1104_15F450(Dhemaji Degree College. Dhemaji),27.475555,94.55167,2013-12-05,276.0,T1,0.9529,COARSE,CLOUDBURST_CANDIDATE,L=0.953 | R_core=276.0mm | R_bg=13.0mm (nearest_proxy (483km)) | scale=COARSE | gradient: [ZC:32km=209.0mm] [ZC:53km=18.0mm] [ZC:53km=0.0mm] [ZC:89km=48.0mm] [ZC:194km=34.0mm] [ZC:235km=222.0mm] [ZC:310km=0.0mm] [ZC:314km=69.0mm] [ZC:315km=0.0mm] [ZC:339km=0.0mm] [ZC:343km=400.0mm] [ZC:416km=0.0mm] [ZC:473km=400.0mm] [ZC:483km=13.0mm],False,no_iwv_buildup (delta=0.3mm < 2.0mm threshold),False,offline_verification,CANDIDATE_CLOUDBURST,14
Guwahati,13,ISRO1112_15F458(President. Gharowa. Lumding),25.751112,93.178055,2013-12-05,222.0,T1,0.0,COARSE,WIDESPREAD_HEAVY_RAIN,L=0.000 | R_core=222.0mm | R_bg=400.0mm (nearest_proxy (331km)) | scale=COARSE | gradient: [ZC:80km=34.0mm] [ZC:109km=400.0mm] [ZC:142km=0.0mm] [ZC:151km=48.0mm] [ZC:155km=0.0mm] [ZC:173km=69.0mm] [ZC:186km=0.0mm] [ZC:199km=0.0mm] [ZC:216km=209.0mm] [ZC:235km=276.0mm] [ZC:269km=18.0mm] [ZC:282km=0.0mm] [ZC:322km=13.0mm] [ZC:331km=400.0mm],False,no_iwv_buildup (delta=0.3mm < 2.0mm threshold),False,offline_verification,WIDESPREAD_HEAVY_RAIN,14
Lengpui,12,ISRO0069_15F045(ARUNACHAL),24.8541666,92.7388888,2013-12-05,400.0,T1,0.955,COARSE,CLOUDBURST_CANDIDATE,L=0.955 | R_core=400.0mm | R_bg=18.0mm (nearest_proxy (373km)) | scale=COARSE | gradient: [ZC:109km=222.0mm] [ZC:169km=0.0mm] [ZC:179km=34.0mm] [ZC:182km=0.0mm] [ZC:208km=69.0mm] [ZC:225km=0.0mm] [ZC:256km=48.0mm] [ZC:292km=0.0mm] [ZC:295km=0.0mm] [ZC:307km=13.0mm] [ZC:325km=209.0mm] [ZC:328km=400.0mm] [ZC:343km=276.0mm] [ZC:373km=18.0mm],False,no_iwv_buildup (delta=-2.9mm < 2.0mm threshold),False,offline_verification,CANDIDATE_CLOUDBURST,14
Guwahati,13,ISRO1106_15F452(Rangiya Degree College. Rangiya),26.426945,91.61389,2013-12-05,69.0,T2,0.7391,COARSE,CLOUDBURST_CANDIDATE,L=0.739 | R_core=69.0mm | R_bg=18.0mm (nearest_proxy (363km)) | scale=COARSE | gradient: [ZC:27km=0.0mm] [ZC:28km=0.0mm] [ZC:40km=0.0mm] [ZC:112km=0.0mm] [ZC:136km=34.0mm] [ZC:167km=400.0mm] [ZC:170km=13.0mm] [ZC:173km=222.0mm] [ZC:208km=400.0mm] [ZC:262km=48.0mm] [ZC:262km=0.0mm] [ZC:283km=209.0mm] [ZC:314km=276.0mm] [ZC:363km=18.0mm],False,no_iwv_buildup (delta=0.3mm < 2.0mm threshold),False,offline_verification,CANDIDATE_CLOUDBURST,14
Guwahati,13,ISRO1068_15F42C(TRA. Jorhat),26.730833,94.22667,2013-12-05,48.0,T2,0.7292,COARSE,CLOUDBURST_CANDIDATE,L=0.729 | R_core=48.0mm | R_bg=13.0mm (nearest_proxy (431km)) | scale=COARSE | gradient: [ZC:54km=0.0mm] [ZC:80km=209.0mm] [ZC:89km=276.0mm] [ZC:118km=18.0mm] [ZC:128km=34.0mm] [ZC:151km=222.0mm] [ZC:249km=0.0mm] [ZC:256km=400.0mm] [ZC:257km=0.0mm] [ZC:262km=69.0mm] [ZC:289km=0.0mm] [ZC:372km=0.0mm] [ZC:428km=400.0mm] [ZC:431km=13.0mm],False,no_iwv_buildup (delta=0.3mm < 2.0mm threshold),False,offline_verification,CANDIDATE_CLOUDBURST,14
Guwahati,13,ISRO1071_15F42F(Ananda),27.44861,94.22945,2013-12-05,209.0,T1,0.9378,COARSE,CLOUDBURST_CANDIDATE,L=0.938 | R_core=209.0mm | R_bg=13.0mm (nearest_proxy (452km)) | scale=COARSE | gradient: [ZC:30km=0.0mm] [ZC:32km=276.0mm] [ZC:80km=48.0mm] [ZC:85km=18.0mm] [ZC:167km=34.0mm] [ZC:216km=222.0mm] [ZC:281km=0.0mm] [ZC:283km=69.0mm] [ZC:285km=0.0mm] [ZC:308km=0.0mm] [ZC:325km=400.0mm] [ZC:384km=0.0mm] [ZC:441km=400.0mm] [ZC:452km=13.0mm],False,no_iwv_buildup (delta=0.3mm < 2.0mm threshold),False,offline_verification,CANDIDATE_CLOUDBURST,14
Guwahati,13,ISRO0067_15F043(NALBARI),26.4358333,91.335,2013-12-05,0.0,NORMAL,0.0,N/A,NORMAL,,False,,False,,NORMAL,0
Bagdogra,11,ISRO0066_15F042(GOSSAIGAON),26.3908333,89.9405555,2013-12-05,400.0,T1,0.955,COARSE,CLOUDBURST_CANDIDATE,L=0.955 | R_core=400.0mm | R_bg=18.0mm (nearest_proxy (524km)) | scale=COARSE | gradient: [ZC:41km=13.0mm] [ZC:57km=0.0mm] [ZC:139km=0.0mm] [ZC:167km=69.0mm] [ZC:178km=0.0mm] [ZC:189km=0.0mm] [ZC:302km=34.0mm] [ZC:328km=400.0mm] [ZC:331km=222.0mm] [ZC:423km=0.0mm] [ZC:428km=48.0mm] [ZC:441km=209.0mm] [ZC:473km=276.0mm] [ZC:524km=18.0mm],False,insufficient_pre_event_iwv,False,offline_verification,CANDIDATE_CLOUDBURST,14
Guwahati,13,ISRO1112_15F458(President. Gharowa. Lumding),25.751112,93.178055,2013-12-06,145.0,T1,0.7931,COARSE,CLOUDBURST_CANDIDATE,L=0.793 | R_core=145.0mm | R_bg=30.0mm (nearest_proxy (331km)) | scale=COARSE | gradient: [ZC:80km=61.0mm] [ZC:142km=0.0mm] [ZC:151km=0.0mm] [ZC:155km=0.0mm] [ZC:173km=46.0mm] [ZC:186km=1.0mm] [ZC:199km=0.0mm] [ZC:216km=22.0mm] [ZC:235km=266.0mm] [ZC:269km=4.0mm] [ZC:282km=0.0mm] [ZC:322km=61.0mm] [ZC:331km=30.0mm],False,no_iwv_buildup (delta=-1.8mm < 2.0mm threshold),False,offline_verification,CANDIDATE_CLOUDBURST,13
Guwahati,13,ISRO1074_15F432(Salonah),26.445833,92.975,2013-12-06,61.0,T2,0.0,COARSE,WIDESPREAD_HEAVY_RAIN,L=0.000 | R_core=61.0mm | R_bg=61.0mm (nearest_proxy (303km)) | scale=COARSE | gradient: [ZC:80km=145.0mm] [ZC:121km=0.0mm] [ZC:128km=0.0mm] [ZC:128km=0.0mm] [ZC:136km=46.0mm] [ZC:140km=1.0mm] [ZC:163km=0.0mm] [ZC:167km=22.0mm] [ZC:194km=266.0mm] [ZC:238km=4.0mm] [ZC:247km=0.0mm] [ZC:302km=30.0mm] [ZC:303km=61.0mm],False,no_iwv_buildup (delta=-1.8mm < 2.0mm threshold),False,offline_verification,WIDESPREAD_HEAVY_RAIN,13
Guwahati,13,ISRO0076_15F04C(Dhubri),26.023333,89.96917,2013-12-06,61.0,T2,0.9344,COARSE,CLOUDBURST_CANDIDATE,L=0.934 | R_core=61.0mm | R_bg=4.0mm (nearest_proxy (533km)) | scale=COARSE | gradient: [ZC:41km=30.0mm] [ZC:76km=0.0mm] [ZC:144km=0.0mm] [ZC:170km=46.0mm] [ZC:176km=0.0mm] [ZC:185km=0.0mm] [ZC:303km=61.0mm] [ZC:322km=145.0mm] [ZC:431km=0.0mm] [ZC:432km=1.0mm] [ZC:452km=22.0mm] [ZC:483km=266.0mm] [ZC:533km=4.0mm],False,no_iwv_buildup (delta=-1.8mm < 2.0mm threshold),False,offline_verification,CANDIDATE_CLOUDBURST,13
Guwahati,13,ISRO1102_15F44E(North Guwhathi College. North Guwhathi),26.202223,91.715836,2013-12-06,0.0,NORMAL,0.0,N/A,NORMAL,,False,,False,,NORMAL,0
Guwahati,13,ISRO1069_15F42D(TRA. Dikom),27.466667,95.08889,2013-12-06,4.0,NORMAL,0.0,N/A,NORMAL,,False,,False,,NORMAL,0
Guwahati,13,ISRO1106_15F452(Rangiya Degree College. Rangiya),26.426945,91.61389,2013-12-06,46.0,T2,0.913,COARSE,CLOUDBURST_CANDIDATE,L=0.913 | R_core=46.0mm | R_bg=4.0mm (nearest_proxy (363km)) | scale=COARSE | gradient: [ZC:27km=0.0mm] [ZC:28km=0.0mm] [ZC:40km=0.0mm] [ZC:112km=0.0mm] [ZC:136km=61.0mm] [ZC:167km=30.0mm] [ZC:170km=61.0mm] [ZC:173km=145.0mm] [ZC:262km=0.0mm] [ZC:262km=1.0mm] [ZC:283km=22.0mm] [ZC:314km=266.0mm] [ZC:363km=4.0mm],False,no_iwv_buildup (delta=-1.8mm < 2.0mm threshold),False,offline_verification,CANDIDATE_CLOUDBURST,13
Guwahati,13,ISRO1071_15F42F(Ananda),27.44861,94.22945,2013-12-06,22.0,NORMAL,0.0,N/A,NORMAL,,False,,False,,NORMAL,0
Guwahati,13,ISRO0062_15F03E(LAKHIMPUR),27.2041666,94.1069444,2013-12-06,1.0,NORMAL,0.0,N/A,NORMAL,,False,,False,,NORMAL,0
Guwahati,13,ISRO1104_15F450(Dhemaji Degree College. Dhemaji),27.475555,94.55167,2013-12-06,266.0,T1,0.7707,COARSE,CLOUDBURST_CANDIDATE,L=0.771 | R_core=266.0mm | R_bg=61.0mm (nearest_proxy (483km)) | scale=COARSE | gradient: [ZC:32km=22.0mm] [ZC:53km=4.0mm] [ZC:53km=1.0mm] [ZC:89km=0.0mm] [ZC:194km=61.0mm] [ZC:235km=145.0mm] [ZC:310km=0.0mm] [ZC:314km=46.0mm] [ZC:315km=0.0mm] [ZC:339km=0.0mm] [ZC:416km=0.0mm] [ZC:473km=30.0mm] [ZC:483km=61.0mm],False,no_iwv_buildup (delta=-1.8mm < 2.0mm threshold),False,offline_verification,CANDIDATE_CLOUDBURST,13
Bagdogra,11,ISRO0066_15F042(GOSSAIGAON),26.3908333,89.9405555,2013-12-06,30.0,T2,0.8667,COARSE,CLOUDBURST_CANDIDATE,L=0.867 | R_core=30.0mm | R_bg=4.0mm (nearest_proxy (524km)) | scale=COARSE | gradient: [ZC:41km=61.0mm] [ZC:57km=0.0mm] [ZC:139km=0.0mm] [ZC:167km=46.0mm] [ZC:178km=0.0mm] [ZC:189km=0.0mm] [ZC:302km=61.0mm] [ZC:331km=145.0mm] [ZC:423km=1.0mm] [ZC:428km=0.0mm] [ZC:441km=22.0mm] [ZC:473km=266.0mm] [ZC:524km=4.0mm],False,insufficient_pre_event_iwv,False,offline_verification,CANDIDATE_CLOUDBURST,13
Guwahati,13,ISRO0067_15F043(NALBARI),26.4358333,91.335,2013-12-06,0.0,NORMAL,0.0,N/A,NORMAL,,False,,False,,NORMAL,0
Guwahati,13,ISRO1068_15F42C(TRA. Jorhat),26.730833,94.22667,2013-12-06,0.0,NORMAL,0.0,N/A,NORMAL,,False,,False,,NORMAL,0
Guwahati,13,ISRO0065_15F041(BONGAIGAON),26.523055,90.491111,2013-12-07,0.0,NORMAL,0.0,N/A,NORMAL,,False,,False,,NORMAL,0
Guwahati,13,ISRO0067_15F043(NALBARI),26.4358333,91.335,2013-12-07,0.0,NORMAL,0.0,N/A,NORMAL,,False,,False,,NORMAL,0
Guwahati,13,ISRO1069_15F42D(TRA. Dikom),27.466667,95.08889,2013-12-07,1.0,NORMAL,0.0,N/A,NORMAL,,False,,False,,NORMAL,0
Guwahati,13,ISRO1102_15F44E(North Guwhathi College. North Guwhathi),26.202223,91.715836,2013-12-07,0.0,NORMAL,0.0,N/A,NORMAL,,False,,False,,NORMAL,0
Guwahati,13,ISRO1074_15F432(Salonah),26.445833,92.975,2013-12-07,87.0,T2,0.8046,COARSE,CLOUDBURST_CANDIDATE,L=0.805 | R_core=87.0mm | R_bg=17.0mm (nearest_proxy (303km)) | scale=COARSE | gradient: [ZC:80km=255.0mm] [ZC:121km=0.0mm] [ZC:128km=0.0mm] [ZC:128km=0.0mm] [ZC:136km=121.0mm] [ZC:140km=0.0mm] [ZC:163km=0.0mm] [ZC:167km=8.0mm] [ZC:179km=211.0mm] [ZC:238km=1.0mm] [ZC:247km=0.0mm] [ZC:303km=17.0mm],False,no_iwv_buildup (delta=0.1mm < 2.0mm threshold),False,offline_verification,CANDIDATE_CLOUDBURST,12
Guwahati,13,ISRO1106_15F452(Rangiya Degree College. Rangiya),26.426945,91.61389,2013-12-07,121.0,T1,0.9917,COARSE,CLOUDBURST_CANDIDATE,L=0.992 | R_core=121.0mm | R_bg=1.0mm (nearest_proxy (363km)) | scale=COARSE | gradient: [ZC:27km=0.0mm] [ZC:28km=0.0mm] [ZC:40km=0.0mm] [ZC:112km=0.0mm] [ZC:136km=87.0mm] [ZC:170km=17.0mm] [ZC:173km=255.0mm] [ZC:208km=211.0mm] [ZC:262km=0.0mm] [ZC:262km=0.0mm] [ZC:283km=8.0mm] [ZC:363km=1.0mm],False,no_iwv_buildup (delta=0.1mm < 2.0mm threshold),False,offline_verification,CANDIDATE_CLOUDBURST,12
Lengpui,12,ISRO0069_15F045(ARUNACHAL),24.8541666,92.7388888,2013-12-07,211.0,T1,0.9953,COARSE,CLOUDBURST_CANDIDATE,L=0.995 | R_core=211.0mm | R_bg=1.0mm (nearest_proxy (373km)) | scale=COARSE | gradient: [ZC:109km=255.0mm] [ZC:169km=0.0mm] [ZC:179km=87.0mm] [ZC:182km=0.0mm] [ZC:208km=121.0mm] [ZC:225km=0.0mm] [ZC:256km=0.0mm] [ZC:292km=0.0mm] [ZC:295km=0.0mm] [ZC:307km=17.0mm] [ZC:325km=8.0mm] [ZC:373km=1.0mm],False,no_iwv_buildup (delta=-0.7mm < 2.0mm threshold),False,offline_verification,CANDIDATE_CLOUDBURST,12
Guwahati,13,ISRO0062_15F03E(LAKHIMPUR),27.2041666,94.1069444,2013-12-07,0.0,NORMAL,0.0,N/A,NORMAL,,False,,False,,NORMAL,0
Guwahati,13,ISRO1112_15F458(President. Gharowa. Lumding),25.751112,93.178055,2013-12-07,255.0,T1,0.9333,COARSE,CLOUDBURST_CANDIDATE,L=0.933 | R_core=255.0mm | R_bg=17.0mm (nearest_proxy (322km)) | scale=COARSE | gradient: [ZC:80km=87.0mm] [ZC:109km=211.0mm] [ZC:142km=0.0mm] [ZC:151km=0.0mm] [ZC:155km=0.0mm] [ZC:173km=121.0mm] [ZC:186km=0.0mm] [ZC:199km=0.0mm] [ZC:216km=8.0mm] [ZC:269km=1.0mm] [ZC:282km=0.0mm] [ZC:322km=17.0mm],False,no_iwv_buildup (delta=0.1mm < 2.0mm threshold),False,offline_verification,CANDIDATE_CLOUDBURST,12
Guwahati,13,ISRO0076_15F04C(Dhubri),26.023333,89.96917,2013-12-07,17.0,NORMAL,0.0,N/A,NORMAL,,False,,False,,NORMAL,0
Guwahati,13,ISRO1068_15F42C(TRA. Jorhat),26.730833,94.22667,2013-12-07,0.0,NORMAL,0.0,N/A,NORMAL,,False,,False,,NORMAL,0
Guwahati,13,ISRO1071_15F42F(Ananda),27.44861,94.22945,2013-12-07,8.0,NORMAL,0.0,N/A,NORMAL,,False,,False,,NORMAL,0
Guwahati,13,ISRO1106_15F452(Rangiya Degree College. Rangiya),26.426945,91.61389,2013-12-08,126.0,T1,0.9603,COARSE,CLOUDBURST_CANDIDATE,L=0.960 | R_core=126.0mm | R_bg=5.0mm (nearest_proxy (363km)) | scale=COARSE | gradient: [ZC:27km=0.0mm] [ZC:28km=0.0mm] [ZC:40km=0.0mm] [ZC:112km=0.0mm] [ZC:167km=380.0mm] [ZC:170km=2.0mm] [ZC:208km=0.0mm] [ZC:262km=0.0mm] [ZC:262km=0.0mm] [ZC:283km=5.0mm] [ZC:363km=5.0mm],False,no_iwv_buildup (delta=-2.2mm < 2.0mm threshold),False,offline_verification,CANDIDATE_CLOUDBURST,11
Guwahati,13,ISRO1102_15F44E(North Guwhathi College. North Guwhathi),26.202223,91.715836,2013-12-08,0.0,NORMAL,0.0,N/A,NORMAL,,False,,False,,NORMAL,0
Guwahati,13,ISRO0062_15F03E(LAKHIMPUR),27.2041666,94.1069444,2013-12-08,0.0,NORMAL,0.0,N/A,NORMAL,,False,,False,,NORMAL,0
Lengpui,12,ISRO0069_15F045(ARUNACHAL),24.8541666,92.7388888,2013-12-08,0.0,NORMAL,0.0,N/A,NORMAL,,False,,False,,NORMAL,0
Bagdogra,11,ISRO0066_15F042(GOSSAIGAON),26.3908333,89.9405555,2013-12-08,380.0,T1,0.9868,COARSE,CLOUDBURST_CANDIDATE,L=0.987 | R_core=380.0mm | R_bg=5.0mm (nearest_proxy (524km)) | scale=COARSE | gradient: [ZC:41km=2.0mm] [ZC:57km=0.0mm] [ZC:139km=0.0mm] [ZC:167km=126.0mm] [ZC:178km=0.0mm] [ZC:189km=0.0mm] [ZC:328km=0.0mm] [ZC:423km=0.0mm] [ZC:428km=0.0mm] [ZC:441km=5.0mm] [ZC:524km=5.0mm],False,insufficient_pre_event_iwv,False,offline_verification,CANDIDATE_CLOUDBURST,11
Guwahati,13,ISRO0065_15F041(BONGAIGAON),26.523055,90.491111,2013-12-08,0.0,NORMAL,0.0,N/A,NORMAL,,False,,False,,NORMAL,0
Guwahati,13,ISRO0076_15F04C(Dhubri),26.023333,89.96917,2013-12-08,2.0,NORMAL,0.0,N/A,NORMAL,,False,,False,,NORMAL,0
Guwahati,13,ISRO1069_15F42D(TRA. Dikom),27.466667,95.08889,2013-12-08,5.0,NORMAL,0.0,N/A,NORMAL,,False,,False,,NORMAL,0
Guwahati,13,ISRO1068_15F42C(TRA. Jorhat),26.730833,94.22667,2013-12-08,0.0,NORMAL,0.0,N/A,NORMAL,,False,,False,,NORMAL,0
Guwahati,13,ISRO0067_15F043(NALBARI),26.4358333,91.335,2013-12-09,0.0,NORMAL,0.0,N/A,NORMAL,,False,,False,,NORMAL,0
Guwahati,13,ISRO0062_15F03E(LAKHIMPUR),27.2041666,94.1069444,2013-12-09,0.0,NORMAL,0.0,N/A,NORMAL,,False,,False,,NORMAL,0
Guwahati,13,ISRO1112_15F458(President. Gharowa. Lumding),25.751112,93.178055,2013-12-09,60.0,T2,0.0,COARSE,WIDESPREAD_HEAVY_RAIN,L=0.000 | R_core=60.0mm | R_bg=344.0mm (nearest_proxy (331km)) | scale=COARSE | gradient: [ZC:80km=88.0mm] [ZC:109km=0.0mm] [ZC:142km=0.0mm] [ZC:155km=7.0mm] [ZC:186km=0.0mm] [ZC:199km=0.0mm] [ZC:216km=8.0mm] [ZC:235km=346.0mm] [ZC:269km=0.0mm] [ZC:282km=0.0mm] [ZC:322km=6.0mm] [ZC:331km=344.0mm],False,no_iwv_buildup (delta=-1.2mm < 2.0mm threshold),False,offline_verification,WIDESPREAD_HEAVY_RAIN,12
Guwahati,13,ISRO0076_15F04C(Dhubri),26.023333,89.96917,2013-12-09,6.0,NORMAL,0.0,N/A,NORMAL,,False,,False,,NORMAL,0
Guwahati,13,ISRO1104_15F450(Dhemaji Degree College. Dhemaji),27.475555,94.55167,2013-12-09,346.0,T1,0.9827,COARSE,CLOUDBURST_CANDIDATE,L=0.983 | R_core=346.0mm | R_bg=6.0mm (nearest_proxy (483km)) | scale=COARSE | gradient: [ZC:32km=8.0mm] [ZC:53km=0.0mm] [ZC:53km=0.0mm] [ZC:194km=88.0mm] [ZC:235km=60.0mm] [ZC:310km=0.0mm] [ZC:315km=7.0mm] [ZC:339km=0.0mm] [ZC:343km=0.0mm] [ZC:416km=0.0mm] [ZC:473km=344.0mm] [ZC:483km=6.0mm],False,no_iwv_buildup (delta=-1.2mm < 2.0mm threshold),False,offline_verification,CANDIDATE_CLOUDBURST,12
Guwahati,13,ISRO1071_15F42F(Ananda),27.44861,94.22945,2013-12-09,8.0,NORMAL,0.0,N/A,NORMAL,,False,,False,,NORMAL,0
Lengpui,12,ISRO0069_15F045(ARUNACHAL),24.8541666,92.7388888,2013-12-09,0.0,NORMAL,0.0,N/A,NORMAL,,False,,False,,NORMAL,0
Guwahati,13,ISRO1074_15F432(Salonah),26.445833,92.975,2013-12-09,88.0,T2,0.9318,COARSE,CLOUDBURST_CANDIDATE,L=0.932 | R_core=88.0mm | R_bg=6.0mm (nearest_proxy (303km)) | scale=COARSE | gradient: [ZC:80km=60.0mm] [ZC:121km=0.0mm] [ZC:128km=7.0mm] [ZC:140km=0.0mm] [ZC:163km=0.0mm] [ZC:167km=8.0mm] [ZC:179km=0.0mm] [ZC:194km=346.0mm] [ZC:238km=0.0mm] [ZC:247km=0.0mm] [ZC:302km=344.0mm] [ZC:303km=6.0mm],False,no_iwv_buildup (delta=-1.2mm < 2.0mm threshold),False,offline_verification,CANDIDATE_CLOUDBURST,12
Guwahati,13,ISRO1069_15F42D(TRA. Dikom),27.466667,95.08889,2013-12-09,0.0,NORMAL,0.0,N/A,NORMAL,,False,,False,,NORMAL,0
Bagdogra,11,ISRO0066_15F042(GOSSAIGAON),26.3908333,89.9405555,2013-12-09,344.0,T1,1.0,COARSE,CLOUDBURST_CANDIDATE,L=1.000 | R_core=344.0mm | R_bg=0.0mm (nearest_proxy (524km)) | scale=COARSE | gradient: [ZC:41km=6.0mm] [ZC:57km=0.0mm] [ZC:139km=0.0mm] [ZC:178km=7.0mm] [ZC:189km=0.0mm] [ZC:302km=88.0mm] [ZC:328km=0.0mm] [ZC:331km=60.0mm] [ZC:423km=0.0mm] [ZC:441km=8.0mm] [ZC:473km=346.0mm] [ZC:524km=0.0mm],False,no_iwv_buildup (delta=-0.3mm < 2.0mm threshold),False,offline_verification,CANDIDATE_CLOUDBURST,12
Guwahati,13,ISRO1106_15F452(Rangiya Degree College. Rangiya),26.426945,91.61389,2013-12-10,184.0,T1,0.2609,COARSE,WIDESPREAD_HEAVY_RAIN,L=0.261 | R_core=184.0mm | R_bg=136.0mm (nearest_proxy (363km)) | scale=COARSE | gradient: [ZC:27km=400.0mm] [ZC:28km=69.0mm] [ZC:40km=0.0mm] [ZC:112km=0.0mm] [ZC:136km=81.0mm] [ZC:167km=100.0mm] [ZC:170km=5.0mm] [ZC:173km=100.0mm] [ZC:208km=153.0mm] [ZC:262km=0.0mm] [ZC:283km=62.0mm] [ZC:314km=75.0mm] [ZC:363km=136.0mm],False,no_iwv_buildup (delta=-1.6mm < 2.0mm threshold),False,offline_verification,WIDESPREAD_HEAVY_RAIN,13
Guwahati,13,ISRO1071_15F42F(Ananda),27.44861,94.22945,2013-12-10,62.0,T2,0.9194,COARSE,CLOUDBURST_CANDIDATE,L=0.919 | R_core=62.0mm | R_bg=5.0mm (nearest_proxy (452km)) | scale=COARSE | gradient: [ZC:30km=0.0mm] [ZC:32km=75.0mm] [ZC:85km=136.0mm] [ZC:167km=81.0mm] [ZC:216km=100.0mm] [ZC:281km=0.0mm] [ZC:283km=184.0mm] [ZC:285km=400.0mm] [ZC:308km=69.0mm] [ZC:325km=153.0mm] [ZC:384km=0.0mm] [ZC:441km=100.0mm] [ZC:452km=5.0mm],False,no_iwv_buildup (delta=-1.6mm < 2.0mm threshold),False,offline_verification,CANDIDATE_CLOUDBURST,13
Guwahati,13,ISRO0067_15F043(NALBARI),26.4358333,91.335,2013-12-10,69.0,T2,0.0,COARSE,WIDESPREAD_HEAVY_RAIN,L=0.000 | R_core=69.0mm | R_bg=136.0mm (nearest_proxy (389km)) | scale=COARSE | gradient: [ZC:28km=184.0mm] [ZC:46km=400.0mm] [ZC:59km=0.0mm] [ZC:85km=0.0mm] [ZC:139km=100.0mm] [ZC:144km=5.0mm] [ZC:163km=81.0mm] [ZC:199km=100.0mm] [ZC:225km=153.0mm] [ZC:288km=0.0mm] [ZC:308km=62.0mm] [ZC:339km=75.0mm] [ZC:389km=136.0mm],False,no_iwv_buildup (delta=-1.6mm < 2.0mm threshold),False,offline_verification,WIDESPREAD_HEAVY_RAIN,13
Guwahati,13,ISRO1104_15F450(Dhemaji Degree College. Dhemaji),27.475555,94.55167,2013-12-10,75.0,T2,0.9333,COARSE,CLOUDBURST_CANDIDATE,L=0.933 | R_core=75.0mm | R_bg=5.0mm (nearest_proxy (483km)) | scale=COARSE | gradient: [ZC:32km=62.0mm] [ZC:53km=136.0mm] [ZC:53km=0.0mm] [ZC:194km=81.0mm] [ZC:235km=100.0mm] [ZC:310km=0.0mm] [ZC:314km=184.0mm] [ZC:315km=400.0mm] [ZC:339km=69.0mm] [ZC:343km=153.0mm] [ZC:416km=0.0mm] [ZC:473km=100.0mm] [ZC:483km=5.0mm],False,no_iwv_buildup (delta=-1.6mm < 2.0mm threshold),False,offline_verification,CANDIDATE_CLOUDBURST,13
Guwahati,13,ISRO0062_15F03E(LAKHIMPUR),27.2041666,94.1069444,2013-12-10,0.0,NORMAL,0.0,N/A,NORMAL,,False,,False,,NORMAL,0
Lengpui,12,ISRO0069_15F045(ARUNACHAL),24.8541666,92.7388888,2013-12-10,153.0,T1,0.1111,COARSE,WIDESPREAD_HEAVY_RAIN,L=0.111 | R_core=153.0mm | R_bg=136.0mm (nearest_proxy (373km)) | scale=COARSE | gradient: [ZC:109km=100.0mm] [ZC:169km=0.0mm] [ZC:179km=81.0mm] [ZC:182km=400.0mm] [ZC:208km=184.0mm] [ZC:225km=69.0mm] [ZC:292km=0.0mm] [ZC:295km=0.0mm] [ZC:307km=5.0mm] [ZC:325km=62.0mm] [ZC:328km=100.0mm] [ZC:343km=75.0mm] [ZC:373km=136.0mm],False,no_iwv_buildup (delta=-0.6mm < 2.0mm threshold),False,offline_verification,WIDESPREAD_HEAVY_RAIN,13
Guwahati,13,ISRO1069_15F42D(TRA. Dikom),27.466667,95.08889,2013-12-10,136.0,T1,0.9632,COARSE,CLOUDBURST_CANDIDATE,L=0.963 | R_core=136.0mm | R_bg=5.0mm (nearest_proxy (533km)) | scale=COARSE | gradient: [ZC:53km=75.0mm] [ZC:85km=62.0mm] [ZC:101km=0.0mm] [ZC:238km=81.0mm] [ZC:269km=100.0mm] [ZC:358km=0.0mm] [ZC:363km=400.0mm] [ZC:363km=184.0mm] [ZC:373km=153.0mm] [ZC:389km=69.0mm] [ZC:467km=0.0mm] [ZC:524km=100.0mm] [ZC:533km=5.0mm],False,no_iwv_buildup (delta=-1.6mm < 2.0mm threshold),False,offline_verification,CANDIDATE_CLOUDBURST,13
Guwahati,13,ISRO1102_15F44E(North Guwhathi College. North Guwhathi),26.202223,91.715836,2013-12-10,400.0,T1,1.0,FINE,CLOUDBURST_CANDIDATE,L=1.000 | R_core=400.0mm | R_bg=0.0mm (zone_C_mean (1 stations)) | scale=FINE | gradient: [ZC:14km=0.0mm] [ZC:27km=184.0mm] [ZC:46km=69.0mm] [ZC:127km=0.0mm] [ZC:128km=81.0mm] [ZC:155km=100.0mm] [ZC:176km=5.0mm] [ZC:178km=100.0mm] [ZC:182km=153.0mm] [ZC:262km=0.0mm] [ZC:285km=62.0mm] [ZC:315km=75.0mm] [ZC:363km=136.0mm],False,no_iwv_buildup (delta=-1.6mm < 2.0mm threshold),False,offline_verification,CANDIDATE_CLOUDBURST,13
Guwahati,13,ISRO0076_15F04C(Dhubri),26.023333,89.96917,2013-12-10,5.0,NORMAL,0.0,N/A,NORMAL,,False,,False,,NORMAL,0
Bagdogra,11,ISRO0066_15F042(GOSSAIGAON),26.3908333,89.9405555,2013-12-10,100.0,T1,0.0,COARSE,WIDESPREAD_HEAVY_RAIN,L=0.000 | R_core=100.0mm | R_bg=136.0mm (nearest_proxy (524km)) | scale=COARSE | gradient: [ZC:41km=5.0mm] [ZC:57km=0.0mm] [ZC:139km=69.0mm] [ZC:167km=184.0mm] [ZC:178km=400.0mm] [ZC:189km=0.0mm] [ZC:302km=81.0mm] [ZC:328km=153.0mm] [ZC:331km=100.0mm] [ZC:423km=0.0mm] [ZC:441km=62.0mm] [ZC:473km=75.0mm] [ZC:524km=136.0mm],False,no_iwv_buildup (delta=-0.8mm < 2.0mm threshold),False,offline_verification,WIDESPREAD_HEAVY_RAIN,13
Guwahati,13,ISRO1074_15F432(Salonah),26.445833,92.975,2013-12-10,81.0,T2,0.9383,COARSE,CLOUDBURST_CANDIDATE,L=0.938 | R_core=81.0mm | R_bg=5.0mm (nearest_proxy (303km)) | scale=COARSE | gradient: [ZC:80km=100.0mm] [ZC:121km=0.0mm] [ZC:128km=400.0mm] [ZC:136km=184.0mm] [ZC:140km=0.0mm] [ZC:163km=69.0mm] [ZC:167km=62.0mm] [ZC:179km=153.0mm] [ZC:194km=75.0mm] [ZC:238km=136.0mm] [ZC:247km=0.0mm] [ZC:302km=100.0mm] [ZC:303km=5.0mm],False,no_iwv_buildup (delta=-1.6mm < 2.0mm threshold),False,offline_verification,CANDIDATE_CLOUDBURST,13
Guwahati,13,ISRO1112_15F458(President. Gharowa. Lumding),25.751112,93.178055,2013-12-10,100.0,T1,0.0,COARSE,WIDESPREAD_HEAVY_RAIN,L=0.000 | R_core=100.0mm | R_bg=100.0mm (nearest_proxy (331km)) | scale=COARSE | gradient: [ZC:80km=81.0mm] [ZC:109km=153.0mm] [ZC:142km=0.0mm] [ZC:155km=400.0mm] [ZC:173km=184.0mm] [ZC:186km=0.0mm] [ZC:199km=69.0mm] [ZC:216km=62.0mm] [ZC:235km=75.0mm] [ZC:269km=136.0mm] [ZC:282km=0.0mm] [ZC:322km=5.0mm] [ZC:331km=100.0mm],False,no_iwv_buildup (delta=-1.6mm < 2.0mm threshold),False,offline_verification,WIDESPREAD_HEAVY_RAIN,13
Guwahati,13,ISRO1069_15F42D(TRA. Dikom),27.466667,95.08889,2013-12-11,42.0,T2,0.881,COARSE,CLOUDBURST_CANDIDATE,L=0.881 | R_core=42.0mm | R_bg=5.0mm (nearest_proxy (533km)) | scale=COARSE | gradient: [ZC:53km=52.0mm] [ZC:85km=0.0mm] [ZC:101km=0.0mm] [ZC:238km=22.0mm] [ZC:269km=73.0mm] [ZC:358km=0.0mm] [ZC:363km=0.0mm] [ZC:363km=16.0mm] [ZC:373km=63.0mm] [ZC:389km=51.0mm] [ZC:467km=0.0mm] [ZC:524km=47.0mm] [ZC:533km=5.0mm],False,no_iwv_buildup (delta=-0.3mm < 2.0mm threshold),False,offline_verification,CANDIDATE_CLOUDBURST,13
Guwahati,13,ISRO1104_15F450(Dhemaji Degree College. Dhemaji),27.475555,94.55167,2013-12-11,52.0,T2,0.9038,COARSE,CLOUDBURST_CANDIDATE,L=0.904 | R_core=52.0mm | R_bg=5.0mm (nearest_proxy (483km)) | scale=COARSE | gradient: [ZC:32km=0.0mm] [ZC:53km=42.0mm] [ZC:53km=0.0mm] [ZC:194km=22.0mm] [ZC:235km=73.0mm] [ZC:310km=0.0mm] [ZC:314km=16.0mm] [ZC:315km=0.0mm] [ZC:339km=51.0mm] [ZC:343km=63.0mm] [ZC:416km=0.0mm] [ZC:473km=47.0mm] [ZC:483km=5.0mm],False,no_iwv_buildup (delta=-0.3mm < 2.0mm threshold),False,offline_verification,CANDIDATE_CLOUDBURST,13
Guwahati,13,ISRO1101_15F44D(Regional Science Centre. Khanpara. Guwhathi),26.120556,91.81639,2013-12-11,0.0,NORMAL,0.0,N/A,NORMAL,,False,,False,,NORMAL,0
Lengpui,12,ISRO0069_15F045(ARUNACHAL),24.8541666,92.7388888,2013-12-11,63.0,T2,0.3333,COARSE,WIDESPREAD_HEAVY_RAIN,L=0.333 | R_core=63.0mm | R_bg=42.0mm (nearest_proxy (373km)) | scale=COARSE | gradient: [ZC:109km=73.0mm] [ZC:169km=0.0mm] [ZC:179km=22.0mm] [ZC:182km=0.0mm] [ZC:208km=16.0mm] [ZC:225km=51.0mm] [ZC:292km=0.0mm] [ZC:295km=0.0mm] [ZC:307km=5.0mm] [ZC:325km=0.0mm] [ZC:328km=47.0mm] [ZC:343km=52.0mm] [ZC:373km=42.0mm],False,no_iwv_buildup (delta=0.3mm < 2.0mm threshold),False,offline_verification,WIDESPREAD_HEAVY_RAIN,13
Guwahati,13,ISRO1102_15F44E(North Guwhathi College. North Guwhathi),26.202223,91.715836,2013-12-11,0.0,NORMAL,0.0,N/A,NORMAL,,False,,False,,NORMAL,0
Guwahati,13,ISRO0067_15F043(NALBARI),26.4358333,91.335,2013-12-11,51.0,T2,0.1765,COARSE,WIDESPREAD_HEAVY_RAIN,L=0.176 | R_core=51.0mm | R_bg=42.0mm (nearest_proxy (389km)) | scale=COARSE | gradient: [ZC:28km=16.0mm] [ZC:46km=0.0mm] [ZC:59km=0.0mm] [ZC:85km=0.0mm] [ZC:139km=47.0mm] [ZC:144km=5.0mm] [ZC:163km=22.0mm] [ZC:199km=73.0mm] [ZC:225km=63.0mm] [ZC:288km=0.0mm] [ZC:308km=0.0mm] [ZC:339km=52.0mm] [ZC:389km=42.0mm],False,no_iwv_buildup (delta=-0.3mm < 2.0mm threshold),False,offline_verification,WIDESPREAD_HEAVY_RAIN,13
Guwahati,13,ISRO1071_15F42F(Ananda),27.44861,94.22945,2013-12-11,0.0,NORMAL,0.0,N/A,NORMAL,,False,,False,,NORMAL,0
Guwahati,13,ISRO0076_15F04C(Dhubri),26.023333,89.96917,2013-12-11,5.0,NORMAL,0.0,N/A,NORMAL,,False,,False,,NORMAL,0
Guwahati,13,ISRO0062_15F03E(LAKHIMPUR),27.2041666,94.1069444,2013-12-11,0.0,NORMAL,0.0,N/A,NORMAL,,False,,False,,NORMAL,0
Bagdogra,11,ISRO0066_15F042(GOSSAIGAON),26.3908333,89.9405555,2013-12-11,47.0,T2,0.1064,COARSE,WIDESPREAD_HEAVY_RAIN,L=0.106 | R_core=47.0mm | R_bg=42.0mm (nearest_proxy (524km)) | scale=COARSE | gradient: [ZC:41km=5.0mm] [ZC:57km=0.0mm] [ZC:139km=51.0mm] [ZC:167km=16.0mm] [ZC:178km=0.0mm] [ZC:189km=0.0mm] [ZC:302km=22.0mm] [ZC:328km=63.0mm] [ZC:331km=73.0mm] [ZC:423km=0.0mm] [ZC:441km=0.0mm] [ZC:473km=52.0mm] [ZC:524km=42.0mm],False,no_iwv_buildup (delta=-1.3mm < 2.0mm threshold),False,offline_verification,WIDESPREAD_HEAVY_RAIN,13
Guwahati,13,ISRO1074_15F432(Salonah),26.445833,92.975,2013-12-11,22.0,NORMAL,0.0,N/A,NORMAL,,False,,False,,NORMAL,0
Guwahati,13,ISRO1112_15F458(President. Gharowa. Lumding),25.751112,93.178055,2013-12-11,73.0,T2,0.3562,COARSE,WIDESPREAD_HEAVY_RAIN,L=0.356 | R_core=73.0mm | R_bg=47.0mm (nearest_proxy (331km)) | scale=COARSE | gradient: [ZC:80km=22.0mm] [ZC:109km=63.0mm] [ZC:142km=0.0mm] [ZC:155km=0.0mm] [ZC:173km=16.0mm] [ZC:186km=0.0mm] [ZC:199km=51.0mm] [ZC:216km=0.0mm] [ZC:235km=52.0mm] [ZC:269km=42.0mm] [ZC:282km=0.0mm] [ZC:322km=5.0mm] [ZC:331km=47.0mm],False,no_iwv_buildup (delta=-0.3mm < 2.0mm threshold),False,offline_verification,WIDESPREAD_HEAVY_RAIN,13
Guwahati,13,ISRO1106_15F452(Rangiya Degree College. Rangiya),26.426945,91.61389,2013-12-11,16.0,NORMAL,0.0,N/A,NORMAL,,False,,False,,NORMAL,0
Guwahati,13,ISRO1074_15F432(Salonah),26.445833,92.975,2013-12-12,0.0,NORMAL,0.0,N/A,NORMAL,,False,,False,,NORMAL,0
Guwahati,13,ISRO0065_15F041(BONGAIGAON),26.523055,90.491111,2013-12-12,0.0,NORMAL,0.0,N/A,NORMAL,,False,,False,,NORMAL,0
Guwahati,13,ISRO1112_15F458(President. Gharowa. Lumding),25.751112,93.178055,2013-12-12,1.0,NORMAL,0.0,N/A,NORMAL,,False,,False,,NORMAL,0
Guwahati,13,ISRO1068_15F42C(TRA. Jorhat),26.730833,94.22667,2013-12-12,0.0,NORMAL,0.0,N/A,NORMAL,,False,,False,,NORMAL,0
Lengpui,12,ISRO0069_15F045(ARUNACHAL),24.8541666,92.7388888,2013-12-12,0.0,NORMAL,0.0,N/A,NORMAL,,False,,False,,NORMAL,0
Guwahati,13,ISRO1101_15F44D(Regional Science Centre. Khanpara. Guwhathi),26.120556,91.81639,2013-12-12,0.0,NORMAL,0.0,N/A,NORMAL,,False,,False,,NORMAL,0
Guwahati,13,ISRO1104_15F450(Dhemaji Degree College. Dhemaji),27.475555,94.55167,2013-12-12,3.0,NORMAL,0.0,N/A,NORMAL,,False,,False,,NORMAL,0
Guwahati,13,ISRO0076_15F04C(Dhubri),26.023333,89.96917,2013-12-12,1.0,NORMAL,0.0,N/A,NORMAL,,False,,False,,NORMAL,0
Guwahati,13,ISRO0062_15F03E(LAKHIMPUR),27.2041666,94.1069444,2013-12-12,0.0,NORMAL,0.0,N/A,NORMAL,,False,,False,,NORMAL,0
Guwahati,13,ISRO0067_15F043(NALBARI),26.4358333,91.335,2013-12-12,3.0,NORMAL,0.0,N/A,NORMAL,,False,,False,,NORMAL,0
Guwahati,13,ISRO1106_15F452(Rangiya Degree College. Rangiya),26.426945,91.61389,2013-12-12,0.0,NORMAL,0.0,N/A,NORMAL,,False,,False,,NORMAL,0
Guwahati,13,ISRO1102_15F44E(North Guwhathi College. North Guwhathi),26.202223,91.715836,2013-12-12,0.0,NORMAL,0.0,N/A,NORMAL,,False,,False,,NORMAL,0
Guwahati,13,ISRO1071_15F42F(Ananda),27.44861,94.22945,2013-12-12,34.0,T2,0.9706,COARSE,CLOUDBURST_CANDIDATE,L=0.971 | R_core=34.0mm | R_bg=1.0mm (nearest_proxy (452km)) | scale=COARSE | gradient: [ZC:30km=0.0mm] [ZC:32km=3.0mm] [ZC:80km=0.0mm] [ZC:85km=4.0mm] [ZC:167km=0.0mm] [ZC:216km=1.0mm] [ZC:281km=0.0mm] [ZC:283km=0.0mm] [ZC:285km=0.0mm] [ZC:308km=3.0mm] [ZC:325km=0.0mm] [ZC:384km=0.0mm] [ZC:441km=0.0mm] [ZC:452km=1.0mm],False,no_iwv_buildup (delta=-1.4mm < 2.0mm threshold),False,offline_verification,CANDIDATE_CLOUDBURST,14
Bagdogra,11,ISRO0066_15F042(GOSSAIGAON),26.3908333,89.9405555,2013-12-12,0.0,NORMAL,0.0,N/A,NORMAL,,False,,False,,NORMAL,0
Lengpui,12,ISRO0069_15F045(ARUNACHAL),24.8541666,92.7388888,2013-12-13,0.0,NORMAL,0.0,N/A,NORMAL,,False,,False,,NORMAL,0
Guwahati,13,ISRO1074_15F432(Salonah),26.445833,92.975,2013-12-13,0.0,NORMAL,0.0,N/A,NORMAL,,False,,False,,NORMAL,0
Guwahati,13,ISRO1112_15F458(President. Gharowa. Lumding),25.751112,93.178055,2013-12-13,0.0,NORMAL,0.0,N/A,NORMAL,,False,,False,,NORMAL,0
Guwahati,13,ISRO1102_15F44E(North Guwhathi College. North Guwhathi),26.202223,91.715836,2013-12-13,0.0,NORMAL,0.0,N/A,NORMAL,,False,,False,,NORMAL,0
Guwahati,13,ISRO1068_15F42C(TRA. Jorhat),26.730833,94.22667,2013-12-13,0.0,NORMAL,0.0,N/A,NORMAL,,False,,False,,NORMAL,0
Guwahati,13,ISRO0076_15F04C(Dhubri),26.023333,89.96917,2013-12-13,0.0,NORMAL,0.0,N/A,NORMAL,,False,,False,,NORMAL,0
Guwahati,13,ISRO1069_15F42D(TRA. Dikom),27.466667,95.08889,2013-12-13,0.0,NORMAL,0.0,N/A,NORMAL,,False,,False,,NORMAL,0
Guwahati,13,ISRO1106_15F452(Rangiya Degree College. Rangiya),26.426945,91.61389,2013-12-13,0.0,NORMAL,0.0,N/A,NORMAL,,False,,False,,NORMAL,0
Guwahati,13,ISRO1104_15F450(Dhemaji Degree College. Dhemaji),27.475555,94.55167,2013-12-13,0.0,NORMAL,0.0,N/A,NORMAL,,False,,False,,NORMAL,0
Guwahati,13,ISRO0062_15F03E(LAKHIMPUR),27.2041666,94.1069444,2013-12-13,0.0,NORMAL,0.0,N/A,NORMAL,,False,,False,,NORMAL,0
Guwahati,13,ISRO0067_15F043(NALBARI),26.4358333,91.335,2013-12-13,0.0,NORMAL,0.0,N/A,NORMAL,,False,,False,,NORMAL,0
Bagdogra,11,ISRO0066_15F042(GOSSAIGAON),26.3908333,89.9405555,2013-12-13,0.0,NORMAL,0.0,N/A,NORMAL,,False,,False,,NORMAL,0
Guwahati,13,ISRO1071_15F42F(Ananda),27.44861,94.22945,2013-12-13,0.0,NORMAL,0.0,N/A,NORMAL,,False,,False,,NORMAL,0
Guwahati,13,ISRO1112_15F458(President. Gharowa. Lumding),25.751112,93.178055,2013-12-14,0.0,NORMAL,0.0,N/A,NORMAL,,False,,False,,NORMAL,0
Guwahati,13,ISRO1069_15F42D(TRA. Dikom),27.466667,95.08889,2013-12-14,0.0,NORMAL,0.0,N/A,NORMAL,,False,,False,,NORMAL,0
Guwahati,13,ISRO0067_15F043(NALBARI),26.4358333,91.335,2013-12-14,0.0,NORMAL,0.0,N/A,NORMAL,,False,,False,,NORMAL,0
Lengpui,12,ISRO0069_15F045(ARUNACHAL),24.8541666,92.7388888,2013-12-14,0.0,NORMAL,0.0,N/A,NORMAL,,False,,False,,NORMAL,0
Bagdogra,11,ISRO0066_15F042(GOSSAIGAON),26.3908333,89.9405555,2013-12-14,0.0,NORMAL,0.0,N/A,NORMAL,,False,,False,,NORMAL,0
Guwahati,13,ISRO1068_15F42C(TRA. Jorhat),26.730833,94.22667,2013-12-14,0.0,NORMAL,0.0,N/A,NORMAL,,False,,False,,NORMAL,0
Guwahati,13,ISRO1106_15F452(Rangiya Degree College. Rangiya),26.426945,91.61389,2013-12-14,0.0,NORMAL,0.0,N/A,NORMAL,,False,,False,,NORMAL,0
Guwahati,13,ISRO1104_15F450(Dhemaji Degree College. Dhemaji),27.475555,94.55167,2013-12-14,0.0,NORMAL,0.0,N/A,NORMAL,,False,,False,,NORMAL,0
Guwahati,13,ISRO1102_15F44E(North Guwhathi College. North Guwhathi),26.202223,91.715836,2013-12-14,0.0,NORMAL,0.0,N/A,NORMAL,,False,,False,,NORMAL,0
Guwahati,13,ISRO1071_15F42F(Ananda),27.44861,94.22945,2013-12-14,0.0,NORMAL,0.0,N/A,NORMAL,,False,,False,,NORMAL,0
Guwahati,13,ISRO0076_15F04C(Dhubri),26.023333,89.96917,2013-12-14,0.0,NORMAL,0.0,N/A,NORMAL,,False,,False,,NORMAL,0
Guwahati,13,ISRO1069_15F42D(TRA. Dikom),27.466667,95.08889,2013-12-15,0.0,NORMAL,0.0,N/A,NORMAL,,False,,False,,NORMAL,0
Lengpui,12,ISRO0069_15F045(ARUNACHAL),24.8541666,92.7388888,2013-12-15,0.0,NORMAL,0.0,N/A,NORMAL,,False,,False,,NORMAL,0
Guwahati,13,ISRO1106_15F452(Rangiya Degree College. Rangiya),26.426945,91.61389,2013-12-15,0.0,NORMAL,0.0,N/A,NORMAL,,False,,False,,NORMAL,0
Guwahati,13,ISRO0065_15F041(BONGAIGAON),26.523055,90.491111,2013-12-15,0.0,NORMAL,0.0,N/A,NORMAL,,False,,False,,NORMAL,0
Guwahati,13,ISRO1074_15F432(Salonah),26.445833,92.975,2013-12-15,0.0,NORMAL,0.0,N/A,NORMAL,,False,,False,,NORMAL,0
Bagdogra,11,ISRO0066_15F042(GOSSAIGAON),26.3908333,89.9405555,2013-12-15,0.0,NORMAL,0.0,N/A,NORMAL,,False,,False,,NORMAL,0
Guwahati,13,ISRO1068_15F42C(TRA. Jorhat),26.730833,94.22667,2013-12-15,0.0,NORMAL,0.0,N/A,NORMAL,,False,,False,,NORMAL,0
Guwahati,13,ISRO0076_15F04C(Dhubri),26.023333,89.96917,2013-12-15,0.0,NORMAL,0.0,N/A,NORMAL,,False,,False,,NORMAL,0
Guwahati,13,ISRO1104_15F450(Dhemaji Degree College. Dhemaji),27.475555,94.55167,2013-12-15,0.0,NORMAL,0.0,N/A,NORMAL,,False,,False,,NORMAL,0
Guwahati,13,ISRO1071_15F42F(Ananda),27.44861,94.22945,2013-12-15,0.0,NORMAL,0.0,N/A,NORMAL,,False,,False,,NORMAL,0
Guwahati,13,ISRO1112_15F458(President. Gharowa. Lumding),25.751112,93.178055,2013-12-15,0.0,NORMAL,0.0,N/A,NORMAL,,False,,False,,NORMAL,0
Guwahati,13,ISRO1102_15F44E(North Guwhathi College. North Guwhathi),26.202223,91.715836,2013-12-15,0.0,NORMAL,0.0,N/A,NORMAL,,False,,False,,NORMAL,0
Guwahati,13,ISRO0065_15F041(BONGAIGAON),26.523055,90.491111,2013-12-17,0.0,NORMAL,0.0,N/A,NORMAL,,False,,False,,NORMAL,0
Guwahati,13,ISRO1101_15F44D(Regional Science Centre. Khanpara. Guwhathi),26.120556,91.81639,2013-12-18,0.0,NORMAL,0.0,N/A,NORMAL,,False,,False,,NORMAL,0
Guwahati,13,ISRO0065_15F041(BONGAIGAON),26.523055,90.491111,2013-12-21,0.0,NORMAL,0.0,N/A,NORMAL,,False,,False,,NORMAL,0
Guwahati,13,ISRO1101_15F44D(Regional Science Centre. Khanpara. Guwhathi),26.120556,91.81639,2013-12-21,0.0,NORMAL,0.0,N/A,NORMAL,,False,,False,,NORMAL,0
Guwahati,13,ISRO0067_15F043(NALBARI),26.4358333,91.335,2014-01-02,2.0,NORMAL,0.0,N/A,NORMAL,,False,,False,,NORMAL,0
Guwahati,13,ISRO1104_15F450(Dhemaji Degree College. Dhemaji),27.475555,94.55167,2014-01-02,10.0,NORMAL,0.0,N/A,NORMAL,,False,,False,,NORMAL,0
Guwahati,13,ISRO1106_15F452(Rangiya Degree College. Rangiya),26.426945,91.61389,2014-01-02,0.0,NORMAL,0.0,N/A,NORMAL,,False,,False,,NORMAL,0
Bagdogra,11,ISRO0066_15F042(GOSSAIGAON),26.3908333,89.9405555,2014-01-02,0.0,NORMAL,0.0,N/A,NORMAL,,False,,False,,NORMAL,0
Guwahati,13,ISRO1102_15F44E(North Guwhathi College. North Guwhathi),26.202223,91.715836,2014-01-02,0.0,NORMAL,0.0,N/A,NORMAL,,False,,False,,NORMAL,0
Guwahati,13,ISRO0076_15F04C(Dhubri),26.023333,89.96917,2014-01-02,0.0,NORMAL,0.0,N/A,NORMAL,,False,,False,,NORMAL,0
Guwahati,13,ISRO1069_15F42D(TRA. Dikom),27.466667,95.08889,2014-01-02,4.0,NORMAL,0.0,N/A,NORMAL,,False,,False,,NORMAL,0
Guwahati,13,ISRO1071_15F42F(Ananda),27.44861,94.22945,2014-01-02,5.0,NORMAL,0.0,N/A,NORMAL,,False,,False,,NORMAL,0
Guwahati,13,ISRO1074_15F432(Salonah),26.445833,92.975,2014-01-02,0.0,NORMAL,0.0,N/A,NORMAL,,False,,False,,NORMAL,0
Guwahati,13,ISRO0067_15F043(NALBARI),26.4358333,91.335,2014-01-03,27.0,NORMAL,0.0,N/A,NORMAL,,False,,False,,NORMAL,0
Guwahati,13,ISRO1102_15F44E(North Guwhathi College. North Guwhathi),26.202223,91.715836,2014-01-03,0.0,NORMAL,0.0,N/A,NORMAL,,False,,False,,NORMAL,0
Guwahati,13,ISRO1101_15F44D(Regional Science Centre. Khanpara. Guwhathi),26.120556,91.81639,2014-01-03,0.0,NORMAL,0.0,N/A,NORMAL,,False,,False,,NORMAL,0
Guwahati,13,ISRO1069_15F42D(TRA. Dikom),27.466667,95.08889,2014-01-03,39.0,T2,1.0,COARSE,CLOUDBURST_CANDIDATE,L=1.000 | R_core=39.0mm | R_bg=0.0mm (nearest_proxy (467km)) | scale=COARSE | gradient: [ZC:53km=61.0mm] [ZC:85km=79.0mm] [ZC:118km=1.0mm] [ZC:238km=15.0mm] [ZC:269km=17.0mm] [ZC:358km=0.0mm] [ZC:363km=0.0mm] [ZC:373km=0.0mm] [ZC:389km=27.0mm] [ZC:467km=0.0mm],False,no_iwv_buildup (delta=-1.2mm < 2.0mm threshold),False,offline_verification,CANDIDATE_CLOUDBURST,10
Lengpui,12,ISRO0069_15F045(ARUNACHAL),24.8541666,92.7388888,2014-01-03,0.0,NORMAL,0.0,N/A,NORMAL,,False,,False,,NORMAL,0
Guwahati,13,ISRO1071_15F42F(Ananda),27.44861,94.22945,2014-01-03,79.0,T2,1.0,COARSE,CLOUDBURST_CANDIDATE,L=1.000 | R_core=79.0mm | R_bg=0.0mm (nearest_proxy (384km)) | scale=COARSE | gradient: [ZC:32km=61.0mm] [ZC:80km=1.0mm] [ZC:85km=39.0mm] [ZC:167km=15.0mm] [ZC:216km=17.0mm] [ZC:281km=0.0mm] [ZC:285km=0.0mm] [ZC:308km=27.0mm] [ZC:325km=0.0mm] [ZC:384km=0.0mm],False,no_iwv_buildup (delta=-1.2mm < 2.0mm threshold),False,offline_verification,CANDIDATE_CLOUDBURST,10
Guwahati,13,ISRO1068_15F42C(TRA. Jorhat),26.730833,94.22667,2014-01-03,1.0,NORMAL,0.0,N/A,NORMAL,,False,,False,,NORMAL,0
Guwahati,13,ISRO1112_15F458(President. Gharowa. Lumding),25.751112,93.178055,2014-01-03,17.0,NORMAL,0.0,N/A,NORMAL,,False,,False,,NORMAL,0
Guwahati,13,ISRO1104_15F450(Dhemaji Degree College. Dhemaji),27.475555,94.55167,2014-01-03,61.0,T2,1.0,COARSE,CLOUDBURST_CANDIDATE,L=1.000 | R_core=61.0mm | R_bg=0.0mm (nearest_proxy (416km)) | scale=COARSE | gradient: [ZC:32km=79.0mm] [ZC:53km=39.0mm] [ZC:89km=1.0mm] [ZC:194km=15.0mm] [ZC:235km=17.0mm] [ZC:310km=0.0mm] [ZC:315km=0.0mm] [ZC:339km=27.0mm] [ZC:343km=0.0mm] [ZC:416km=0.0mm],False,no_iwv_buildup (delta=-1.2mm < 2.0mm threshold),False,offline_verification,CANDIDATE_CLOUDBURST,10
Guwahati,13,ISRO0076_15F04C(Dhubri),26.023333,89.96917,2014-01-04,0.0,NORMAL,0.0,N/A,NORMAL,,False,,False,,NORMAL,0
Guwahati,13,ISRO1112_15F458(President. Gharowa. Lumding),25.751112,93.178055,2014-01-04,0.0,NORMAL,0.0,N/A,NORMAL,,False,,False,,NORMAL,0
Guwahati,13,ISRO0067_15F043(NALBARI),26.4358333,91.335,2014-01-04,0.0,NORMAL,0.0,N/A,NORMAL,,False,,False,,NORMAL,0
Guwahati,13,ISRO1068_15F42C(TRA. Jorhat),26.730833,94.22667,2014-01-04,0.0,NORMAL,0.0,N/A,NORMAL,,False,,False,,NORMAL,0
Guwahati,13,ISRO1104_15F450(Dhemaji Degree College. Dhemaji),27.475555,94.55167,2014-01-04,0.0,NORMAL,0.0,N/A,NORMAL,,False,,False,,NORMAL,0
Guwahati,13,ISRO1106_15F452(Rangiya Degree College. Rangiya),26.426945,91.61389,2014-01-04,0.0,NORMAL,0.0,N/A,NORMAL,,False,,False,,NORMAL,0
Bagdogra,11,ISRO0066_15F042(GOSSAIGAON),26.3908333,89.9405555,2014-01-04,0.0,NORMAL,0.0,N/A,NORMAL,,False,,False,,NORMAL,0
Lengpui,12,ISRO0069_15F045(ARUNACHAL),24.8541666,92.7388888,2014-01-04,0.0,NORMAL,0.0,N/A,NORMAL,,False,,False,,NORMAL,0
Guwahati,13,ISRO1071_15F42F(Ananda),27.44861,94.22945,2014-01-04,0.0,NORMAL,0.0,N/A,NORMAL,,False,,False,,NORMAL,0
Guwahati,13,ISRO1069_15F42D(TRA. Dikom),27.466667,95.08889,2014-01-05,0.0,NORMAL,0.0,N/A,NORMAL,,False,,False,,NORMAL,0
Guwahati,13,ISRO1106_15F452(Rangiya Degree College. Rangiya),26.426945,91.61389,2014-01-05,0.0,NORMAL,0.0,N/A,NORMAL,,False,,False,,NORMAL,0
Guwahati,13,ISRO0067_15F043(NALBARI),26.4358333,91.335,2014-01-05,0.0,NORMAL,0.0,N/A,NORMAL,,False,,False,,NORMAL,0
Guwahati,13,ISRO1074_15F432(Salonah),26.445833,92.975,2014-01-05,0.0,NORMAL,0.0,N/A,NORMAL,,False,,False,,NORMAL,0
Guwahati,13,ISRO1068_15F42C(TRA. Jorhat),26.730833,94.22667,2014-01-05,0.0,NORMAL,0.0,N/A,NORMAL,,False,,False,,NORMAL,0
Guwahati,13,ISRO1071_15F42F(Ananda),27.44861,94.22945,2014-01-05,0.0,NORMAL,0.0,N/A,NORMAL,,False,,False,,NORMAL,0
Lengpui,12,ISRO0069_15F045(ARUNACHAL),24.8541666,92.7388888,2014-01-05,0.0,NORMAL,0.0,N/A,NORMAL,,False,,False,,NORMAL,0
Bagdogra,11,ISRO0066_15F042(GOSSAIGAON),26.3908333,89.9405555,2014-01-05,0.0,NORMAL,0.0,N/A,NORMAL,,False,,False,,NORMAL,0
Guwahati,13,ISRO1112_15F458(President. Gharowa. Lumding),25.751112,93.178055,2014-01-05,0.0,NORMAL,0.0,N/A,NORMAL,,False,,False,,NORMAL,0
Guwahati,13,ISRO0076_15F04C(Dhubri),26.023333,89.96917,2014-01-05,0.0,NORMAL,0.0,N/A,NORMAL,,False,,False,,NORMAL,0
Guwahati,13,ISRO1104_15F450(Dhemaji Degree College. Dhemaji),27.475555,94.55167,2014-01-05,0.0,NORMAL,0.0,N/A,NORMAL,,False,,False,,NORMAL,0
Guwahati,13,ISRO1069_15F42D(TRA. Dikom),27.466667,95.08889,2014-01-06,0.0,NORMAL,0.0,N/A,NORMAL,,False,,False,,NORMAL,0
Guwahati,13,ISRO1074_15F432(Salonah),26.445833,92.975,2014-01-06,0.0,NORMAL,0.0,N/A,NORMAL,,False,,False,,NORMAL,0
Guwahati,13,ISRO1071_15F42F(Ananda),27.44861,94.22945,2014-01-06,0.0,NORMAL,0.0,N/A,NORMAL,,False,,False,,NORMAL,0
Guwahati,13,ISRO1112_15F458(President. Gharowa. Lumding),25.751112,93.178055,2014-01-06,0.0,NORMAL,0.0,N/A,NORMAL,,False,,False,,NORMAL,0
Guwahati,13,ISRO0067_15F043(NALBARI),26.4358333,91.335,2014-01-06,0.0,NORMAL,0.0,N/A,NORMAL,,False,,False,,NORMAL,0
Guwahati,13,ISRO1106_15F452(Rangiya Degree College. Rangiya),26.426945,91.61389,2014-01-06,0.0,NORMAL,0.0,N/A,NORMAL,,False,,False,,NORMAL,0
Guwahati,13,ISRO1104_15F450(Dhemaji Degree College. Dhemaji),27.475555,94.55167,2014-01-06,0.0,NORMAL,0.0,N/A,NORMAL,,False,,False,,NORMAL,0
Guwahati,13,ISRO0076_15F04C(Dhubri),26.023333,89.96917,2014-01-06,0.0,NORMAL,0.0,N/A,NORMAL,,False,,False,,NORMAL,0
Bagdogra,11,ISRO0066_15F042(GOSSAIGAON),26.3908333,89.9405555,2014-01-06,0.0,NORMAL,0.0,N/A,NORMAL,,False,,False,,NORMAL,0
Guwahati,13,ISRO1068_15F42C(TRA. Jorhat),26.730833,94.22667,2014-01-06,0.0,NORMAL,0.0,N/A,NORMAL,,False,,False,,NORMAL,0
Guwahati,13,ISRO1101_15F44D(Regional Science Centre. Khanpara. Guwhathi),26.120556,91.81639,2014-01-10,0.0,NORMAL,0.0,N/A,NORMAL,,False,,False,,NORMAL,0
Guwahati,13,ISRO0065_15F041(BONGAIGAON),26.523055,90.491111,2014-01-12,0.0,NORMAL,0.0,N/A,NORMAL,,False,,False,,NORMAL,0
Guwahati,13,ISRO1101_15F44D(Regional Science Centre. Khanpara. Guwhathi),26.120556,91.81639,2014-01-13,0.0,NORMAL,0.0,N/A,NORMAL,,False,,False,,NORMAL,0
Guwahati,13,ISRO1101_15F44D(Regional Science Centre. Khanpara. Guwhathi),26.120556,91.81639,2014-01-14,0.0,NORMAL,0.0,N/A,NORMAL,,False,,False,,NORMAL,0
Guwahati,13,ISRO0065_15F041(BONGAIGAON),26.523055,90.491111,2014-01-16,0.0,NORMAL,0.0,N/A,NORMAL,,False,,False,,NORMAL,0
Guwahati,13,ISRO1101_15F44D(Regional Science Centre. Khanpara. Guwhathi),26.120556,91.81639,2014-01-16,0.0,NORMAL,0.0,N/A,NORMAL,,False,,False,,NORMAL,0
Guwahati,13,ISRO0065_15F041(BONGAIGAON),26.523055,90.491111,2014-01-18,0.0,NORMAL,0.0,N/A,NORMAL,,False,,False,,NORMAL,0
Guwahati,13,ISRO1101_15F44D(Regional Science Centre. Khanpara. Guwhathi),26.120556,91.81639,2014-01-24,0.0,NORMAL,0.0,N/A,NORMAL,,False,,False,,NORMAL,0
Guwahati,13,ISRO0065_15F041(BONGAIGAON),26.523055,90.491111,2014-01-26,0.0,NORMAL,0.0,N/A,NORMAL,,False,,False,,NORMAL,0
Guwahati,13,ISRO1068_15F42C(TRA. Jorhat),26.730833,94.22667,2014-02-02,3.0,NORMAL,0.0,N/A,NORMAL,,False,,False,,NORMAL,0
Guwahati,13,ISRO1104_15F450(Dhemaji Degree College. Dhemaji),27.475555,94.55167,2014-02-02,10.0,NORMAL,0.0,N/A,NORMAL,,False,,False,,NORMAL,0
Guwahati,13,ISRO1102_15F44E(North Guwhathi College. North Guwhathi),26.202223,91.715836,2014-02-02,0.0,NORMAL,0.0,N/A,NORMAL,,False,,False,,NORMAL,0
Guwahati,13,ISRO0076_15F04C(Dhubri),26.023333,89.96917,2014-02-02,0.0,NORMAL,0.0,N/A,NORMAL,,False,,False,,NORMAL,0
Guwahati,13,ISRO1069_15F42D(TRA. Dikom),27.466667,95.08889,2014-02-02,4.0,NORMAL,0.0,N/A,NORMAL,,False,,False,,NORMAL,0
Guwahati,13,ISRO0067_15F043(NALBARI),26.4358333,91.335,2014-02-02,2.0,NORMAL,0.0,N/A,NORMAL,,False,,False,,NORMAL,0
Guwahati,13,ISRO1106_15F452(Rangiya Degree College. Rangiya),26.426945,91.61389,2014-02-02,0.0,NORMAL,0.0,N/A,NORMAL,,False,,False,,NORMAL,0
Bagdogra,11,ISRO0066_15F042(GOSSAIGAON),26.3908333,89.9405555,2014-02-02,0.0,NORMAL,0.0,N/A,NORMAL,,False,,False,,NORMAL,0
Guwahati,13,ISRO1071_15F42F(Ananda),27.44861,94.22945,2014-02-03,79.0,T2,1.0,COARSE,CLOUDBURST_CANDIDATE,L=1.000 | R_core=79.0mm | R_bg=0.0mm (nearest_proxy (384km)) | scale=COARSE | gradient: [ZC:32km=61.0mm] [ZC:80km=1.0mm] [ZC:85km=39.0mm] [ZC:167km=15.0mm] [ZC:216km=17.0mm] [ZC:281km=0.0mm] [ZC:285km=0.0mm] [ZC:308km=27.0mm] [ZC:325km=0.0mm] [ZC:384km=0.0mm],False,no_iwv_buildup (delta=-0.2mm < 2.0mm threshold),False,offline_verification,CANDIDATE_CLOUDBURST,10
Guwahati,13,ISRO0067_15F043(NALBARI),26.4358333,91.335,2014-02-03,27.0,NORMAL,0.0,N/A,NORMAL,,False,,False,,NORMAL,0
Guwahati,13,ISRO1069_15F42D(TRA. Dikom),27.466667,95.08889,2014-02-03,39.0,T2,1.0,COARSE,CLOUDBURST_CANDIDATE,L=1.000 | R_core=39.0mm | R_bg=0.0mm (nearest_proxy (467km)) | scale=COARSE | gradient: [ZC:53km=61.0mm] [ZC:85km=79.0mm] [ZC:118km=1.0mm] [ZC:238km=15.0mm] [ZC:269km=17.0mm] [ZC:358km=0.0mm] [ZC:363km=0.0mm] [ZC:373km=0.0mm] [ZC:389km=27.0mm] [ZC:467km=0.0mm],False,no_iwv_buildup (delta=-0.2mm < 2.0mm threshold),False,offline_verification,CANDIDATE_CLOUDBURST,10
Lengpui,12,ISRO0069_15F045(ARUNACHAL),24.8541666,92.7388888,2014-02-03,0.0,NORMAL,0.0,N/A,NORMAL,,False,,False,,NORMAL,0
Guwahati,13,ISRO1074_15F432(Salonah),26.445833,92.975,2014-02-03,15.0,NORMAL,0.0,N/A,NORMAL,,False,,False,,NORMAL,0
Guwahati,13,ISRO1104_15F450(Dhemaji Degree College. Dhemaji),27.475555,94.55167,2014-02-03,61.0,T2,1.0,COARSE,CLOUDBURST_CANDIDATE,L=1.000 | R_core=61.0mm | R_bg=0.0mm (nearest_proxy (416km)) | scale=COARSE | gradient: [ZC:32km=79.0mm] [ZC:53km=39.0mm] [ZC:89km=1.0mm] [ZC:194km=15.0mm] [ZC:235km=17.0mm] [ZC:310km=0.0mm] [ZC:315km=0.0mm] [ZC:339km=27.0mm] [ZC:343km=0.0mm] [ZC:416km=0.0mm],False,no_iwv_buildup (delta=-0.2mm < 2.0mm threshold),False,offline_verification,CANDIDATE_CLOUDBURST,10
Guwahati,13,ISRO1102_15F44E(North Guwhathi College. North Guwhathi),26.202223,91.715836,2014-02-03,0.0,NORMAL,0.0,N/A,NORMAL,,False,,False,,NORMAL,0
Guwahati,13,ISRO1068_15F42C(TRA. Jorhat),26.730833,94.22667,2014-02-03,1.0,NORMAL,0.0,N/A,NORMAL,,False,,False,,NORMAL,0
Guwahati,13,ISRO1112_15F458(President. Gharowa. Lumding),25.751112,93.178055,2014-02-03,17.0,NORMAL,0.0,N/A,NORMAL,,False,,False,,NORMAL,0
Guwahati,13,ISRO1071_15F42F(Ananda),27.44861,94.22945,2014-02-04,0.0,NORMAL,0.0,N/A,NORMAL,,False,,False,,NORMAL,0
Lengpui,12,ISRO0069_15F045(ARUNACHAL),24.8541666,92.7388888,2014-02-04,0.0,NORMAL,0.0,N/A,NORMAL,,False,,False,,NORMAL,0
Guwahati,13,ISRO0065_15F041(BONGAIGAON),26.523055,90.491111,2014-02-04,0.0,NORMAL,0.0,N/A,NORMAL,,False,,False,,NORMAL,0
Guwahati,13,ISRO1074_15F432(Salonah),26.445833,92.975,2014-02-04,0.0,NORMAL,0.0,N/A,NORMAL,,False,,False,,NORMAL,0
Bagdogra,11,ISRO0066_15F042(GOSSAIGAON),26.3908333,89.9405555,2014-02-04,0.0,NORMAL,0.0,N/A,NORMAL,,False,,False,,NORMAL,0
Guwahati,13,ISRO1104_15F450(Dhemaji Degree College. Dhemaji),27.475555,94.55167,2014-02-04,0.0,NORMAL,0.0,N/A,NORMAL,,False,,False,,NORMAL,0
Guwahati,13,ISRO1106_15F452(Rangiya Degree College. Rangiya),26.426945,91.61389,2014-02-04,0.0,NORMAL,0.0,N/A,NORMAL,,False,,False,,NORMAL,0
Guwahati,13,ISRO1112_15F458(President. Gharowa. Lumding),25.751112,93.178055,2014-02-04,0.0,NORMAL,0.0,N/A,NORMAL,,False,,False,,NORMAL,0
Guwahati,13,ISRO1069_15F42D(TRA. Dikom),27.466667,95.08889,2014-02-04,0.0,NORMAL,0.0,N/A,NORMAL,,False,,False,,NORMAL,0
Guwahati,13,ISRO1068_15F42C(TRA. Jorhat),26.730833,94.22667,2014-02-04,0.0,NORMAL,0.0,N/A,NORMAL,,False,,False,,NORMAL,0
Guwahati,13,ISRO1074_15F432(Salonah),26.445833,92.975,2014-02-05,0.0,NORMAL,0.0,N/A,NORMAL,,False,,False,,NORMAL,0
Guwahati,13,ISRO1071_15F42F(Ananda),27.44861,94.22945,2014-02-05,0.0,NORMAL,0.0,N/A,NORMAL,,False,,False,,NORMAL,0
Guwahati,13,ISRO1104_15F450(Dhemaji Degree College. Dhemaji),27.475555,94.55167,2014-02-05,0.0,NORMAL,0.0,N/A,NORMAL,,False,,False,,NORMAL,0
Bagdogra,11,ISRO0066_15F042(GOSSAIGAON),26.3908333,89.9405555,2014-02-05,0.0,NORMAL,0.0,N/A,NORMAL,,False,,False,,NORMAL,0
Guwahati,13,ISRO0062_15F03E(LAKHIMPUR),27.2041666,94.1069444,2014-02-05,0.0,NORMAL,0.0,N/A,NORMAL,,False,,False,,NORMAL,0
Guwahati,13,ISRO1112_15F458(President. Gharowa. Lumding),25.751112,93.178055,2014-02-05,0.0,NORMAL,0.0,N/A,NORMAL,,False,,False,,NORMAL,0
Guwahati,13,ISRO1069_15F42D(TRA. Dikom),27.466667,95.08889,2014-02-05,0.0,NORMAL,0.0,N/A,NORMAL,,False,,False,,NORMAL,0
Guwahati,13,ISRO0076_15F04C(Dhubri),26.023333,89.96917,2014-02-05,0.0,NORMAL,0.0,N/A,NORMAL,,False,,False,,NORMAL,0
Lengpui,12,ISRO0069_15F045(ARUNACHAL),24.8541666,92.7388888,2014-02-05,0.0,NORMAL,0.0,N/A,NORMAL,,False,,False,,NORMAL,0
Guwahati,13,ISRO1106_15F452(Rangiya Degree College. Rangiya),26.426945,91.61389,2014-02-05,0.0,NORMAL,0.0,N/A,NORMAL,,False,,False,,NORMAL,0
Guwahati,13,ISRO1102_15F44E(North Guwhathi College. North Guwhathi),26.202223,91.715836,2014-02-05,0.0,NORMAL,0.0,N/A,NORMAL,,False,,False,,NORMAL,0
Guwahati,13,ISRO1068_15F42C(TRA. Jorhat),26.730833,94.22667,2014-02-05,0.0,NORMAL,0.0,N/A,NORMAL,,False,,False,,NORMAL,0
Guwahati,13,ISRO0065_15F041(BONGAIGAON),26.523055,90.491111,2014-02-05,0.0,NORMAL,0.0,N/A,NORMAL,,False,,False,,NORMAL,0
Guwahati,13,ISRO0067_15F043(NALBARI),26.4358333,91.335,2014-02-06,0.0,NORMAL,0.0,N/A,NORMAL,,False,,False,,NORMAL,0
Guwahati,13,ISRO1071_15F42F(Ananda),27.44861,94.22945,2014-02-06,0.0,NORMAL,0.0,N/A,NORMAL,,False,,False,,NORMAL,0
Guwahati,13,ISRO1106_15F452(Rangiya Degree College. Rangiya),26.426945,91.61389,2014-02-06,0.0,NORMAL,0.0,N/A,NORMAL,,False,,False,,NORMAL,0
Bagdogra,11,ISRO0066_15F042(GOSSAIGAON),26.3908333,89.9405555,2014-02-06,0.0,NORMAL,0.0,N/A,NORMAL,,False,,False,,NORMAL,0
Guwahati,13,ISRO1069_15F42D(TRA. Dikom),27.466667,95.08889,2014-02-06,0.0,NORMAL,0.0,N/A,NORMAL,,False,,False,,NORMAL,0
Guwahati,13,ISRO0062_15F03E(LAKHIMPUR),27.2041666,94.1069444,2014-02-06,0.0,NORMAL,0.0,N/A,NORMAL,,False,,False,,NORMAL,0
Guwahati,13,ISRO1074_15F432(Salonah),26.445833,92.975,2014-02-06,0.0,NORMAL,0.0,N/A,NORMAL,,False,,False,,NORMAL,0
Guwahati,13,ISRO1104_15F450(Dhemaji Degree College. Dhemaji),27.475555,94.55167,2014-02-06,0.0,NORMAL,0.0,N/A,NORMAL,,False,,False,,NORMAL,0
Guwahati,13,ISRO1068_15F42C(TRA. Jorhat),26.730833,94.22667,2014-02-06,0.0,NORMAL,0.0,N/A,NORMAL,,False,,False,,NORMAL,0
Guwahati,13,ISRO1112_15F458(President. Gharowa. Lumding),25.751112,93.178055,2014-02-06,0.0,NORMAL,0.0,N/A,NORMAL,,False,,False,,NORMAL,0
Guwahati,13,ISRO1102_15F44E(North Guwhathi College. North Guwhathi),26.202223,91.715836,2014-02-06,0.0,NORMAL,0.0,N/A,NORMAL,,False,,False,,NORMAL,0
Guwahati,13,ISRO0065_15F041(BONGAIGAON),26.523055,90.491111,2014-02-08,0.0,NORMAL,0.0,N/A,NORMAL,,False,,False,,NORMAL,0
Guwahati,13,ISRO1101_15F44D(Regional Science Centre. Khanpara. Guwhathi),26.120556,91.81639,2014-02-09,0.0,NORMAL,0.0,N/A,NORMAL,,False,,False,,NORMAL,0
Guwahati,13,ISRO0065_15F041(BONGAIGAON),26.523055,90.491111,2014-02-09,0.0,NORMAL,0.0,N/A,NORMAL,,False,,False,,NORMAL,0
Guwahati,13,ISRO1101_15F44D(Regional Science Centre. Khanpara. Guwhathi),26.120556,91.81639,2014-02-13,0.0,NORMAL,0.0,N/A,NORMAL,,False,,False,,NORMAL,0
Guwahati,13,ISRO0065_15F041(BONGAIGAON),26.523055,90.491111,2014-02-18,35.0,T2,1.0,COARSE,CLOUDBURST_CANDIDATE,L=1.000 | R_core=35.0mm | R_bg=0.0mm (nearest_proxy (139km)) | scale=COARSE | gradient: [ZC:139km=0.0mm],False,no_iwv_buildup (delta=-2.0mm < 2.0mm threshold),False,offline_verification,CANDIDATE_CLOUDBURST,1
Guwahati,13,ISRO1101_15F44D(Regional Science Centre. Khanpara. Guwhathi),26.120556,91.81639,2014-02-18,0.0,NORMAL,0.0,N/A,NORMAL,,False,,False,,NORMAL,0
Guwahati,13,ISRO0065_15F041(BONGAIGAON),26.523055,90.491111,2014-02-19,0.0,NORMAL,0.0,N/A,NORMAL,,False,,False,,NORMAL,0
Guwahati,13,ISRO0065_15F041(BONGAIGAON),26.523055,90.491111,2014-02-21,0.0,NORMAL,0.0,N/A,NORMAL,,False,,False,,NORMAL,0
Guwahati,13,ISRO0065_15F041(BONGAIGAON),26.523055,90.491111,2014-02-23,0.0,NORMAL,0.0,N/A,NORMAL,,False,,False,,NORMAL,0
Guwahati,13,ISRO1101_15F44D(Regional Science Centre. Khanpara. Guwhathi),26.120556,91.81639,2014-02-24,0.0,NORMAL,0.0,N/A,NORMAL,,False,,False,,NORMAL,0
Guwahati,13,ISRO1106_15F452(Rangiya Degree College. Rangiya),26.426945,91.61389,2014-03-02,0.0,NORMAL,0.0,N/A,NORMAL,,False,,False,,NORMAL,0
Guwahati,13,ISRO1102_15F44E(North Guwhathi College. North Guwhathi),26.202223,91.715836,2014-03-02,0.0,NORMAL,0.0,N/A,NORMAL,,False,,False,,NORMAL,0
Guwahati,13,ISRO1074_15F432(Salonah),26.445833,92.975,2014-03-02,0.0,NORMAL,0.0,N/A,NORMAL,,False,,False,,NORMAL,0
Guwahati,13,ISRO0076_15F04C(Dhubri),26.023333,89.96917,2014-03-02,0.0,NORMAL,0.0,N/A,NORMAL,,False,,False,,NORMAL,0
Guwahati,13,ISRO1071_15F42F(Ananda),27.44861,94.22945,2014-03-02,5.0,NORMAL,0.0,N/A,NORMAL,,False,,False,,NORMAL,0
Bagdogra,11,ISRO0066_15F042(GOSSAIGAON),26.3908333,89.9405555,2014-03-02,0.0,NORMAL,0.0,N/A,NORMAL,,False,,False,,NORMAL,0
Guwahati,13,ISRO0067_15F043(NALBARI),26.4358333,91.335,2014-03-02,2.0,NORMAL,0.0,N/A,NORMAL,,False,,False,,NORMAL,0
Guwahati,13,ISRO1104_15F450(Dhemaji Degree College. Dhemaji),27.475555,94.55167,2014-03-02,10.0,NORMAL,0.0,N/A,NORMAL,,False,,False,,NORMAL,0
Guwahati,13,ISRO1069_15F42D(TRA. Dikom),27.466667,95.08889,2014-03-02,4.0,NORMAL,0.0,N/A,NORMAL,,False,,False,,NORMAL,0
Guwahati,13,ISRO0062_15F03E(LAKHIMPUR),27.2041666,94.1069444,2014-03-02,0.0,NORMAL,0.0,N/A,NORMAL,,False,,False,,NORMAL,0
Guwahati,13,ISRO1102_15F44E(North Guwhathi College. North Guwhathi),26.202223,91.715836,2014-03-03,0.0,NORMAL,0.0,N/A,NORMAL,,False,,False,,NORMAL,0
Guwahati,13,ISRO1071_15F42F(Ananda),27.44861,94.22945,2014-03-03,79.0,T2,1.0,COARSE,CLOUDBURST_CANDIDATE,L=1.000 | R_core=79.0mm | R_bg=0.0mm (nearest_proxy (325km)) | scale=COARSE | gradient: [ZC:30km=0.0mm] [ZC:32km=61.0mm] [ZC:80km=1.0mm] [ZC:85km=39.0mm] [ZC:167km=15.0mm] [ZC:216km=17.0mm] [ZC:281km=0.0mm] [ZC:285km=0.0mm] [ZC:308km=27.0mm] [ZC:325km=0.0mm],False,insufficient_pre_event_iwv,False,offline_verification,CANDIDATE_CLOUDBURST,10
Guwahati,13,ISRO1074_15F432(Salonah),26.445833,92.975,2014-03-03,15.0,NORMAL,0.0,N/A,NORMAL,,False,,False,,NORMAL,0
Guwahati,13,ISRO1104_15F450(Dhemaji Degree College. Dhemaji),27.475555,94.55167,2014-03-03,61.0,T2,1.0,COARSE,CLOUDBURST_CANDIDATE,L=1.000 | R_core=61.0mm | R_bg=0.0mm (nearest_proxy (343km)) | scale=COARSE | gradient: [ZC:32km=79.0mm] [ZC:53km=39.0mm] [ZC:53km=0.0mm] [ZC:89km=1.0mm] [ZC:194km=15.0mm] [ZC:235km=17.0mm] [ZC:310km=0.0mm] [ZC:315km=0.0mm] [ZC:339km=27.0mm] [ZC:343km=0.0mm],False,insufficient_pre_event_iwv,False,offline_verification,CANDIDATE_CLOUDBURST,10
Guwahati,13,ISRO1069_15F42D(TRA. Dikom),27.466667,95.08889,2014-03-03,39.0,T2,0.3077,COARSE,WIDESPREAD_HEAVY_RAIN,L=0.308 | R_core=39.0mm | R_bg=27.0mm (nearest_proxy (389km)) | scale=COARSE | gradient: [ZC:53km=61.0mm] [ZC:85km=79.0mm] [ZC:101km=0.0mm] [ZC:118km=1.0mm] [ZC:238km=15.0mm] [ZC:269km=17.0mm] [ZC:358km=0.0mm] [ZC:363km=0.0mm] [ZC:373km=0.0mm] [ZC:389km=27.0mm],False,insufficient_pre_event_iwv,False,offline_verification,WIDESPREAD_HEAVY_RAIN,10
Lengpui,12,ISRO0069_15F045(ARUNACHAL),24.8541666,92.7388888,2014-03-03,0.0,NORMAL,0.0,N/A,NORMAL,,False,,False,,NORMAL,0
Guwahati,13,ISRO0062_15F03E(LAKHIMPUR),27.2041666,94.1069444,2014-03-03,0.0,NORMAL,0.0,N/A,NORMAL,,False,,False,,NORMAL,0
Guwahati,13,ISRO0067_15F043(NALBARI),26.4358333,91.335,2014-03-03,27.0,NORMAL,0.0,N/A,NORMAL,,False,,False,,NORMAL,0
Guwahati,13,ISRO1068_15F42C(TRA. Jorhat),26.730833,94.22667,2014-03-03,1.0,NORMAL,0.0,N/A,NORMAL,,False,,False,,NORMAL,0
Guwahati,13,ISRO1112_15F458(President. Gharowa. Lumding),25.751112,93.178055,2014-03-03,17.0,NORMAL,0.0,N/A,NORMAL,,False,,False,,NORMAL,0
Guwahati,13,ISRO1101_15F44D(Regional Science Centre. Khanpara. Guwhathi),26.120556,91.81639,2014-03-04,0.0,NORMAL,0.0,N/A,NORMAL,,False,,False,,NORMAL,0
Guwahati,13,ISRO1071_15F42F(Ananda),27.44861,94.22945,2014-03-04,0.0,NORMAL,0.0,N/A,NORMAL,,False,,False,,NORMAL,0
Guwahati,13,ISRO1068_15F42C(TRA. Jorhat),26.730833,94.22667,2014-03-04,0.0,NORMAL,0.0,N/A,NORMAL,,False,,False,,NORMAL,0
Guwahati,13,ISRO0062_15F03E(LAKHIMPUR),27.2041666,94.1069444,2014-03-04,0.0,NORMAL,0.0,N/A,NORMAL,,False,,False,,NORMAL,0
Guwahati,13,ISRO1104_15F450(Dhemaji Degree College. Dhemaji),27.475555,94.55167,2014-03-04,0.0,NORMAL,0.0,N/A,NORMAL,,False,,False,,NORMAL,0
Guwahati,13,ISRO0076_15F04C(Dhubri),26.023333,89.96917,2014-03-04,0.0,NORMAL,0.0,N/A,NORMAL,,False,,False,,NORMAL,0
Lengpui,12,ISRO0069_15F045(ARUNACHAL),24.8541666,92.7388888,2014-03-04,0.0,NORMAL,0.0,N/A,NORMAL,,False,,False,,NORMAL,0
Bagdogra,11,ISRO0066_15F042(GOSSAIGAON),26.3908333,89.9405555,2014-03-04,0.0,NORMAL,0.0,N/A,NORMAL,,False,,False,,NORMAL,0
Guwahati,13,ISRO1102_15F44E(North Guwhathi College. North Guwhathi),26.202223,91.715836,2014-03-04,0.0,NORMAL,0.0,N/A,NORMAL,,False,,False,,NORMAL,0
Guwahati,13,ISRO1106_15F452(Rangiya Degree College. Rangiya),26.426945,91.61389,2014-03-04,0.0,NORMAL,0.0,N/A,NORMAL,,False,,False,,NORMAL,0
Guwahati,13,ISRO1112_15F458(President. Gharowa. Lumding),25.751112,93.178055,2014-03-04,0.0,NORMAL,0.0,N/A,NORMAL,,False,,False,,NORMAL,0
Guwahati,13,ISRO1074_15F432(Salonah),26.445833,92.975,2014-03-04,0.0,NORMAL,0.0,N/A,NORMAL,,False,,False,,NORMAL,0
Guwahati,13,ISRO1104_15F450(Dhemaji Degree College. Dhemaji),27.475555,94.55167,2014-03-05,0.0,NORMAL,0.0,N/A,NORMAL,,False,,False,,NORMAL,0
Guwahati,13,ISRO1112_15F458(President. Gharowa. Lumding),25.751112,93.178055,2014-03-05,0.0,NORMAL,0.0,N/A,NORMAL,,False,,False,,NORMAL,0
Guwahati,13,ISRO1068_15F42C(TRA. Jorhat),26.730833,94.22667,2014-03-05,0.0,NORMAL,0.0,N/A,NORMAL,,False,,False,,NORMAL,0
Lengpui,12,ISRO0069_15F045(ARUNACHAL),24.8541666,92.7388888,2014-03-05,0.0,NORMAL,0.0,N/A,NORMAL,,False,,False,,NORMAL,0
Guwahati,13,ISRO1102_15F44E(North Guwhathi College. North Guwhathi),26.202223,91.715836,2014-03-05,0.0,NORMAL,0.0,N/A,NORMAL,,False,,False,,NORMAL,0
Bagdogra,11,ISRO0066_15F042(GOSSAIGAON),26.3908333,89.9405555,2014-03-05,0.0,NORMAL,0.0,N/A,NORMAL,,False,,False,,NORMAL,0
Guwahati,13,ISRO0067_15F043(NALBARI),26.4358333,91.335,2014-03-05,0.0,NORMAL,0.0,N/A,NORMAL,,False,,False,,NORMAL,0
Guwahati,13,ISRO1074_15F432(Salonah),26.445833,92.975,2014-03-05,0.0,NORMAL,0.0,N/A,NORMAL,,False,,False,,NORMAL,0
Guwahati,13,ISRO1071_15F42F(Ananda),27.44861,94.22945,2014-03-05,0.0,NORMAL,0.0,N/A,NORMAL,,False,,False,,NORMAL,0
Guwahati,13,ISRO0076_15F04C(Dhubri),26.023333,89.96917,2014-03-05,0.0,NORMAL,0.0,N/A,NORMAL,,False,,False,,NORMAL,0
Guwahati,13,ISRO1106_15F452(Rangiya Degree College. Rangiya),26.426945,91.61389,2014-03-05,0.0,NORMAL,0.0,N/A,NORMAL,,False,,False,,NORMAL,0
Guwahati,13,ISRO1102_15F44E(North Guwhathi College. North Guwhathi),26.202223,91.715836,2014-03-06,0.0,NORMAL,0.0,N/A,NORMAL,,False,,False,,NORMAL,0
Guwahati,13,ISRO1071_15F42F(Ananda),27.44861,94.22945,2014-03-06,0.0,NORMAL,0.0,N/A,NORMAL,,False,,False,,NORMAL,0
Guwahati,13,ISRO0067_15F043(NALBARI),26.4358333,91.335,2014-03-06,0.0,NORMAL,0.0,N/A,NORMAL,,False,,False,,NORMAL,0
Bagdogra,11,ISRO0066_15F042(GOSSAIGAON),26.3908333,89.9405555,2014-03-06,0.0,NORMAL,0.0,N/A,NORMAL,,False,,False,,NORMAL,0
Guwahati,13,ISRO1069_15F42D(TRA. Dikom),27.466667,95.08889,2014-03-06,0.0,NORMAL,0.0,N/A,NORMAL,,False,,False,,NORMAL,0
Guwahati,13,ISRO0076_15F04C(Dhubri),26.023333,89.96917,2014-03-06,0.0,NORMAL,0.0,N/A,NORMAL,,False,,False,,NORMAL,0
Guwahati,13,ISRO1112_15F458(President. Gharowa. Lumding),25.751112,93.178055,2014-03-06,0.0,NORMAL,0.0,N/A,NORMAL,,False,,False,,NORMAL,0
Guwahati,13,ISRO1106_15F452(Rangiya Degree College. Rangiya),26.426945,91.61389,2014-03-06,0.0,NORMAL,0.0,N/A,NORMAL,,False,,False,,NORMAL,0
Guwahati,13,ISRO1074_15F432(Salonah),26.445833,92.975,2014-03-06,0.0,NORMAL,0.0,N/A,NORMAL,,False,,False,,NORMAL,0
Guwahati,13,ISRO1104_15F450(Dhemaji Degree College. Dhemaji),27.475555,94.55167,2014-03-06,0.0,NORMAL,0.0,N/A,NORMAL,,False,,False,,NORMAL,0
Guwahati,13,ISRO1101_15F44D(Regional Science Centre. Khanpara. Guwhathi),26.120556,91.81639,2014-03-09,0.0,NORMAL,0.0,N/A,NORMAL,,False,,False,,NORMAL,0
Guwahati,13,ISRO1101_15F44D(Regional Science Centre. Khanpara. Guwhathi),26.120556,91.81639,2014-03-12,0.0,NORMAL,0.0,N/A,NORMAL,,False,,False,,NORMAL,0
Guwahati,13,ISRO1068_15F42C(TRA. Jorhat),26.730833,94.22667,2014-04-02,3.0,NORMAL,0.0,N/A,NORMAL,,False,,False,,NORMAL,0
Guwahati,13,ISRO1106_15F452(Rangiya Degree College. Rangiya),26.426945,91.61389,2014-04-02,0.0,NORMAL,0.0,N/A,NORMAL,,False,,False,,NORMAL,0
Guwahati,13,ISRO1104_15F450(Dhemaji Degree College. Dhemaji),27.475555,94.55167,2014-04-02,10.0,NORMAL,0.0,N/A,NORMAL,,False,,False,,NORMAL,0
Guwahati,13,ISRO0076_15F04C(Dhubri),26.023333,89.96917,2014-04-02,0.0,NORMAL,0.0,N/A,NORMAL,,False,,False,,NORMAL,0
Guwahati,13,ISRO0067_15F043(NALBARI),26.4358333,91.335,2014-04-02,2.0,NORMAL,0.0,N/A,NORMAL,,False,,False,,NORMAL,0
Bagdogra,11,ISRO0066_15F042(GOSSAIGAON),26.3908333,89.9405555,2014-04-02,0.0,NORMAL,0.0,N/A,NORMAL,,False,,False,,NORMAL,0
Guwahati,13,ISRO1102_15F44E(North Guwhathi College. North Guwhathi),26.202223,91.715836,2014-04-02,0.0,NORMAL,0.0,N/A,NORMAL,,False,,False,,NORMAL,0
Guwahati,13,ISRO1069_15F42D(TRA. Dikom),27.466667,95.08889,2014-04-02,4.0,NORMAL,0.0,N/A,NORMAL,,False,,False,,NORMAL,0
Guwahati,13,ISRO1102_15F44E(North Guwhathi College. North Guwhathi),26.202223,91.715836,2014-04-03,0.0,NORMAL,0.0,N/A,NORMAL,,False,,False,,NORMAL,0
Guwahati,13,ISRO1112_15F458(President. Gharowa. Lumding),25.751112,93.178055,2014-04-03,17.0,NORMAL,0.0,N/A,NORMAL,,False,,False,,NORMAL,0
Guwahati,13,ISRO1069_15F42D(TRA. Dikom),27.466667,95.08889,2014-04-03,39.0,T2,0.3077,COARSE,WIDESPREAD_HEAVY_RAIN,L=0.308 | R_core=39.0mm | R_bg=27.0mm (nearest_proxy (389km)) | scale=COARSE | gradient: [ZC:53km=61.0mm] [ZC:85km=0.0mm] [ZC:118km=1.0mm] [ZC:238km=15.0mm] [ZC:269km=17.0mm] [ZC:363km=0.0mm] [ZC:373km=0.0mm] [ZC:389km=27.0mm],False,insufficient_pre_event_iwv,False,offline_verification,WIDESPREAD_HEAVY_RAIN,8
Guwahati,13,ISRO1068_15F42C(TRA. Jorhat),26.730833,94.22667,2014-04-03,1.0,NORMAL,0.0,N/A,NORMAL,,False,,False,,NORMAL,0
Guwahati,13,ISRO1074_15F432(Salonah),26.445833,92.975,2014-04-03,15.0,NORMAL,0.0,N/A,NORMAL,,False,,False,,NORMAL,0
Guwahati,13,ISRO1104_15F450(Dhemaji Degree College. Dhemaji),27.475555,94.55167,2014-04-03,61.0,T2,1.0,COARSE,CLOUDBURST_CANDIDATE,L=1.000 | R_core=61.0mm | R_bg=0.0mm (nearest_proxy (343km)) | scale=COARSE | gradient: [ZC:32km=0.0mm] [ZC:53km=39.0mm] [ZC:89km=1.0mm] [ZC:194km=15.0mm] [ZC:235km=17.0mm] [ZC:315km=0.0mm] [ZC:339km=27.0mm] [ZC:343km=0.0mm],False,insufficient_pre_event_iwv,False,offline_verification,CANDIDATE_CLOUDBURST,8
Guwahati,13,ISRO0067_15F043(NALBARI),26.4358333,91.335,2014-04-03,27.0,NORMAL,0.0,N/A,NORMAL,,False,,False,,NORMAL,0
Guwahati,13,ISRO1071_15F42F(Ananda),27.44861,94.22945,2014-04-03,0.0,NORMAL,0.0,N/A,NORMAL,,False,,False,,NORMAL,0
Lengpui,12,ISRO0069_15F045(ARUNACHAL),24.8541666,92.7388888,2014-04-03,0.0,NORMAL,0.0,N/A,NORMAL,,False,,False,,NORMAL,0
Guwahati,13,ISRO1104_15F450(Dhemaji Degree College. Dhemaji),27.475555,94.55167,2014-04-04,0.0,NORMAL,0.0,N/A,NORMAL,,False,,False,,NORMAL,0
Guwahati,13,ISRO0062_15F03E(LAKHIMPUR),27.2041666,94.1069444,2014-04-04,0.0,NORMAL,0.0,N/A,NORMAL,,False,,False,,NORMAL,0
Guwahati,13,ISRO1071_15F42F(Ananda),27.44861,94.22945,2014-04-04,0.0,NORMAL,0.0,N/A,NORMAL,,False,,False,,NORMAL,0
Guwahati,13,ISRO1069_15F42D(TRA. Dikom),27.466667,95.08889,2014-04-04,0.0,NORMAL,0.0,N/A,NORMAL,,False,,False,,NORMAL,0
Guwahati,13,ISRO1106_15F452(Rangiya Degree College. Rangiya),26.426945,91.61389,2014-04-04,0.0,NORMAL,0.0,N/A,NORMAL,,False,,False,,NORMAL,0
Guwahati,13,ISRO1068_15F42C(TRA. Jorhat),26.730833,94.22667,2014-04-04,0.0,NORMAL,0.0,N/A,NORMAL,,False,,False,,NORMAL,0
Guwahati,13,ISRO1112_15F458(President. Gharowa. Lumding),25.751112,93.178055,2014-04-04,0.0,NORMAL,0.0,N/A,NORMAL,,False,,False,,NORMAL,0
Guwahati,13,ISRO1074_15F432(Salonah),26.445833,92.975,2014-04-04,0.0,NORMAL,0.0,N/A,NORMAL,,False,,False,,NORMAL,0
Lengpui,12,ISRO0069_15F045(ARUNACHAL),24.8541666,92.7388888,2014-04-04,0.0,NORMAL,0.0,N/A,NORMAL,,False,,False,,NORMAL,0
Guwahati,13,ISRO1102_15F44E(North Guwhathi College. North Guwhathi),26.202223,91.715836,2014-04-04,0.0,NORMAL,0.0,N/A,NORMAL,,False,,False,,NORMAL,0
Guwahati,13,ISRO0067_15F043(NALBARI),26.4358333,91.335,2014-04-04,0.0,NORMAL,0.0,N/A,NORMAL,,False,,False,,NORMAL,0
Bagdogra,11,ISRO0066_15F042(GOSSAIGAON),26.3908333,89.9405555,2014-04-04,0.0,NORMAL,0.0,N/A,NORMAL,,False,,False,,NORMAL,0
Lengpui,12,ISRO0069_15F045(ARUNACHAL),24.8541666,92.7388888,2014-04-05,0.0,NORMAL,0.0,N/A,NORMAL,,False,,False,,NORMAL,0
Guwahati,13,ISRO1071_15F42F(Ananda),27.44861,94.22945,2014-04-05,0.0,NORMAL,0.0,N/A,NORMAL,,False,,False,,NORMAL,0
Guwahati,13,ISRO0076_15F04C(Dhubri),26.023333,89.96917,2014-04-05,0.0,NORMAL,0.0,N/A,NORMAL,,False,,False,,NORMAL,0
Guwahati,13,ISRO1102_15F44E(North Guwhathi College. North Guwhathi),26.202223,91.715836,2014-04-05,0.0,NORMAL,0.0,N/A,NORMAL,,False,,False,,NORMAL,0
Guwahati,13,ISRO1106_15F452(Rangiya Degree College. Rangiya),26.426945,91.61389,2014-04-05,0.0,NORMAL,0.0,N/A,NORMAL,,False,,False,,NORMAL,0
Guwahati,13,ISRO1068_15F42C(TRA. Jorhat),26.730833,94.22667,2014-04-05,0.0,NORMAL,0.0,N/A,NORMAL,,False,,False,,NORMAL,0
Guwahati,13,ISRO0062_15F03E(LAKHIMPUR),27.2041666,94.1069444,2014-04-05,0.0,NORMAL,0.0,N/A,NORMAL,,False,,False,,NORMAL,0
Guwahati,13,ISRO1069_15F42D(TRA. Dikom),27.466667,95.08889,2014-04-05,0.0,NORMAL,0.0,N/A,NORMAL,,False,,False,,NORMAL,0
Guwahati,13,ISRO1074_15F432(Salonah),26.445833,92.975,2014-04-05,0.0,NORMAL,0.0,N/A,NORMAL,,False,,False,,NORMAL,0
Bagdogra,11,ISRO0066_15F042(GOSSAIGAON),26.3908333,89.9405555,2014-04-05,0.0,NORMAL,0.0,N/A,NORMAL,,False,,False,,NORMAL,0
Guwahati,13,ISRO0067_15F043(NALBARI),26.4358333,91.335,2014-04-05,0.0,NORMAL,0.0,N/A,NORMAL,,False,,False,,NORMAL,0
Guwahati,13,ISRO1112_15F458(President. Gharowa. Lumding),25.751112,93.178055,2014-04-05,0.0,NORMAL,0.0,N/A,NORMAL,,False,,False,,NORMAL,0
Guwahati,13,ISRO1104_15F450(Dhemaji Degree College. Dhemaji),27.475555,94.55167,2014-04-05,0.0,NORMAL,0.0,N/A,NORMAL,,False,,False,,NORMAL,0
Guwahati,13,ISRO0062_15F03E(LAKHIMPUR),27.2041666,94.1069444,2014-04-06,0.0,NORMAL,0.0,N/A,NORMAL,,False,,False,,NORMAL,0
Guwahati,13,ISRO1106_15F452(Rangiya Degree College. Rangiya),26.426945,91.61389,2014-04-06,0.0,NORMAL,0.0,N/A,NORMAL,,False,,False,,NORMAL,0
Guwahati,13,ISRO0076_15F04C(Dhubri),26.023333,89.96917,2014-04-06,0.0,NORMAL,0.0,N/A,NORMAL,,False,,False,,NORMAL,0
Guwahati,13,ISRO1074_15F432(Salonah),26.445833,92.975,2014-04-06,0.0,NORMAL,0.0,N/A,NORMAL,,False,,False,,NORMAL,0
Guwahati,13,ISRO1112_15F458(President. Gharowa. Lumding),25.751112,93.178055,2014-04-06,0.0,NORMAL,0.0,N/A,NORMAL,,False,,False,,NORMAL,0
Guwahati,13,ISRO1104_15F450(Dhemaji Degree College. Dhemaji),27.475555,94.55167,2014-04-06,0.0,NORMAL,0.0,N/A,NORMAL,,False,,False,,NORMAL,0
Guwahati,13,ISRO0067_15F043(NALBARI),26.4358333,91.335,2014-04-06,0.0,NORMAL,0.0,N/A,NORMAL,,False,,False,,NORMAL,0
Guwahati,13,ISRO1068_15F42C(TRA. Jorhat),26.730833,94.22667,2014-04-06,0.0,NORMAL,0.0,N/A,NORMAL,,False,,False,,NORMAL,0
Guwahati,13,ISRO1069_15F42D(TRA. Dikom),27.466667,95.08889,2014-04-06,0.0,NORMAL,0.0,N/A,NORMAL,,False,,False,,NORMAL,0
Guwahati,13,ISRO1102_15F44E(North Guwhathi College. North Guwhathi),26.202223,91.715836,2014-04-06,0.0,NORMAL,0.0,N/A,NORMAL,,False,,False,,NORMAL,0
Bagdogra,11,ISRO0066_15F042(GOSSAIGAON),26.3908333,89.9405555,2014-04-06,0.0,NORMAL,0.0,N/A,NORMAL,,False,,False,,NORMAL,0
Guwahati,13,ISRO0067_15F043(NALBARI),26.4358333,91.335,2014-05-02,2.0,NORMAL,0.0,N/A,NORMAL,,False,,False,,NORMAL,0
Guwahati,13,ISRO1104_15F450(Dhemaji Degree College. Dhemaji),27.475555,94.55167,2014-05-02,10.0,NORMAL,0.0,N/A,NORMAL,,False,,False,,NORMAL,0
Guwahati,13,ISRO1106_15F452(Rangiya Degree College. Rangiya),26.426945,91.61389,2014-05-02,0.0,NORMAL,0.0,N/A,NORMAL,,False,,False,,NORMAL,0
Guwahati,13,ISRO1102_15F44E(North Guwhathi College. North Guwhathi),26.202223,91.715836,2014-05-02,0.0,NORMAL,0.0,N/A,NORMAL,,False,,False,,NORMAL,0
Guwahati,13,ISRO1071_15F42F(Ananda),27.44861,94.22945,2014-05-02,5.0,NORMAL,0.0,N/A,NORMAL,,False,,False,,NORMAL,0
Guwahati,13,ISRO1069_15F42D(TRA. Dikom),27.466667,95.08889,2014-05-02,4.0,NORMAL,0.0,N/A,NORMAL,,False,,False,,NORMAL,0
Guwahati,13,ISRO1068_15F42C(TRA. Jorhat),26.730833,94.22667,2014-05-02,3.0,NORMAL,0.0,N/A,NORMAL,,False,,False,,NORMAL,0
Bagdogra,11,ISRO0066_15F042(GOSSAIGAON),26.3908333,89.9405555,2014-05-02,0.0,NORMAL,0.0,N/A,NORMAL,,False,,False,,NORMAL,0
Guwahati,13,ISRO1069_15F42D(TRA. Dikom),27.466667,95.08889,2014-05-03,39.0,T2,0.3077,COARSE,WIDESPREAD_HEAVY_RAIN,L=0.308 | R_core=39.0mm | R_bg=27.0mm (nearest_proxy (389km)) | scale=COARSE | gradient: [ZC:53km=61.0mm] [ZC:85km=79.0mm] [ZC:118km=1.0mm] [ZC:238km=15.0mm] [ZC:269km=17.0mm] [ZC:363km=0.0mm] [ZC:373km=0.0mm] [ZC:389km=27.0mm],False,insufficient_pre_event_iwv,False,offline_verification,WIDESPREAD_HEAVY_RAIN,8
Guwahati,13,ISRO0067_15F043(NALBARI),26.4358333,91.335,2014-05-03,27.0,NORMAL,0.0,N/A,NORMAL,,False,,False,,NORMAL,0
Guwahati,13,ISRO1071_15F42F(Ananda),27.44861,94.22945,2014-05-03,79.0,T2,1.0,COARSE,CLOUDBURST_CANDIDATE,L=1.000 | R_core=79.0mm | R_bg=0.0mm (nearest_proxy (325km)) | scale=COARSE | gradient: [ZC:32km=61.0mm] [ZC:80km=1.0mm] [ZC:85km=39.0mm] [ZC:167km=15.0mm] [ZC:216km=17.0mm] [ZC:285km=0.0mm] [ZC:308km=27.0mm] [ZC:325km=0.0mm],False,insufficient_pre_event_iwv,False,offline_verification,CANDIDATE_CLOUDBURST,8
Guwahati,13,ISRO1112_15F458(President. Gharowa. Lumding),25.751112,93.178055,2014-05-03,17.0,NORMAL,0.0,N/A,NORMAL,,False,,False,,NORMAL,0
Guwahati,13,ISRO1068_15F42C(TRA. Jorhat),26.730833,94.22667,2014-05-03,1.0,NORMAL,0.0,N/A,NORMAL,,False,,False,,NORMAL,0
Guwahati,13,ISRO1102_15F44E(North Guwhathi College. North Guwhathi),26.202223,91.715836,2014-05-03,0.0,NORMAL,0.0,N/A,NORMAL,,False,,False,,NORMAL,0
Lengpui,12,ISRO0069_15F045(ARUNACHAL),24.8541666,92.7388888,2014-05-03,0.0,NORMAL,0.0,N/A,NORMAL,,False,,False,,NORMAL,0
Guwahati,13,ISRO1104_15F450(Dhemaji Degree College. Dhemaji),27.475555,94.55167,2014-05-03,61.0,T2,1.0,COARSE,CLOUDBURST_CANDIDATE,L=1.000 | R_core=61.0mm | R_bg=0.0mm (nearest_proxy (343km)) | scale=COARSE | gradient: [ZC:32km=79.0mm] [ZC:53km=39.0mm] [ZC:89km=1.0mm] [ZC:194km=15.0mm] [ZC:235km=17.0mm] [ZC:315km=0.0mm] [ZC:339km=27.0mm] [ZC:343km=0.0mm],False,insufficient_pre_event_iwv,False,offline_verification,CANDIDATE_CLOUDBURST,8
Guwahati,13,ISRO1074_15F432(Salonah),26.445833,92.975,2014-05-03,15.0,NORMAL,0.0,N/A,NORMAL,,False,,False,,NORMAL,0
Guwahati,13,ISRO1068_15F42C(TRA. Jorhat),26.730833,94.22667,2014-05-04,0.0,NORMAL,0.0,N/A,NORMAL,,False,,False,,NORMAL,0
Guwahati,13,ISRO1112_15F458(President. Gharowa. Lumding),25.751112,93.178055,2014-05-04,0.0,NORMAL,0.0,N/A,NORMAL,,False,,False,,NORMAL,0
Bagdogra,11,ISRO0066_15F042(GOSSAIGAON),26.3908333,89.9405555,2014-05-04,0.0,NORMAL,0.0,N/A,NORMAL,,False,,False,,NORMAL,0
Guwahati,13,ISRO1074_15F432(Salonah),26.445833,92.975,2014-05-04,0.0,NORMAL,0.0,N/A,NORMAL,,False,,False,,NORMAL,0
Guwahati,13,ISRO1104_15F450(Dhemaji Degree College. Dhemaji),27.475555,94.55167,2014-05-04,0.0,NORMAL,0.0,N/A,NORMAL,,False,,False,,NORMAL,0
Guwahati,13,ISRO1106_15F452(Rangiya Degree College. Rangiya),26.426945,91.61389,2014-05-04,0.0,NORMAL,0.0,N/A,NORMAL,,False,,False,,NORMAL,0
Guwahati,13,ISRO1071_15F42F(Ananda),27.44861,94.22945,2014-05-04,0.0,NORMAL,0.0,N/A,NORMAL,,False,,False,,NORMAL,0
Guwahati,13,ISRO0067_15F043(NALBARI),26.4358333,91.335,2014-05-04,0.0,NORMAL,0.0,N/A,NORMAL,,False,,False,,NORMAL,0
Lengpui,12,ISRO0069_15F045(ARUNACHAL),24.8541666,92.7388888,2014-05-04,0.0,NORMAL,0.0,N/A,NORMAL,,False,,False,,NORMAL,0
Guwahati,13,ISRO0062_15F03E(LAKHIMPUR),27.2041666,94.1069444,2014-05-04,0.0,NORMAL,0.0,N/A,NORMAL,,False,,False,,NORMAL,0
Guwahati,13,ISRO1069_15F42D(TRA. Dikom),27.466667,95.08889,2014-05-04,0.0,NORMAL,0.0,N/A,NORMAL,,False,,False,,NORMAL,0
Guwahati,13,ISRO1112_15F458(President. Gharowa. Lumding),25.751112,93.178055,2014-05-05,0.0,NORMAL,0.0,N/A,NORMAL,,False,,False,,NORMAL,0
Guwahati,13,ISRO1069_15F42D(TRA. Dikom),27.466667,95.08889,2014-05-05,0.0,NORMAL,0.0,N/A,NORMAL,,False,,False,,NORMAL,0
Guwahati,13,ISRO1102_15F44E(North Guwhathi College. North Guwhathi),26.202223,91.715836,2014-05-05,0.0,NORMAL,0.0,N/A,NORMAL,,False,,False,,NORMAL,0
Lengpui,12,ISRO0069_15F045(ARUNACHAL),24.8541666,92.7388888,2014-05-05,0.0,NORMAL,0.0,N/A,NORMAL,,False,,False,,NORMAL,0
Bagdogra,11,ISRO0066_15F042(GOSSAIGAON),26.3908333,89.9405555,2014-05-05,0.0,NORMAL,0.0,N/A,NORMAL,,False,,False,,NORMAL,0
Guwahati,13,ISRO0062_15F03E(LAKHIMPUR),27.2041666,94.1069444,2014-05-05,0.0,NORMAL,0.0,N/A,NORMAL,,False,,False,,NORMAL,0
Guwahati,13,ISRO1071_15F42F(Ananda),27.44861,94.22945,2014-05-05,0.0,NORMAL,0.0,N/A,NORMAL,,False,,False,,NORMAL,0
Guwahati,13,ISRO1068_15F42C(TRA. Jorhat),26.730833,94.22667,2014-05-05,0.0,NORMAL,0.0,N/A,NORMAL,,False,,False,,NORMAL,0
Guwahati,13,ISRO1106_15F452(Rangiya Degree College. Rangiya),26.426945,91.61389,2014-05-05,0.0,NORMAL,0.0,N/A,NORMAL,,False,,False,,NORMAL,0
Guwahati,13,ISRO0076_15F04C(Dhubri),26.023333,89.96917,2014-05-05,0.0,NORMAL,0.0,N/A,NORMAL,,False,,False,,NORMAL,0
Guwahati,13,ISRO0067_15F043(NALBARI),26.4358333,91.335,2014-05-05,0.0,NORMAL,0.0,N/A,NORMAL,,False,,False,,NORMAL,0
Guwahati,13,ISRO1074_15F432(Salonah),26.445833,92.975,2014-05-05,0.0,NORMAL,0.0,N/A,NORMAL,,False,,False,,NORMAL,0
Guwahati,13,ISRO1104_15F450(Dhemaji Degree College. Dhemaji),27.475555,94.55167,2014-05-05,0.0,NORMAL,0.0,N/A,NORMAL,,False,,False,,NORMAL,0
Bagdogra,11,ISRO0066_15F042(GOSSAIGAON),26.3908333,89.9405555,2014-05-06,0.0,NORMAL,0.0,N/A,NORMAL,,False,,False,,NORMAL,0
Guwahati,13,ISRO0067_15F043(NALBARI),26.4358333,91.335,2014-05-06,0.0,NORMAL,0.0,N/A,NORMAL,,False,,False,,NORMAL,0
Guwahati,13,ISRO1068_15F42C(TRA. Jorhat),26.730833,94.22667,2014-05-06,0.0,NORMAL,0.0,N/A,NORMAL,,False,,False,,NORMAL,0
Guwahati,13,ISRO1069_15F42D(TRA. Dikom),27.466667,95.08889,2014-05-06,0.0,NORMAL,0.0,N/A,NORMAL,,False,,False,,NORMAL,0
Guwahati,13,ISRO0076_15F04C(Dhubri),26.023333,89.96917,2014-05-06,0.0,NORMAL,0.0,N/A,NORMAL,,False,,False,,NORMAL,0
Guwahati,13,ISRO0062_15F03E(LAKHIMPUR),27.2041666,94.1069444,2014-05-06,0.0,NORMAL,0.0,N/A,NORMAL,,False,,False,,NORMAL,0
Guwahati,13,ISRO1106_15F452(Rangiya Degree College. Rangiya),26.426945,91.61389,2014-05-06,0.0,NORMAL,0.0,N/A,NORMAL,,False,,False,,NORMAL,0
Guwahati,13,ISRO1104_15F450(Dhemaji Degree College. Dhemaji),27.475555,94.55167,2014-05-06,0.0,NORMAL,0.0,N/A,NORMAL,,False,,False,,NORMAL,0
Guwahati,13,ISRO1112_15F458(President. Gharowa. Lumding),25.751112,93.178055,2014-05-06,0.0,NORMAL,0.0,N/A,NORMAL,,False,,False,,NORMAL,0
Guwahati,13,ISRO1074_15F432(Salonah),26.445833,92.975,2014-05-06,0.0,NORMAL,0.0,N/A,NORMAL,,False,,False,,NORMAL,0
Guwahati,13,ISRO1071_15F42F(Ananda),27.44861,94.22945,2014-05-06,0.0,NORMAL,0.0,N/A,NORMAL,,False,,False,,NORMAL,0
Guwahati,13,ISRO1068_15F42C(TRA. Jorhat),26.730833,94.22667,2014-06-02,3.0,NORMAL,0.0,N/A,NORMAL,,False,,False,,NORMAL,0
Bagdogra,11,ISRO0066_15F042(GOSSAIGAON),26.3908333,89.9405555,2014-06-02,0.0,NORMAL,0.0,N/A,NORMAL,,False,,False,,NORMAL,0
Guwahati,13,ISRO0067_15F043(NALBARI),26.4358333,91.335,2014-06-02,1.0,NORMAL,0.0,N/A,NORMAL,,False,,False,,NORMAL,0
Guwahati,13,ISRO1071_15F42F(Ananda),27.44861,94.22945,2014-06-02,3.0,NORMAL,0.0,N/A,NORMAL,,False,,False,,NORMAL,0
Guwahati,13,ISRO1106_15F452(Rangiya Degree College. Rangiya),26.426945,91.61389,2014-06-02,0.0,NORMAL,0.0,N/A,NORMAL,,False,,False,,NORMAL,0
Guwahati,13,ISRO1104_15F450(Dhemaji Degree College. Dhemaji),27.475555,94.55167,2014-06-02,1.0,NORMAL,0.0,N/A,NORMAL,,False,,False,,NORMAL,0
Guwahati,13,ISRO1069_15F42D(TRA. Dikom),27.466667,95.08889,2014-06-02,4.0,NORMAL,0.0,N/A,NORMAL,,False,,False,,NORMAL,0
Guwahati,13,ISRO1074_15F432(Salonah),26.445833,92.975,2014-06-02,0.0,NORMAL,0.0,N/A,NORMAL,,False,,False,,NORMAL,0
Guwahati,13,ISRO0076_15F04C(Dhubri),26.023333,89.96917,2014-06-02,0.0,NORMAL,0.0,N/A,NORMAL,,False,,False,,NORMAL,0
Lengpui,12,ISRO0069_15F045(ARUNACHAL),24.8541666,92.7388888,2014-06-03,0.0,NORMAL,0.0,N/A,NORMAL,,False,,False,,NORMAL,0
Guwahati,13,ISRO1068_15F42C(TRA. Jorhat),26.730833,94.22667,2014-06-03,1.0,NORMAL,0.0,N/A,NORMAL,,False,,False,,NORMAL,0
Guwahati,13,ISRO1071_15F42F(Ananda),27.44861,94.22945,2014-06-03,79.0,T2,1.0,COARSE,CLOUDBURST_CANDIDATE,L=1.000 | R_core=79.0mm | R_bg=0.0mm (nearest_proxy (325km)) | scale=COARSE | gradient: [ZC:32km=61.0mm] [ZC:80km=1.0mm] [ZC:85km=39.0mm] [ZC:167km=15.0mm] [ZC:216km=17.0mm] [ZC:285km=0.0mm] [ZC:308km=27.0mm] [ZC:325km=0.0mm],False,insufficient_pre_event_iwv,False,offline_verification,CANDIDATE_CLOUDBURST,8
Guwahati,13,ISRO0067_15F043(NALBARI),26.4358333,91.335,2014-06-03,27.0,NORMAL,0.0,N/A,NORMAL,,False,,False,,NORMAL,0
Guwahati,13,ISRO1102_15F44E(North Guwhathi College. North Guwhathi),26.202223,91.715836,2014-06-03,0.0,NORMAL,0.0,N/A,NORMAL,,False,,False,,NORMAL,0
Guwahati,13,ISRO1104_15F450(Dhemaji Degree College. Dhemaji),27.475555,94.55167,2014-06-03,61.0,T2,1.0,COARSE,CLOUDBURST_CANDIDATE,L=1.000 | R_core=61.0mm | R_bg=0.0mm (nearest_proxy (343km)) | scale=COARSE | gradient: [ZC:32km=79.0mm] [ZC:53km=39.0mm] [ZC:89km=1.0mm] [ZC:194km=15.0mm] [ZC:235km=17.0mm] [ZC:315km=0.0mm] [ZC:339km=27.0mm] [ZC:343km=0.0mm],False,insufficient_pre_event_iwv,False,offline_verification,CANDIDATE_CLOUDBURST,8
Guwahati,13,ISRO1112_15F458(President. Gharowa. Lumding),25.751112,93.178055,2014-06-03,17.0,NORMAL,0.0,N/A,NORMAL,,False,,False,,NORMAL,0
Guwahati,13,ISRO1074_15F432(Salonah),26.445833,92.975,2014-06-03,15.0,NORMAL,0.0,N/A,NORMAL,,False,,False,,NORMAL,0
Guwahati,13,ISRO1069_15F42D(TRA. Dikom),27.466667,95.08889,2014-06-03,39.0,T2,0.3077,COARSE,WIDESPREAD_HEAVY_RAIN,L=0.308 | R_core=39.0mm | R_bg=27.0mm (nearest_proxy (389km)) | scale=COARSE | gradient: [ZC:53km=61.0mm] [ZC:85km=79.0mm] [ZC:118km=1.0mm] [ZC:238km=15.0mm] [ZC:269km=17.0mm] [ZC:363km=0.0mm] [ZC:373km=0.0mm] [ZC:389km=27.0mm],False,insufficient_pre_event_iwv,False,offline_verification,WIDESPREAD_HEAVY_RAIN,8
Guwahati,13,ISRO1074_15F432(Salonah),26.445833,92.975,2014-06-04,0.0,NORMAL,0.0,N/A,NORMAL,,False,,False,,NORMAL,0
Guwahati,13,ISRO1104_15F450(Dhemaji Degree College. Dhemaji),27.475555,94.55167,2014-06-04,0.0,NORMAL,0.0,N/A,NORMAL,,False,,False,,NORMAL,0
Guwahati,13,ISRO1102_15F44E(North Guwhathi College. North Guwhathi),26.202223,91.715836,2014-06-04,0.0,NORMAL,0.0,N/A,NORMAL,,False,,False,,NORMAL,0
Bagdogra,11,ISRO0066_15F042(GOSSAIGAON),26.3908333,89.9405555,2014-06-04,0.0,NORMAL,0.0,N/A,NORMAL,,False,,False,,NORMAL,0
Guwahati,13,ISRO1112_15F458(President. Gharowa. Lumding),25.751112,93.178055,2014-06-04,0.0,NORMAL,0.0,N/A,NORMAL,,False,,False,,NORMAL,0
Guwahati,13,ISRO1071_15F42F(Ananda),27.44861,94.22945,2014-06-04,0.0,NORMAL,0.0,N/A,NORMAL,,False,,False,,NORMAL,0
Guwahati,13,ISRO1069_15F42D(TRA. Dikom),27.466667,95.08889,2014-06-04,0.0,NORMAL,0.0,N/A,NORMAL,,False,,False,,NORMAL,0
Guwahati,13,ISRO0062_15F03E(LAKHIMPUR),27.2041666,94.1069444,2014-06-04,0.0,NORMAL,0.0,N/A,NORMAL,,False,,False,,NORMAL,0
Guwahati,13,ISRO1068_15F42C(TRA. Jorhat),26.730833,94.22667,2014-06-04,0.0,NORMAL,0.0,N/A,NORMAL,,False,,False,,NORMAL,0
Guwahati,13,ISRO1106_15F452(Rangiya Degree College. Rangiya),26.426945,91.61389,2014-06-04,0.0,NORMAL,0.0,N/A,NORMAL,,False,,False,,NORMAL,0
Lengpui,12,ISRO0069_15F045(ARUNACHAL),24.8541666,92.7388888,2014-06-04,0.0,NORMAL,0.0,N/A,NORMAL,,False,,False,,NORMAL,0
Lengpui,12,ISRO0069_15F045(ARUNACHAL),24.8541666,92.7388888,2014-06-05,0.0,NORMAL,0.0,N/A,NORMAL,,False,,False,,NORMAL,0
Guwahati,13,ISRO1104_15F450(Dhemaji Degree College. Dhemaji),27.475555,94.55167,2014-06-05,0.0,NORMAL,0.0,N/A,NORMAL,,False,,False,,NORMAL,0
Guwahati,13,ISRO1068_15F42C(TRA. Jorhat),26.730833,94.22667,2014-06-05,0.0,NORMAL,0.0,N/A,NORMAL,,False,,False,,NORMAL,0
Guwahati,13,ISRO1102_15F44E(North Guwhathi College. North Guwhathi),26.202223,91.715836,2014-06-05,0.0,NORMAL,0.0,N/A,NORMAL,,False,,False,,NORMAL,0
Bagdogra,11,ISRO0066_15F042(GOSSAIGAON),26.3908333,89.9405555,2014-06-05,0.0,NORMAL,0.0,N/A,NORMAL,,False,,False,,NORMAL,0
Guwahati,13,ISRO1069_15F42D(TRA. Dikom),27.466667,95.08889,2014-06-05,0.0,NORMAL,0.0,N/A,NORMAL,,False,,False,,NORMAL,0
Guwahati,13,ISRO1071_15F42F(Ananda),27.44861,94.22945,2014-06-05,0.0,NORMAL,0.0,N/A,NORMAL,,False,,False,,NORMAL,0
Guwahati,13,ISRO1106_15F452(Rangiya Degree College. Rangiya),26.426945,91.61389,2014-06-05,0.0,NORMAL,0.0,N/A,NORMAL,,False,,False,,NORMAL,0
Guwahati,13,ISRO0062_15F03E(LAKHIMPUR),27.2041666,94.1069444,2014-06-05,0.0,NORMAL,0.0,N/A,NORMAL,,False,,False,,NORMAL,0
Guwahati,13,ISRO1112_15F458(President. Gharowa. Lumding),25.751112,93.178055,2014-06-05,0.0,NORMAL,0.0,N/A,NORMAL,,False,,False,,NORMAL,0
Guwahati,13,ISRO1074_15F432(Salonah),26.445833,92.975,2014-06-05,0.0,NORMAL,0.0,N/A,NORMAL,,False,,False,,NORMAL,0
Guwahati,13,ISRO0067_15F043(NALBARI),26.4358333,91.335,2014-06-05,0.0,NORMAL,0.0,N/A,NORMAL,,False,,False,,NORMAL,0
Guwahati,13,ISRO1069_15F42D(TRA. Dikom),27.466667,95.08889,2014-06-06,0.0,NORMAL,0.0,N/A,NORMAL,,False,,False,,NORMAL,0
Guwahati,13,ISRO0076_15F04C(Dhubri),26.023333,89.96917,2014-06-06,0.0,NORMAL,0.0,N/A,NORMAL,,False,,False,,NORMAL,0
Guwahati,13,ISRO1112_15F458(President. Gharowa. Lumding),25.751112,93.178055,2014-06-06,0.0,NORMAL,0.0,N/A,NORMAL,,False,,False,,NORMAL,0
Guwahati,13,ISRO1104_15F450(Dhemaji Degree College. Dhemaji),27.475555,94.55167,2014-06-06,0.0,NORMAL,0.0,N/A,NORMAL,,False,,False,,NORMAL,0
Guwahati,13,ISRO0062_15F03E(LAKHIMPUR),27.2041666,94.1069444,2014-06-06,0.0,NORMAL,0.0,N/A,NORMAL,,False,,False,,NORMAL,0
Guwahati,13,ISRO1071_15F42F(Ananda),27.44861,94.22945,2014-06-06,0.0,NORMAL,0.0,N/A,NORMAL,,False,,False,,NORMAL,0
Bagdogra,11,ISRO0066_15F042(GOSSAIGAON),26.3908333,89.9405555,2014-06-06,0.0,NORMAL,0.0,N/A,NORMAL,,False,,False,,NORMAL,0
Guwahati,13,ISRO1106_15F452(Rangiya Degree College. Rangiya),26.426945,91.61389,2014-06-06,0.0,NORMAL,0.0,N/A,NORMAL,,False,,False,,NORMAL,0
Guwahati,13,ISRO1068_15F42C(TRA. Jorhat),26.730833,94.22667,2014-06-06,0.0,NORMAL,0.0,N/A,NORMAL,,False,,False,,NORMAL,0
Guwahati,13,ISRO1071_15F42F(Ananda),27.44861,94.22945,2014-07-02,0.0,NORMAL,0.0,N/A,NORMAL,,False,,False,,NORMAL,0
Bagdogra,11,ISRO0066_15F042(GOSSAIGAON),26.3908333,89.9405555,2014-07-02,0.0,NORMAL,0.0,N/A,NORMAL,,False,,False,,NORMAL,0
Guwahati,13,ISRO1069_15F42D(TRA. Dikom),27.466667,95.08889,2014-07-02,1.0,NORMAL,0.0,N/A,NORMAL,,False,,False,,NORMAL,0
Guwahati,13,ISRO1106_15F452(Rangiya Degree College. Rangiya),26.426945,91.61389,2014-07-02,0.0,NORMAL,0.0,N/A,NORMAL,,False,,False,,NORMAL,0
Guwahati,13,ISRO1074_15F432(Salonah),26.445833,92.975,2014-07-02,0.0,NORMAL,0.0,N/A,NORMAL,,False,,False,,NORMAL,0
Guwahati,13,ISRO1104_15F450(Dhemaji Degree College. Dhemaji),27.475555,94.55167,2014-07-02,0.0,NORMAL,0.0,N/A,NORMAL,,False,,False,,NORMAL,0
Guwahati,13,ISRO0067_15F043(NALBARI),26.4358333,91.335,2014-07-02,1.0,NORMAL,0.0,N/A,NORMAL,,False,,False,,NORMAL,0
Guwahati,13,ISRO1069_15F42D(TRA. Dikom),27.466667,95.08889,2014-07-03,39.0,T2,0.6923,COARSE,CLOUDBURST_CANDIDATE,L=0.692 | R_core=39.0mm | R_bg=12.0mm (nearest_proxy (533km)) | scale=COARSE | gradient: [ZC:53km=61.0mm] [ZC:85km=79.0mm] [ZC:118km=1.0mm] [ZC:238km=15.0mm] [ZC:269km=17.0mm] [ZC:363km=0.0mm] [ZC:373km=0.0mm] [ZC:389km=27.0mm] [ZC:533km=12.0mm],False,insufficient_pre_event_iwv,False,offline_verification,CANDIDATE_CLOUDBURST,9
Guwahati,13,ISRO1102_15F44E(North Guwhathi College. North Guwhathi),26.202223,91.715836,2014-07-03,0.0,NORMAL,0.0,N/A,NORMAL,,False,,False,,NORMAL,0
Guwahati,13,ISRO1074_15F432(Salonah),26.445833,92.975,2014-07-03,15.0,NORMAL,0.0,N/A,NORMAL,,False,,False,,NORMAL,0
Guwahati,13,ISRO1104_15F450(Dhemaji Degree College. Dhemaji),27.475555,94.55167,2014-07-03,61.0,T2,0.8033,COARSE,CLOUDBURST_CANDIDATE,L=0.803 | R_core=61.0mm | R_bg=12.0mm (nearest_proxy (483km)) | scale=COARSE | gradient: [ZC:32km=79.0mm] [ZC:53km=39.0mm] [ZC:89km=1.0mm] [ZC:194km=15.0mm] [ZC:235km=17.0mm] [ZC:315km=0.0mm] [ZC:339km=27.0mm] [ZC:343km=0.0mm] [ZC:483km=12.0mm],False,insufficient_pre_event_iwv,False,offline_verification,CANDIDATE_CLOUDBURST,9
Guwahati,13,ISRO1112_15F458(President. Gharowa. Lumding),25.751112,93.178055,2014-07-03,17.0,NORMAL,0.0,N/A,NORMAL,,False,,False,,NORMAL,0
Guwahati,13,ISRO1068_15F42C(TRA. Jorhat),26.730833,94.22667,2014-07-03,1.0,NORMAL,0.0,N/A,NORMAL,,False,,False,,NORMAL,0
Lengpui,12,ISRO0069_15F045(ARUNACHAL),24.8541666,92.7388888,2014-07-03,0.0,NORMAL,0.0,N/A,NORMAL,,False,,False,,NORMAL,0
Guwahati,13,ISRO0067_15F043(NALBARI),26.4358333,91.335,2014-07-03,27.0,NORMAL,0.0,N/A,NORMAL,,False,,False,,NORMAL,0
Guwahati,13,ISRO1071_15F42F(Ananda),27.44861,94.22945,2014-07-03,79.0,T2,0.8481,COARSE,CLOUDBURST_CANDIDATE,L=0.848 | R_core=79.0mm | R_bg=12.0mm (nearest_proxy (452km)) | scale=COARSE | gradient: [ZC:32km=61.0mm] [ZC:80km=1.0mm] [ZC:85km=39.0mm] [ZC:167km=15.0mm] [ZC:216km=17.0mm] [ZC:285km=0.0mm] [ZC:308km=27.0mm] [ZC:325km=0.0mm] [ZC:452km=12.0mm],False,insufficient_pre_event_iwv,False,offline_verification,CANDIDATE_CLOUDBURST,9
Guwahati,13,ISRO0076_15F04C(Dhubri),26.023333,89.96917,2014-07-04,0.0,NORMAL,0.0,N/A,NORMAL,,False,,False,,NORMAL,0
Guwahati,13,ISRO1069_15F42D(TRA. Dikom),27.466667,95.08889,2014-07-04,0.0,NORMAL,0.0,N/A,NORMAL,,False,,False,,NORMAL,0
Guwahati,13,ISRO1104_15F450(Dhemaji Degree College. Dhemaji),27.475555,94.55167,2014-07-04,0.0,NORMAL,0.0,N/A,NORMAL,,False,,False,,NORMAL,0
Guwahati,13,ISRO1071_15F42F(Ananda),27.44861,94.22945,2014-07-04,0.0,NORMAL,0.0,N/A,NORMAL,,False,,False,,NORMAL,0
Guwahati,13,ISRO0067_15F043(NALBARI),26.4358333,91.335,2014-07-04,0.0,NORMAL,0.0,N/A,NORMAL,,False,,False,,NORMAL,0
Guwahati,13,ISRO1068_15F42C(TRA. Jorhat),26.730833,94.22667,2014-07-04,0.0,NORMAL,0.0,N/A,NORMAL,,False,,False,,NORMAL,0
Guwahati,13,ISRO1106_15F452(Rangiya Degree College. Rangiya),26.426945,91.61389,2014-07-04,0.0,NORMAL,0.0,N/A,NORMAL,,False,,False,,NORMAL,0
Bagdogra,11,ISRO0066_15F042(GOSSAIGAON),26.3908333,89.9405555,2014-07-04,0.0,NORMAL,0.0,N/A,NORMAL,,False,,False,,NORMAL,0
Guwahati,13,ISRO1112_15F458(President. Gharowa. Lumding),25.751112,93.178055,2014-07-04,0.0,NORMAL,0.0,N/A,NORMAL,,False,,False,,NORMAL,0
Guwahati,13,ISRO1074_15F432(Salonah),26.445833,92.975,2014-07-04,0.0,NORMAL,0.0,N/A,NORMAL,,False,,False,,NORMAL,0
Lengpui,12,ISRO0069_15F045(ARUNACHAL),24.8541666,92.7388888,2014-07-04,0.0,NORMAL,0.0,N/A,NORMAL,,False,,False,,NORMAL,0
Guwahati,13,ISRO1102_15F44E(North Guwhathi College. North Guwhathi),26.202223,91.715836,2014-07-05,0.0,NORMAL,0.0,N/A,NORMAL,,False,,False,,NORMAL,0
Guwahati,13,ISRO1068_15F42C(TRA. Jorhat),26.730833,94.22667,2014-07-05,0.0,NORMAL,0.0,N/A,NORMAL,,False,,False,,NORMAL,0
Guwahati,13,ISRO1104_15F450(Dhemaji Degree College. Dhemaji),27.475555,94.55167,2014-07-05,0.0,NORMAL,0.0,N/A,NORMAL,,False,,False,,NORMAL,0
Guwahati,13,ISRO1071_15F42F(Ananda),27.44861,94.22945,2014-07-05,0.0,NORMAL,0.0,N/A,NORMAL,,False,,False,,NORMAL,0
Guwahati,13,ISRO1074_15F432(Salonah),26.445833,92.975,2014-07-05,0.0,NORMAL,0.0,N/A,NORMAL,,False,,False,,NORMAL,0
Lengpui,12,ISRO0069_15F045(ARUNACHAL),24.8541666,92.7388888,2014-07-05,0.0,NORMAL,0.0,N/A,NORMAL,,False,,False,,NORMAL,0
Bagdogra,11,ISRO0066_15F042(GOSSAIGAON),26.3908333,89.9405555,2014-07-05,0.0,NORMAL,0.0,N/A,NORMAL,,False,,False,,NORMAL,0
Guwahati,13,ISRO0067_15F043(NALBARI),26.4358333,91.335,2014-07-05,0.0,NORMAL,0.0,N/A,NORMAL,,False,,False,,NORMAL,0
Guwahati,13,ISRO1069_15F42D(TRA. Dikom),27.466667,95.08889,2014-07-05,0.0,NORMAL,0.0,N/A,NORMAL,,False,,False,,NORMAL,0
Guwahati,13,ISRO0076_15F04C(Dhubri),26.023333,89.96917,2014-07-05,0.0,NORMAL,0.0,N/A,NORMAL,,False,,False,,NORMAL,0
Guwahati,13,ISRO1112_15F458(President. Gharowa. Lumding),25.751112,93.178055,2014-07-05,0.0,NORMAL,0.0,N/A,NORMAL,,False,,False,,NORMAL,0
Guwahati,13,ISRO1106_15F452(Rangiya Degree College. Rangiya),26.426945,91.61389,2014-07-05,0.0,NORMAL,0.0,N/A,NORMAL,,False,,False,,NORMAL,0
Lengpui,12,ISRO0069_15F045(ARUNACHAL),24.8541666,92.7388888,2014-07-06,0.0,NORMAL,0.0,N/A,NORMAL,,False,,False,,NORMAL,0
Guwahati,13,ISRO1102_15F44E(North Guwhathi College. North Guwhathi),26.202223,91.715836,2014-07-06,0.0,NORMAL,0.0,N/A,NORMAL,,False,,False,,NORMAL,0
Guwahati,13,ISRO1106_15F452(Rangiya Degree College. Rangiya),26.426945,91.61389,2014-07-06,0.0,NORMAL,0.0,N/A,NORMAL,,False,,False,,NORMAL,0
Guwahati,13,ISRO1071_15F42F(Ananda),27.44861,94.22945,2014-07-06,0.0,NORMAL,0.0,N/A,NORMAL,,False,,False,,NORMAL,0
Guwahati,13,ISRO1074_15F432(Salonah),26.445833,92.975,2014-07-06,0.0,NORMAL,0.0,N/A,NORMAL,,False,,False,,NORMAL,0
Guwahati,13,ISRO1069_15F42D(TRA. Dikom),27.466667,95.08889,2014-07-06,0.0,NORMAL,0.0,N/A,NORMAL,,False,,False,,NORMAL,0
Guwahati,13,ISRO1112_15F458(President. Gharowa. Lumding),25.751112,93.178055,2014-07-06,0.0,NORMAL,0.0,N/A,NORMAL,,False,,False,,NORMAL,0
Guwahati,13,ISRO1104_15F450(Dhemaji Degree College. Dhemaji),27.475555,94.55167,2014-07-06,0.0,NORMAL,0.0,N/A,NORMAL,,False,,False,,NORMAL,0
Bagdogra,11,ISRO0066_15F042(GOSSAIGAON),26.3908333,89.9405555,2014-07-06,0.0,NORMAL,0.0,N/A,NORMAL,,False,,False,,NORMAL,0
Guwahati,13,ISRO1068_15F42C(TRA. Jorhat),26.730833,94.22667,2014-07-06,0.0,NORMAL,0.0,N/A,NORMAL,,False,,False,,NORMAL,0
Guwahati,13,ISRO1068_15F42C(TRA. Jorhat),26.730833,94.22667,2014-08-02,0.0,NORMAL,0.0,N/A,NORMAL,,False,,False,,NORMAL,0
Guwahati,13,ISRO1102_15F44E(North Guwhathi College. North Guwhathi),26.202223,91.715836,2014-08-02,0.0,NORMAL,0.0,N/A,NORMAL,,False,,False,,NORMAL,0
Guwahati,13,ISRO1071_15F42F(Ananda),27.44861,94.22945,2014-08-02,10.0,NORMAL,0.0,N/A,NORMAL,,False,,False,,NORMAL,0
Guwahati,13,ISRO1106_15F452(Rangiya Degree College. Rangiya),26.426945,91.61389,2014-08-02,0.0,NORMAL,0.0,N/A,NORMAL,,False,,False,,NORMAL,0
Guwahati,13,ISRO1069_15F42D(TRA. Dikom),27.466667,95.08889,2014-08-02,8.0,NORMAL,0.0,N/A,NORMAL,,False,,False,,NORMAL,0
Guwahati,13,ISRO1104_15F450(Dhemaji Degree College. Dhemaji),27.475555,94.55167,2014-08-02,5.0,NORMAL,0.0,N/A,NORMAL,,False,,False,,NORMAL,0
Guwahati,13,ISRO1074_15F432(Salonah),26.445833,92.975,2014-08-02,0.0,NORMAL,0.0,N/A,NORMAL,,False,,False,,NORMAL,0
Guwahati,13,ISRO1068_15F42C(TRA. Jorhat),26.730833,94.22667,2014-08-03,1.0,NORMAL,0.0,N/A,NORMAL,,False,,False,,NORMAL,0
Guwahati,13,ISRO0076_15F04C(Dhubri),26.023333,89.96917,2014-08-03,12.0,NORMAL,0.0,N/A,NORMAL,,False,,False,,NORMAL,0
Guwahati,13,ISRO1069_15F42D(TRA. Dikom),27.466667,95.08889,2014-08-03,33.0,T2,0.6364,COARSE,CLOUDBURST_CANDIDATE,L=0.636 | R_core=33.0mm | R_bg=12.0mm (nearest_proxy (533km)) | scale=COARSE | gradient: [ZC:53km=58.0mm] [ZC:85km=80.0mm] [ZC:118km=1.0mm] [ZC:238km=15.0mm] [ZC:269km=17.0mm] [ZC:363km=0.0mm] [ZC:373km=0.0mm] [ZC:389km=27.0mm] [ZC:524km=49.0mm] [ZC:533km=12.0mm],False,insufficient_pre_event_iwv,False,offline_verification,CANDIDATE_CLOUDBURST,10
Guwahati,13,ISRO1104_15F450(Dhemaji Degree College. Dhemaji),27.475555,94.55167,2014-08-03,58.0,T2,0.7931,COARSE,CLOUDBURST_CANDIDATE,L=0.793 | R_core=58.0mm | R_bg=12.0mm (nearest_proxy (483km)) | scale=COARSE | gradient: [ZC:32km=80.0mm] [ZC:53km=33.0mm] [ZC:89km=1.0mm] [ZC:194km=15.0mm] [ZC:235km=17.0mm] [ZC:315km=0.0mm] [ZC:339km=27.0mm] [ZC:343km=0.0mm] [ZC:473km=49.0mm] [ZC:483km=12.0mm],False,insufficient_pre_event_iwv,False,offline_verification,CANDIDATE_CLOUDBURST,10
Guwahati,13,ISRO0067_15F043(NALBARI),26.4358333,91.335,2014-08-03,27.0,NORMAL,0.0,N/A,NORMAL,,False,,False,,NORMAL,0
Bagdogra,11,ISRO0066_15F042(GOSSAIGAON),26.3908333,89.9405555,2014-08-03,49.0,T2,0.3265,COARSE,WIDESPREAD_HEAVY_RAIN,L=0.327 | R_core=49.0mm | R_bg=33.0mm (nearest_proxy (524km)) | scale=COARSE | gradient: [ZC:41km=12.0mm] [ZC:139km=27.0mm] [ZC:178km=0.0mm] [ZC:302km=15.0mm] [ZC:328km=0.0mm] [ZC:331km=17.0mm] [ZC:428km=1.0mm] [ZC:441km=80.0mm] [ZC:473km=58.0mm] [ZC:524km=33.0mm],False,insufficient_pre_event_iwv,False,offline_verification,WIDESPREAD_HEAVY_RAIN,10
Guwahati,13,ISRO1074_15F432(Salonah),26.445833,92.975,2014-08-03,15.0,NORMAL,0.0,N/A,NORMAL,,False,,False,,NORMAL,0
Guwahati,13,ISRO1102_15F44E(North Guwhathi College. North Guwhathi),26.202223,91.715836,2014-08-03,0.0,NORMAL,0.0,N/A,NORMAL,,False,,False,,NORMAL,0
Lengpui,12,ISRO0069_15F045(ARUNACHAL),24.8541666,92.7388888,2014-08-03,0.0,NORMAL,0.0,N/A,NORMAL,,False,,False,,NORMAL,0
Guwahati,13,ISRO1112_15F458(President. Gharowa. Lumding),25.751112,93.178055,2014-08-03,17.0,NORMAL,0.0,N/A,NORMAL,,False,,False,,NORMAL,0
Guwahati,13,ISRO1071_15F42F(Ananda),27.44861,94.22945,2014-08-03,80.0,T2,0.85,COARSE,CLOUDBURST_CANDIDATE,L=0.850 | R_core=80.0mm | R_bg=12.0mm (nearest_proxy (452km)) | scale=COARSE | gradient: [ZC:32km=58.0mm] [ZC:80km=1.0mm] [ZC:85km=33.0mm] [ZC:167km=15.0mm] [ZC:216km=17.0mm] [ZC:285km=0.0mm] [ZC:308km=27.0mm] [ZC:325km=0.0mm] [ZC:441km=49.0mm] [ZC:452km=12.0mm],False,insufficient_pre_event_iwv,False,offline_verification,CANDIDATE_CLOUDBURST,10
Bagdogra,11,ISRO0066_15F042(GOSSAIGAON),26.3908333,89.9405555,2014-08-04,0.0,NORMAL,0.0,N/A,NORMAL,,False,,False,,NORMAL,0
Lengpui,12,ISRO0069_15F045(ARUNACHAL),24.8541666,92.7388888,2014-08-04,0.0,NORMAL,0.0,N/A,NORMAL,,False,,False,,NORMAL,0
Guwahati,13,ISRO1068_15F42C(TRA. Jorhat),26.730833,94.22667,2014-08-04,0.0,NORMAL,0.0,N/A,NORMAL,,False,,False,,NORMAL,0
Guwahati,13,ISRO1074_15F432(Salonah),26.445833,92.975,2014-08-04,0.0,NORMAL,0.0,N/A,NORMAL,,False,,False,,NORMAL,0
Guwahati,13,ISRO0067_15F043(NALBARI),26.4358333,91.335,2014-08-04,0.0,NORMAL,0.0,N/A,NORMAL,,False,,False,,NORMAL,0
Guwahati,13,ISRO1104_15F450(Dhemaji Degree College. Dhemaji),27.475555,94.55167,2014-08-04,0.0,NORMAL,0.0,N/A,NORMAL,,False,,False,,NORMAL,0
Guwahati,13,ISRO1102_15F44E(North Guwhathi College. North Guwhathi),26.202223,91.715836,2014-08-04,0.0,NORMAL,0.0,N/A,NORMAL,,False,,False,,NORMAL,0
Guwahati,13,ISRO1112_15F458(President. Gharowa. Lumding),25.751112,93.178055,2014-08-04,0.0,NORMAL,0.0,N/A,NORMAL,,False,,False,,NORMAL,0
Guwahati,13,ISRO1071_15F42F(Ananda),27.44861,94.22945,2014-08-04,0.0,NORMAL,0.0,N/A,NORMAL,,False,,False,,NORMAL,0
Guwahati,13,ISRO1106_15F452(Rangiya Degree College. Rangiya),26.426945,91.61389,2014-08-04,0.0,NORMAL,0.0,N/A,NORMAL,,False,,False,,NORMAL,0
Guwahati,13,ISRO1104_15F450(Dhemaji Degree College. Dhemaji),27.475555,94.55167,2014-08-05,0.0,NORMAL,0.0,N/A,NORMAL,,False,,False,,NORMAL,0
Guwahati,13,ISRO0076_15F04C(Dhubri),26.023333,89.96917,2014-08-05,0.0,NORMAL,0.0,N/A,NORMAL,,False,,False,,NORMAL,0
Guwahati,13,ISRO0067_15F043(NALBARI),26.4358333,91.335,2014-08-05,0.0,NORMAL,0.0,N/A,NORMAL,,False,,False,,NORMAL,0
Guwahati,13,ISRO1071_15F42F(Ananda),27.44861,94.22945,2014-08-05,0.0,NORMAL,0.0,N/A,NORMAL,,False,,False,,NORMAL,0
Guwahati,13,ISRO1074_15F432(Salonah),26.445833,92.975,2014-08-05,0.0,NORMAL,0.0,N/A,NORMAL,,False,,False,,NORMAL,0
Guwahati,13,ISRO1068_15F42C(TRA. Jorhat),26.730833,94.22667,2014-08-05,0.0,NORMAL,0.0,N/A,NORMAL,,False,,False,,NORMAL,0
Guwahati,13,ISRO1102_15F44E(North Guwhathi College. North Guwhathi),26.202223,91.715836,2014-08-05,0.0,NORMAL,0.0,N/A,NORMAL,,False,,False,,NORMAL,0
Guwahati,13,ISRO1112_15F458(President. Gharowa. Lumding),25.751112,93.178055,2014-08-05,0.0,NORMAL,0.0,N/A,NORMAL,,False,,False,,NORMAL,0
Guwahati,13,ISRO1106_15F452(Rangiya Degree College. Rangiya),26.426945,91.61389,2014-08-05,0.0,NORMAL,0.0,N/A,NORMAL,,False,,False,,NORMAL,0
Bagdogra,11,ISRO0066_15F042(GOSSAIGAON),26.3908333,89.9405555,2014-08-05,0.0,NORMAL,0.0,N/A,NORMAL,,False,,False,,NORMAL,0
Lengpui,12,ISRO0069_15F045(ARUNACHAL),24.8541666,92.7388888,2014-08-05,0.0,NORMAL,0.0,N/A,NORMAL,,False,,False,,NORMAL,0
Guwahati,13,ISRO1069_15F42D(TRA. Dikom),27.466667,95.08889,2014-08-05,0.0,NORMAL,0.0,N/A,NORMAL,,False,,False,,NORMAL,0
Guwahati,13,ISRO1106_15F452(Rangiya Degree College. Rangiya),26.426945,91.61389,2014-08-06,0.0,NORMAL,0.0,N/A,NORMAL,,False,,False,,NORMAL,0
Guwahati,13,ISRO0067_15F043(NALBARI),26.4358333,91.335,2014-08-06,0.0,NORMAL,0.0,N/A,NORMAL,,False,,False,,NORMAL,0
Guwahati,13,ISRO1071_15F42F(Ananda),27.44861,94.22945,2014-08-06,0.0,NORMAL,0.0,N/A,NORMAL,,False,,False,,NORMAL,0
Guwahati,13,ISRO1104_15F450(Dhemaji Degree College. Dhemaji),27.475555,94.55167,2014-08-06,0.0,NORMAL,0.0,N/A,NORMAL,,False,,False,,NORMAL,0
Guwahati,13,ISRO1068_15F42C(TRA. Jorhat),26.730833,94.22667,2014-08-06,0.0,NORMAL,0.0,N/A,NORMAL,,False,,False,,NORMAL,0
Bagdogra,11,ISRO0066_15F042(GOSSAIGAON),26.3908333,89.9405555,2014-08-06,0.0,NORMAL,0.0,N/A,NORMAL,,False,,False,,NORMAL,0
Guwahati,13,ISRO1112_15F458(President. Gharowa. Lumding),25.751112,93.178055,2014-08-06,0.0,NORMAL,0.0,N/A,NORMAL,,False,,False,,NORMAL,0
Lengpui,12,ISRO0069_15F045(ARUNACHAL),24.8541666,92.7388888,2014-08-06,0.0,NORMAL,0.0,N/A,NORMAL,,False,,False,,NORMAL,0
Guwahati,13,ISRO1102_15F44E(North Guwhathi College. North Guwhathi),26.202223,91.715836,2014-08-06,0.0,NORMAL,0.0,N/A,NORMAL,,False,,False,,NORMAL,0
Guwahati,13,ISRO0076_15F04C(Dhubri),26.023333,89.96917,2014-08-06,0.0,NORMAL,0.0,N/A,NORMAL,,False,,False,,NORMAL,0
Guwahati,13,ISRO1074_15F432(Salonah),26.445833,92.975,2014-08-06,0.0,NORMAL,0.0,N/A,NORMAL,,False,,False,,NORMAL,0
Guwahati,13,ISRO1074_15F432(Salonah),26.445833,92.975,2014-09-02,0.0,NORMAL,0.0,N/A,NORMAL,,False,,False,,NORMAL,0
Guwahati,13,ISRO1071_15F42F(Ananda),27.44861,94.22945,2014-09-02,22.0,NORMAL,0.0,N/A,NORMAL,,False,,False,,NORMAL,0
Guwahati,13,ISRO1106_15F452(Rangiya Degree College. Rangiya),26.426945,91.61389,2014-09-02,0.0,NORMAL,0.0,N/A,NORMAL,,False,,False,,NORMAL,0
Guwahati,13,ISRO0067_15F043(NALBARI),26.4358333,91.335,2014-09-02,1.0,NORMAL,0.0,N/A,NORMAL,,False,,False,,NORMAL,0
Guwahati,13,ISRO1069_15F42D(TRA. Dikom),27.466667,95.08889,2014-09-02,16.0,NORMAL,0.0,N/A,NORMAL,,False,,False,,NORMAL,0
Guwahati,13,ISRO1104_15F450(Dhemaji Degree College. Dhemaji),27.475555,94.55167,2014-09-02,11.0,NORMAL,0.0,N/A,NORMAL,,False,,False,,NORMAL,0
Guwahati,13,ISRO1102_15F44E(North Guwhathi College. North Guwhathi),26.202223,91.715836,2014-09-03,0.0,NORMAL,0.0,N/A,NORMAL,,False,,False,,NORMAL,0
Guwahati,13,ISRO1069_15F42D(TRA. Dikom),27.466667,95.08889,2014-09-03,25.0,NORMAL,0.0,N/A,NORMAL,,False,,False,,NORMAL,0
Guwahati,13,ISRO1071_15F42F(Ananda),27.44861,94.22945,2014-09-03,68.0,T2,0.8235,COARSE,CLOUDBURST_CANDIDATE,L=0.824 | R_core=68.0mm | R_bg=12.0mm (nearest_proxy (452km)) | scale=COARSE | gradient: [ZC:32km=52.0mm] [ZC:80km=1.0mm] [ZC:85km=25.0mm] [ZC:167km=15.0mm] [ZC:216km=17.0mm] [ZC:285km=0.0mm] [ZC:308km=27.0mm] [ZC:325km=0.0mm] [ZC:441km=49.0mm] [ZC:452km=12.0mm],False,insufficient_pre_event_iwv,False,offline_verification,CANDIDATE_CLOUDBURST,10
Guwahati,13,ISRO1104_15F450(Dhemaji Degree College. Dhemaji),27.475555,94.55167,2014-09-03,52.0,T2,0.7692,COARSE,CLOUDBURST_CANDIDATE,L=0.769 | R_core=52.0mm | R_bg=12.0mm (nearest_proxy (483km)) | scale=COARSE | gradient: [ZC:32km=68.0mm] [ZC:53km=25.0mm] [ZC:89km=1.0mm] [ZC:194km=15.0mm] [ZC:235km=17.0mm] [ZC:315km=0.0mm] [ZC:339km=27.0mm] [ZC:343km=0.0mm] [ZC:473km=49.0mm] [ZC:483km=12.0mm],False,insufficient_pre_event_iwv,False,offline_verification,CANDIDATE_CLOUDBURST,10
Guwahati,13,ISRO1068_15F42C(TRA. Jorhat),26.730833,94.22667,2014-09-03,1.0,NORMAL,0.0,N/A,NORMAL,,False,,False,,NORMAL,0
Bagdogra,11,ISRO0066_15F042(GOSSAIGAON),26.3908333,89.9405555,2014-09-03,49.0,T2,0.4898,COARSE,CLOUDBURST_CANDIDATE,L=0.490 | R_core=49.0mm | R_bg=25.0mm (nearest_proxy (524km)) | scale=COARSE | gradient: [ZC:41km=12.0mm] [ZC:139km=27.0mm] [ZC:178km=0.0mm] [ZC:302km=15.0mm] [ZC:328km=0.0mm] [ZC:331km=17.0mm] [ZC:428km=1.0mm] [ZC:441km=68.0mm] [ZC:473km=52.0mm] [ZC:524km=25.0mm],False,insufficient_pre_event_iwv,False,offline_verification,CANDIDATE_CLOUDBURST,10
Lengpui,12,ISRO0069_15F045(ARUNACHAL),24.8541666,92.7388888,2014-09-03,0.0,NORMAL,0.0,N/A,NORMAL,,False,,False,,NORMAL,0
Guwahati,13,ISRO1112_15F458(President. Gharowa. Lumding),25.751112,93.178055,2014-09-03,17.0,NORMAL,0.0,N/A,NORMAL,,False,,False,,NORMAL,0
Guwahati,13,ISRO0076_15F04C(Dhubri),26.023333,89.96917,2014-09-03,12.0,NORMAL,0.0,N/A,NORMAL,,False,,False,,NORMAL,0
Guwahati,13,ISRO1074_15F432(Salonah),26.445833,92.975,2014-09-03,15.0,NORMAL,0.0,N/A,NORMAL,,False,,False,,NORMAL,0
Guwahati,13,ISRO0076_15F04C(Dhubri),26.023333,89.96917,2014-09-04,0.0,NORMAL,0.0,N/A,NORMAL,,False,,False,,NORMAL,0
Bagdogra,11,ISRO0066_15F042(GOSSAIGAON),26.3908333,89.9405555,2014-09-04,0.0,NORMAL,0.0,N/A,NORMAL,,False,,False,,NORMAL,0
Guwahati,13,ISRO1074_15F432(Salonah),26.445833,92.975,2014-09-04,0.0,NORMAL,0.0,N/A,NORMAL,,False,,False,,NORMAL,0
Guwahati,13,ISRO1102_15F44E(North Guwhathi College. North Guwhathi),26.202223,91.715836,2014-09-04,0.0,NORMAL,0.0,N/A,NORMAL,,False,,False,,NORMAL,0
Guwahati,13,ISRO1112_15F458(President. Gharowa. Lumding),25.751112,93.178055,2014-09-04,0.0,NORMAL,0.0,N/A,NORMAL,,False,,False,,NORMAL,0
Lengpui,12,ISRO0069_15F045(ARUNACHAL),24.8541666,92.7388888,2014-09-04,0.0,NORMAL,0.0,N/A,NORMAL,,False,,False,,NORMAL,0
Guwahati,13,ISRO1071_15F42F(Ananda),27.44861,94.22945,2014-09-04,0.0,NORMAL,0.0,N/A,NORMAL,,False,,False,,NORMAL,0
Guwahati,13,ISRO1069_15F42D(TRA. Dikom),27.466667,95.08889,2014-09-04,0.0,NORMAL,0.0,N/A,NORMAL,,False,,False,,NORMAL,0
Guwahati,13,ISRO1106_15F452(Rangiya Degree College. Rangiya),26.426945,91.61389,2014-09-04,0.0,NORMAL,0.0,N/A,NORMAL,,False,,False,,NORMAL,0
Guwahati,13,ISRO1104_15F450(Dhemaji Degree College. Dhemaji),27.475555,94.55167,2014-09-04,0.0,NORMAL,0.0,N/A,NORMAL,,False,,False,,NORMAL,0
Guwahati,13,ISRO1068_15F42C(TRA. Jorhat),26.730833,94.22667,2014-09-04,0.0,NORMAL,0.0,N/A,NORMAL,,False,,False,,NORMAL,0
Guwahati,13,ISRO0062_15F03E(LAKHIMPUR),27.2041666,94.1069444,2014-09-04,0.0,NORMAL,0.0,N/A,NORMAL,,False,,False,,NORMAL,0
Guwahati,13,ISRO1106_15F452(Rangiya Degree College. Rangiya),26.426945,91.61389,2014-09-05,0.0,NORMAL,0.0,N/A,NORMAL,,False,,False,,NORMAL,0
Guwahati,13,ISRO1112_15F458(President. Gharowa. Lumding),25.751112,93.178055,2014-09-05,0.0,NORMAL,0.0,N/A,NORMAL,,False,,False,,NORMAL,0
Guwahati,13,ISRO0067_15F043(NALBARI),26.4358333,91.335,2014-09-05,0.0,NORMAL,0.0,N/A,NORMAL,,False,,False,,NORMAL,0
Guwahati,13,ISRO1069_15F42D(TRA. Dikom),27.466667,95.08889,2014-09-05,0.0,NORMAL,0.0,N/A,NORMAL,,False,,False,,NORMAL,0
Guwahati,13,ISRO0062_15F03E(LAKHIMPUR),27.2041666,94.1069444,2014-09-05,0.0,NORMAL,0.0,N/A,NORMAL,,False,,False,,NORMAL,0
Guwahati,13,ISRO1071_15F42F(Ananda),27.44861,94.22945,2014-09-05,0.0,NORMAL,0.0,N/A,NORMAL,,False,,False,,NORMAL,0
Guwahati,13,ISRO1074_15F432(Salonah),26.445833,92.975,2014-09-05,0.0,NORMAL,0.0,N/A,NORMAL,,False,,False,,NORMAL,0
Guwahati,13,ISRO1104_15F450(Dhemaji Degree College. Dhemaji),27.475555,94.55167,2014-09-05,0.0,NORMAL,0.0,N/A,NORMAL,,False,,False,,NORMAL,0
Guwahati,13,ISRO1102_15F44E(North Guwhathi College. North Guwhathi),26.202223,91.715836,2014-09-05,0.0,NORMAL,0.0,N/A,NORMAL,,False,,False,,NORMAL,0
Bagdogra,11,ISRO0066_15F042(GOSSAIGAON),26.3908333,89.9405555,2014-09-05,0.0,NORMAL,0.0,N/A,NORMAL,,False,,False,,NORMAL,0
Lengpui,12,ISRO0069_15F045(ARUNACHAL),24.8541666,92.7388888,2014-09-05,0.0,NORMAL,0.0,N/A,NORMAL,,False,,False,,NORMAL,0
Guwahati,13,ISRO1068_15F42C(TRA. Jorhat),26.730833,94.22667,2014-09-05,0.0,NORMAL,0.0,N/A,NORMAL,,False,,False,,NORMAL,0
Guwahati,13,ISRO1069_15F42D(TRA. Dikom),27.466667,95.08889,2014-09-06,0.0,NORMAL,0.0,N/A,NORMAL,,False,,False,,NORMAL,0
Guwahati,13,ISRO1074_15F432(Salonah),26.445833,92.975,2014-09-06,0.0,NORMAL,0.0,N/A,NORMAL,,False,,False,,NORMAL,0
Guwahati,13,ISRO1106_15F452(Rangiya Degree College. Rangiya),26.426945,91.61389,2014-09-06,0.0,NORMAL,0.0,N/A,NORMAL,,False,,False,,NORMAL,0
Guwahati,13,ISRO1112_15F458(President. Gharowa. Lumding),25.751112,93.178055,2014-09-06,0.0,NORMAL,0.0,N/A,NORMAL,,False,,False,,NORMAL,0
Guwahati,13,ISRO1104_15F450(Dhemaji Degree College. Dhemaji),27.475555,94.55167,2014-09-06,0.0,NORMAL,0.0,N/A,NORMAL,,False,,False,,NORMAL,0
Lengpui,12,ISRO0069_15F045(ARUNACHAL),24.8541666,92.7388888,2014-09-06,0.0,NORMAL,0.0,N/A,NORMAL,,False,,False,,NORMAL,0
Guwahati,13,ISRO1071_15F42F(Ananda),27.44861,94.22945,2014-09-06,0.0,NORMAL,0.0,N/A,NORMAL,,False,,False,,NORMAL,0
Bagdogra,11,ISRO0066_15F042(GOSSAIGAON),26.3908333,89.9405555,2014-09-06,0.0,NORMAL,0.0,N/A,NORMAL,,False,,False,,NORMAL,0
Guwahati,13,ISRO1102_15F44E(North Guwhathi College. North Guwhathi),26.202223,91.715836,2014-09-06,0.0,NORMAL,0.0,N/A,NORMAL,,False,,False,,NORMAL,0
Guwahati,13,ISRO0067_15F043(NALBARI),26.4358333,91.335,2014-09-06,0.0,NORMAL,0.0,N/A,NORMAL,,False,,False,,NORMAL,0
Guwahati,13,ISRO0062_15F03E(LAKHIMPUR),27.2041666,94.1069444,2014-09-06,0.0,NORMAL,0.0,N/A,NORMAL,,False,,False,,NORMAL,0
Guwahati,13,ISRO1068_15F42C(TRA. Jorhat),26.730833,94.22667,2014-09-06,0.0,NORMAL,0.0,N/A,NORMAL,,False,,False,,NORMAL,0
Guwahati,13,ISRO1104_15F450(Dhemaji Degree College. Dhemaji),27.475555,94.55167,2014-10-02,11.0,NORMAL,0.0,N/A,NORMAL,,False,,False,,NORMAL,0
Guwahati,13,ISRO1069_15F42D(TRA. Dikom),27.466667,95.08889,2014-10-02,16.0,NORMAL,0.0,N/A,NORMAL,,False,,False,,NORMAL,0
Guwahati,13,ISRO1106_15F452(Rangiya Degree College. Rangiya),26.426945,91.61389,2014-10-02,0.0,NORMAL,0.0,N/A,NORMAL,,False,,False,,NORMAL,0
Guwahati,13,ISRO1068_15F42C(TRA. Jorhat),26.730833,94.22667,2014-10-02,0.0,NORMAL,0.0,N/A,NORMAL,,False,,False,,NORMAL,0
Guwahati,13,ISRO1071_15F42F(Ananda),27.44861,94.22945,2014-10-02,26.0,NORMAL,0.0,N/A,NORMAL,,False,,False,,NORMAL,0
Guwahati,13,ISRO1074_15F432(Salonah),26.445833,92.975,2014-10-02,0.0,NORMAL,0.0,N/A,NORMAL,,False,,False,,NORMAL,0
Guwahati,13,ISRO0067_15F043(NALBARI),26.4358333,91.335,2014-10-02,1.0,NORMAL,0.0,N/A,NORMAL,,False,,False,,NORMAL,0
Guwahati,13,ISRO1112_15F458(President. Gharowa. Lumding),25.751112,93.178055,2014-10-03,17.0,NORMAL,0.0,N/A,NORMAL,,False,,False,,NORMAL,0
Lengpui,12,ISRO0069_15F045(ARUNACHAL),24.8541666,92.7388888,2014-10-03,0.0,NORMAL,0.0,N/A,NORMAL,,False,,False,,NORMAL,0
Bagdogra,11,ISRO0066_15F042(GOSSAIGAON),26.3908333,89.9405555,2014-10-03,49.0,T2,0.4898,COARSE,CLOUDBURST_CANDIDATE,L=0.490 | R_core=49.0mm | R_bg=25.0mm (nearest_proxy (524km)) | scale=COARSE | gradient: [ZC:41km=12.0mm] [ZC:139km=27.0mm] [ZC:178km=0.0mm] [ZC:302km=15.0mm] [ZC:328km=0.0mm] [ZC:331km=17.0mm] [ZC:428km=1.0mm] [ZC:441km=64.0mm] [ZC:473km=52.0mm] [ZC:524km=25.0mm],False,insufficient_pre_event_iwv,False,offline_verification,CANDIDATE_CLOUDBURST,10
Guwahati,13,ISRO1102_15F44E(North Guwhathi College. North Guwhathi),26.202223,91.715836,2014-10-03,0.0,NORMAL,0.0,N/A,NORMAL,,False,,False,,NORMAL,0
Guwahati,13,ISRO1104_15F450(Dhemaji Degree College. Dhemaji),27.475555,94.55167,2014-10-03,52.0,T2,0.7692,COARSE,CLOUDBURST_CANDIDATE,L=0.769 | R_core=52.0mm | R_bg=12.0mm (nearest_proxy (483km)) | scale=COARSE | gradient: [ZC:32km=64.0mm] [ZC:53km=25.0mm] [ZC:89km=1.0mm] [ZC:194km=15.0mm] [ZC:235km=17.0mm] [ZC:315km=0.0mm] [ZC:339km=27.0mm] [ZC:343km=0.0mm] [ZC:473km=49.0mm] [ZC:483km=12.0mm],False,insufficient_pre_event_iwv,False,offline_verification,CANDIDATE_CLOUDBURST,10
Guwahati,13,ISRO1069_15F42D(TRA. Dikom),27.466667,95.08889,2014-10-03,25.0,NORMAL,0.0,N/A,NORMAL,,False,,False,,NORMAL,0
Guwahati,13,ISRO1071_15F42F(Ananda),27.44861,94.22945,2014-10-03,64.0,T2,0.8125,COARSE,CLOUDBURST_CANDIDATE,L=0.812 | R_core=64.0mm | R_bg=12.0mm (nearest_proxy (452km)) | scale=COARSE | gradient: [ZC:32km=52.0mm] [ZC:80km=1.0mm] [ZC:85km=25.0mm] [ZC:167km=15.0mm] [ZC:216km=17.0mm] [ZC:285km=0.0mm] [ZC:308km=27.0mm] [ZC:325km=0.0mm] [ZC:441km=49.0mm] [ZC:452km=12.0mm],False,insufficient_pre_event_iwv,False,offline_verification,CANDIDATE_CLOUDBURST,10
Guwahati,13,ISRO0076_15F04C(Dhubri),26.023333,89.96917,2014-10-03,12.0,NORMAL,0.0,N/A,NORMAL,,False,,False,,NORMAL,0
Guwahati,13,ISRO1068_15F42C(TRA. Jorhat),26.730833,94.22667,2014-10-03,1.0,NORMAL,0.0,N/A,NORMAL,,False,,False,,NORMAL,0
Guwahati,13,ISRO1074_15F432(Salonah),26.445833,92.975,2014-10-03,15.0,NORMAL,0.0,N/A,NORMAL,,False,,False,,NORMAL,0
Guwahati,13,ISRO0067_15F043(NALBARI),26.4358333,91.335,2014-10-03,27.0,NORMAL,0.0,N/A,NORMAL,,False,,False,,NORMAL,0
Guwahati,13,ISRO1068_15F42C(TRA. Jorhat),26.730833,94.22667,2014-10-04,0.0,NORMAL,0.0,N/A,NORMAL,,False,,False,,NORMAL,0
Guwahati,13,ISRO1104_15F450(Dhemaji Degree College. Dhemaji),27.475555,94.55167,2014-10-04,0.0,NORMAL,0.0,N/A,NORMAL,,False,,False,,NORMAL,0
Guwahati,13,ISRO0076_15F04C(Dhubri),26.023333,89.96917,2014-10-04,0.0,NORMAL,0.0,N/A,NORMAL,,False,,False,,NORMAL,0
Guwahati,13,ISRO1071_15F42F(Ananda),27.44861,94.22945,2014-10-04,0.0,NORMAL,0.0,N/A,NORMAL,,False,,False,,NORMAL,0
Lengpui,12,ISRO0069_15F045(ARUNACHAL),24.8541666,92.7388888,2014-10-04,0.0,NORMAL,0.0,N/A,NORMAL,,False,,False,,NORMAL,0
Guwahati,13,ISRO1102_15F44E(North Guwhathi College. North Guwhathi),26.202223,91.715836,2014-10-04,0.0,NORMAL,0.0,N/A,NORMAL,,False,,False,,NORMAL,0
Guwahati,13,ISRO1106_15F452(Rangiya Degree College. Rangiya),26.426945,91.61389,2014-10-04,0.0,NORMAL,0.0,N/A,NORMAL,,False,,False,,NORMAL,0
Bagdogra,11,ISRO0066_15F042(GOSSAIGAON),26.3908333,89.9405555,2014-10-04,0.0,NORMAL,0.0,N/A,NORMAL,,False,,False,,NORMAL,0
Guwahati,13,ISRO1112_15F458(President. Gharowa. Lumding),25.751112,93.178055,2014-10-04,0.0,NORMAL,0.0,N/A,NORMAL,,False,,False,,NORMAL,0
Lengpui,12,ISRO0069_15F045(ARUNACHAL),24.8541666,92.7388888,2014-10-05,0.0,NORMAL,0.0,N/A,NORMAL,,False,,False,,NORMAL,0
Guwahati,13,ISRO1112_15F458(President. Gharowa. Lumding),25.751112,93.178055,2014-10-05,0.0,NORMAL,0.0,N/A,NORMAL,,False,,False,,NORMAL,0
Guwahati,13,ISRO0067_15F043(NALBARI),26.4358333,91.335,2014-10-05,0.0,NORMAL,0.0,N/A,NORMAL,,False,,False,,NORMAL,0
Guwahati,13,ISRO1068_15F42C(TRA. Jorhat),26.730833,94.22667,2014-10-05,0.0,NORMAL,0.0,N/A,NORMAL,,False,,False,,NORMAL,0
Guwahati,13,ISRO1074_15F432(Salonah),26.445833,92.975,2014-10-05,0.0,NORMAL,0.0,N/A,NORMAL,,False,,False,,NORMAL,0
Guwahati,13,ISRO0062_15F03E(LAKHIMPUR),27.2041666,94.1069444,2014-10-05,0.0,NORMAL,0.0,N/A,NORMAL,,False,,False,,NORMAL,0
Guwahati,13,ISRO1104_15F450(Dhemaji Degree College. Dhemaji),27.475555,94.55167,2014-10-05,0.0,NORMAL,0.0,N/A,NORMAL,,False,,False,,NORMAL,0
Guwahati,13,ISRO1102_15F44E(North Guwhathi College. North Guwhathi),26.202223,91.715836,2014-10-05,0.0,NORMAL,0.0,N/A,NORMAL,,False,,False,,NORMAL,0
Guwahati,13,ISRO1069_15F42D(TRA. Dikom),27.466667,95.08889,2014-10-05,0.0,NORMAL,0.0,N/A,NORMAL,,False,,False,,NORMAL,0
Guwahati,13,ISRO1071_15F42F(Ananda),27.44861,94.22945,2014-10-05,0.0,NORMAL,0.0,N/A,NORMAL,,False,,False,,NORMAL,0
Bagdogra,11,ISRO0066_15F042(GOSSAIGAON),26.3908333,89.9405555,2014-10-05,0.0,NORMAL,0.0,N/A,NORMAL,,False,,False,,NORMAL,0
Guwahati,13,ISRO1106_15F452(Rangiya Degree College. Rangiya),26.426945,91.61389,2014-10-05,0.0,NORMAL,0.0,N/A,NORMAL,,False,,False,,NORMAL,0
Guwahati,13,ISRO0062_15F03E(LAKHIMPUR),27.2041666,94.1069444,2014-10-06,0.0,NORMAL,0.0,N/A,NORMAL,,False,,False,,NORMAL,0
Guwahati,13,ISRO0076_15F04C(Dhubri),26.023333,89.96917,2014-10-06,0.0,NORMAL,0.0,N/A,NORMAL,,False,,False,,NORMAL,0
Guwahati,13,ISRO1074_15F432(Salonah),26.445833,92.975,2014-10-06,0.0,NORMAL,0.0,N/A,NORMAL,,False,,False,,NORMAL,0
Guwahati,13,ISRO1106_15F452(Rangiya Degree College. Rangiya),26.426945,91.61389,2014-10-06,0.0,NORMAL,0.0,N/A,NORMAL,,False,,False,,NORMAL,0
Bagdogra,11,ISRO0066_15F042(GOSSAIGAON),26.3908333,89.9405555,2014-10-06,0.0,NORMAL,0.0,N/A,NORMAL,,False,,False,,NORMAL,0
Guwahati,13,ISRO1068_15F42C(TRA. Jorhat),26.730833,94.22667,2014-10-06,0.0,NORMAL,0.0,N/A,NORMAL,,False,,False,,NORMAL,0
Guwahati,13,ISRO1071_15F42F(Ananda),27.44861,94.22945,2014-10-06,0.0,NORMAL,0.0,N/A,NORMAL,,False,,False,,NORMAL,0
Guwahati,13,ISRO1112_15F458(President. Gharowa. Lumding),25.751112,93.178055,2014-10-06,0.0,NORMAL,0.0,N/A,NORMAL,,False,,False,,NORMAL,0
Guwahati,13,ISRO1104_15F450(Dhemaji Degree College. Dhemaji),27.475555,94.55167,2014-10-06,0.0,NORMAL,0.0,N/A,NORMAL,,False,,False,,NORMAL,0
Guwahati,13,ISRO1069_15F42D(TRA. Dikom),27.466667,95.08889,2014-10-06,0.0,NORMAL,0.0,N/A,NORMAL,,False,,False,,NORMAL,0
Guwahati,13,ISRO0067_15F043(NALBARI),26.4358333,91.335,2014-10-06,0.0,NORMAL,0.0,N/A,NORMAL,,False,,False,,NORMAL,0
Lengpui,12,ISRO0069_15F045(ARUNACHAL),24.8541666,92.7388888,2014-10-06,0.0,NORMAL,0.0,N/A,NORMAL,,False,,False,,NORMAL,0
Guwahati,13,ISRO1068_15F42C(TRA. Jorhat),26.730833,94.22667,2014-11-02,0.0,NORMAL,0.0,N/A,NORMAL,,False,,False,,NORMAL,0
Guwahati,13,ISRO1106_15F452(Rangiya Degree College. Rangiya),26.426945,91.61389,2014-11-02,0.0,NORMAL,0.0,N/A,NORMAL,,False,,False,,NORMAL,0
Guwahati,13,ISRO0062_15F03E(LAKHIMPUR),27.2041666,94.1069444,2014-11-02,0.0,NORMAL,0.0,N/A,NORMAL,,False,,False,,NORMAL,0
Guwahati,13,ISRO1071_15F42F(Ananda),27.44861,94.22945,2014-11-02,26.0,NORMAL,0.0,N/A,NORMAL,,False,,False,,NORMAL,0
Guwahati,13,ISRO1102_15F44E(North Guwhathi College. North Guwhathi),26.202223,91.715836,2014-11-02,0.0,NORMAL,0.0,N/A,NORMAL,,False,,False,,NORMAL,0
Guwahati,13,ISRO1069_15F42D(TRA. Dikom),27.466667,95.08889,2014-11-02,16.0,NORMAL,0.0,N/A,NORMAL,,False,,False,,NORMAL,0
Guwahati,13,ISRO0067_15F043(NALBARI),26.4358333,91.335,2014-11-02,1.0,NORMAL,0.0,N/A,NORMAL,,False,,False,,NORMAL,0
Guwahati,13,ISRO1074_15F432(Salonah),26.445833,92.975,2014-11-02,0.0,NORMAL,0.0,N/A,NORMAL,,False,,False,,NORMAL,0
Guwahati,13,ISRO1104_15F450(Dhemaji Degree College. Dhemaji),27.475555,94.55167,2014-11-02,11.0,NORMAL,0.0,N/A,NORMAL,,False,,False,,NORMAL,0
Guwahati,13,ISRO1104_15F450(Dhemaji Degree College. Dhemaji),27.475555,94.55167,2014-11-03,52.0,T2,0.7692,COARSE,CLOUDBURST_CANDIDATE,L=0.769 | R_core=52.0mm | R_bg=12.0mm (nearest_proxy (483km)) | scale=COARSE | gradient: [ZC:32km=64.0mm] [ZC:53km=25.0mm] [ZC:53km=0.0mm] [ZC:89km=1.0mm] [ZC:194km=15.0mm] [ZC:235km=17.0mm] [ZC:339km=27.0mm] [ZC:343km=0.0mm] [ZC:473km=49.0mm] [ZC:483km=12.0mm],False,insufficient_pre_event_iwv,False,offline_verification,CANDIDATE_CLOUDBURST,10
Guwahati,13,ISRO0076_15F04C(Dhubri),26.023333,89.96917,2014-11-03,12.0,NORMAL,0.0,N/A,NORMAL,,False,,False,,NORMAL,0
Bagdogra,11,ISRO0066_15F042(GOSSAIGAON),26.3908333,89.9405555,2014-11-03,49.0,T2,0.4898,COARSE,CLOUDBURST_CANDIDATE,L=0.490 | R_core=49.0mm | R_bg=25.0mm (nearest_proxy (524km)) | scale=COARSE | gradient: [ZC:41km=12.0mm] [ZC:139km=27.0mm] [ZC:302km=15.0mm] [ZC:328km=0.0mm] [ZC:331km=17.0mm] [ZC:423km=0.0mm] [ZC:428km=1.0mm] [ZC:441km=64.0mm] [ZC:473km=52.0mm] [ZC:524km=25.0mm],False,insufficient_pre_event_iwv,False,offline_verification,CANDIDATE_CLOUDBURST,10
Guwahati,13,ISRO0062_15F03E(LAKHIMPUR),27.2041666,94.1069444,2014-11-03,0.0,NORMAL,0.0,N/A,NORMAL,,False,,False,,NORMAL,0
Guwahati,13,ISRO1112_15F458(President. Gharowa. Lumding),25.751112,93.178055,2014-11-03,17.0,NORMAL,0.0,N/A,NORMAL,,False,,False,,NORMAL,0
Guwahati,13,ISRO1071_15F42F(Ananda),27.44861,94.22945,2014-11-03,64.0,T2,0.8125,COARSE,CLOUDBURST_CANDIDATE,L=0.812 | R_core=64.0mm | R_bg=12.0mm (nearest_proxy (452km)) | scale=COARSE | gradient: [ZC:30km=0.0mm] [ZC:32km=52.0mm] [ZC:80km=1.0mm] [ZC:85km=25.0mm] [ZC:167km=15.0mm] [ZC:216km=17.0mm] [ZC:308km=27.0mm] [ZC:325km=0.0mm] [ZC:441km=49.0mm] [ZC:452km=12.0mm],False,insufficient_pre_event_iwv,False,offline_verification,CANDIDATE_CLOUDBURST,10
Guwahati,13,ISRO1068_15F42C(TRA. Jorhat),26.730833,94.22667,2014-11-03,1.0,NORMAL,0.0,N/A,NORMAL,,False,,False,,NORMAL,0
Lengpui,12,ISRO0069_15F045(ARUNACHAL),24.8541666,92.7388888,2014-11-03,0.0,NORMAL,0.0,N/A,NORMAL,,False,,False,,NORMAL,0
Guwahati,13,ISRO1074_15F432(Salonah),26.445833,92.975,2014-11-03,15.0,NORMAL,0.0,N/A,NORMAL,,False,,False,,NORMAL,0
Guwahati,13,ISRO1104_15F450(Dhemaji Degree College. Dhemaji),27.475555,94.55167,2014-11-04,0.0,NORMAL,0.0,N/A,NORMAL,,False,,False,,NORMAL,0
Guwahati,13,ISRO1071_15F42F(Ananda),27.44861,94.22945,2014-11-04,0.0,NORMAL,0.0,N/A,NORMAL,,False,,False,,NORMAL,0
Guwahati,13,ISRO1106_15F452(Rangiya Degree College. Rangiya),26.426945,91.61389,2014-11-04,0.0,NORMAL,0.0,N/A,NORMAL,,False,,False,,NORMAL,0
Guwahati,13,ISRO1069_15F42D(TRA. Dikom),27.466667,95.08889,2014-11-04,0.0,NORMAL,0.0,N/A,NORMAL,,False,,False,,NORMAL,0
Guwahati,13,ISRO1068_15F42C(TRA. Jorhat),26.730833,94.22667,2014-11-04,0.0,NORMAL,0.0,N/A,NORMAL,,False,,False,,NORMAL,0
Guwahati,13,ISRO1112_15F458(President. Gharowa. Lumding),25.751112,93.178055,2014-11-04,0.0,NORMAL,0.0,N/A,NORMAL,,False,,False,,NORMAL,0
Guwahati,13,ISRO1102_15F44E(North Guwhathi College. North Guwhathi),26.202223,91.715836,2014-11-04,0.0,NORMAL,0.0,N/A,NORMAL,,False,,False,,NORMAL,0
Lengpui,12,ISRO0069_15F045(ARUNACHAL),24.8541666,92.7388888,2014-11-04,0.0,NORMAL,0.0,N/A,NORMAL,,False,,False,,NORMAL,0
Guwahati,13,ISRO0062_15F03E(LAKHIMPUR),27.2041666,94.1069444,2014-11-04,0.0,NORMAL,0.0,N/A,NORMAL,,False,,False,,NORMAL,0
Bagdogra,11,ISRO0066_15F042(GOSSAIGAON),26.3908333,89.9405555,2014-11-04,0.0,NORMAL,0.0,N/A,NORMAL,,False,,False,,NORMAL,0
Guwahati,13,ISRO0067_15F043(NALBARI),26.4358333,91.335,2014-11-04,0.0,NORMAL,0.0,N/A,NORMAL,,False,,False,,NORMAL,0
Guwahati,13,ISRO1074_15F432(Salonah),26.445833,92.975,2014-11-04,0.0,NORMAL,0.0,N/A,NORMAL,,False,,False,,NORMAL,0
Guwahati,13,ISRO1074_15F432(Salonah),26.445833,92.975,2014-11-05,0.0,NORMAL,0.0,N/A,NORMAL,,False,,False,,NORMAL,0
Guwahati,13,ISRO1104_15F450(Dhemaji Degree College. Dhemaji),27.475555,94.55167,2014-11-05,0.0,NORMAL,0.0,N/A,NORMAL,,False,,False,,NORMAL,0
Guwahati,13,ISRO0062_15F03E(LAKHIMPUR),27.2041666,94.1069444,2014-11-05,0.0,NORMAL,0.0,N/A,NORMAL,,False,,False,,NORMAL,0
Guwahati,13,ISRO1112_15F458(President. Gharowa. Lumding),25.751112,93.178055,2014-11-05,0.0,NORMAL,0.0,N/A,NORMAL,,False,,False,,NORMAL,0
Bagdogra,11,ISRO0066_15F042(GOSSAIGAON),26.3908333,89.9405555,2014-11-05,0.0,NORMAL,0.0,N/A,NORMAL,,False,,False,,NORMAL,0
Guwahati,13,ISRO1106_15F452(Rangiya Degree College. Rangiya),26.426945,91.61389,2014-11-05,0.0,NORMAL,0.0,N/A,NORMAL,,False,,False,,NORMAL,0
Guwahati,13,ISRO1069_15F42D(TRA. Dikom),27.466667,95.08889,2014-11-05,0.0,NORMAL,0.0,N/A,NORMAL,,False,,False,,NORMAL,0
Guwahati,13,ISRO1068_15F42C(TRA. Jorhat),26.730833,94.22667,2014-11-05,0.0,NORMAL,0.0,N/A,NORMAL,,False,,False,,NORMAL,0
Guwahati,13,ISRO1071_15F42F(Ananda),27.44861,94.22945,2014-11-05,0.0,NORMAL,0.0,N/A,NORMAL,,False,,False,,NORMAL,0
Lengpui,12,ISRO0069_15F045(ARUNACHAL),24.8541666,92.7388888,2014-11-05,0.0,NORMAL,0.0,N/A,NORMAL,,False,,False,,NORMAL,0
Guwahati,13,ISRO0076_15F04C(Dhubri),26.023333,89.96917,2014-11-05,0.0,NORMAL,0.0,N/A,NORMAL,,False,,False,,NORMAL,0
Guwahati,13,ISRO0067_15F043(NALBARI),26.4358333,91.335,2014-11-05,0.0,NORMAL,0.0,N/A,NORMAL,,False,,False,,NORMAL,0
Guwahati,13,ISRO1102_15F44E(North Guwhathi College. North Guwhathi),26.202223,91.715836,2014-11-06,0.0,NORMAL,0.0,N/A,NORMAL,,False,,False,,NORMAL,0
Guwahati,13,ISRO0076_15F04C(Dhubri),26.023333,89.96917,2014-11-06,0.0,NORMAL,0.0,N/A,NORMAL,,False,,False,,NORMAL,0
Guwahati,13,ISRO1074_15F432(Salonah),26.445833,92.975,2014-11-06,0.0,NORMAL,0.0,N/A,NORMAL,,False,,False,,NORMAL,0
Bagdogra,11,ISRO0066_15F042(GOSSAIGAON),26.3908333,89.9405555,2014-11-06,0.0,NORMAL,0.0,N/A,NORMAL,,False,,False,,NORMAL,0
Lengpui,12,ISRO0069_15F045(ARUNACHAL),24.8541666,92.7388888,2014-11-06,0.0,NORMAL,0.0,N/A,NORMAL,,False,,False,,NORMAL,0
Guwahati,13,ISRO1068_15F42C(TRA. Jorhat),26.730833,94.22667,2014-11-06,0.0,NORMAL,0.0,N/A,NORMAL,,False,,False,,NORMAL,0
Guwahati,13,ISRO1071_15F42F(Ananda),27.44861,94.22945,2014-11-06,0.0,NORMAL,0.0,N/A,NORMAL,,False,,False,,NORMAL,0
Guwahati,13,ISRO1106_15F452(Rangiya Degree College. Rangiya),26.426945,91.61389,2014-11-06,0.0,NORMAL,0.0,N/A,NORMAL,,False,,False,,NORMAL,0
Guwahati,13,ISRO1104_15F450(Dhemaji Degree College. Dhemaji),27.475555,94.55167,2014-11-06,0.0,NORMAL,0.0,N/A,NORMAL,,False,,False,,NORMAL,0
Guwahati,13,ISRO0062_15F03E(LAKHIMPUR),27.2041666,94.1069444,2014-11-06,0.0,NORMAL,0.0,N/A,NORMAL,,False,,False,,NORMAL,0
Guwahati,13,ISRO1112_15F458(President. Gharowa. Lumding),25.751112,93.178055,2014-11-06,0.0,NORMAL,0.0,N/A,NORMAL,,False,,False,,NORMAL,0
Guwahati,13,ISRO1074_15F432(Salonah),26.445833,92.975,2014-12-02,0.0,NORMAL,0.0,N/A,NORMAL,,False,,False,,NORMAL,0
Guwahati,13,ISRO1104_15F450(Dhemaji Degree College. Dhemaji),27.475555,94.55167,2014-12-02,12.0,NORMAL,0.0,N/A,NORMAL,,False,,False,,NORMAL,0
Guwahati,13,ISRO1069_15F42D(TRA. Dikom),27.466667,95.08889,2014-12-02,17.0,NORMAL,0.0,N/A,NORMAL,,False,,False,,NORMAL,0
Guwahati,13,ISRO1071_15F42F(Ananda),27.44861,94.22945,2014-12-02,26.0,NORMAL,0.0,N/A,NORMAL,,False,,False,,NORMAL,0
Guwahati,13,ISRO0067_15F043(NALBARI),26.4358333,91.335,2014-12-02,1.0,NORMAL,0.0,N/A,NORMAL,,False,,False,,NORMAL,0
Guwahati,13,ISRO0062_15F03E(LAKHIMPUR),27.2041666,94.1069444,2014-12-02,0.0,NORMAL,0.0,N/A,NORMAL,,False,,False,,NORMAL,0
Guwahati,13,ISRO1106_15F452(Rangiya Degree College. Rangiya),26.426945,91.61389,2014-12-02,0.0,NORMAL,0.0,N/A,NORMAL,,False,,False,,NORMAL,0
Guwahati,13,ISRO1068_15F42C(TRA. Jorhat),26.730833,94.22667,2014-12-02,1.0,NORMAL,0.0,N/A,NORMAL,,False,,False,,NORMAL,0
Guwahati,13,ISRO1112_15F458(President. Gharowa. Lumding),25.751112,93.178055,2014-12-03,17.0,NORMAL,0.0,N/A,NORMAL,,False,,False,,NORMAL,0
Bagdogra,11,ISRO0066_15F042(GOSSAIGAON),26.3908333,89.9405555,2014-12-03,49.0,T2,0.5102,COARSE,CLOUDBURST_CANDIDATE,L=0.510 | R_core=49.0mm | R_bg=24.0mm (nearest_proxy (524km)) | scale=COARSE | gradient: [ZC:41km=12.0mm] [ZC:139km=27.0mm] [ZC:178km=0.0mm] [ZC:302km=15.0mm] [ZC:331km=17.0mm] [ZC:423km=0.0mm] [ZC:428km=0.0mm] [ZC:441km=64.0mm] [ZC:473km=51.0mm] [ZC:524km=24.0mm],False,insufficient_pre_event_iwv,False,offline_verification,CANDIDATE_CLOUDBURST,10
Guwahati,13,ISRO1104_15F450(Dhemaji Degree College. Dhemaji),27.475555,94.55167,2014-12-03,51.0,T2,0.7647,COARSE,CLOUDBURST_CANDIDATE,L=0.765 | R_core=51.0mm | R_bg=12.0mm (nearest_proxy (483km)) | scale=COARSE | gradient: [ZC:32km=64.0mm] [ZC:53km=24.0mm] [ZC:53km=0.0mm] [ZC:89km=0.0mm] [ZC:194km=15.0mm] [ZC:235km=17.0mm] [ZC:315km=0.0mm] [ZC:339km=27.0mm] [ZC:473km=49.0mm] [ZC:483km=12.0mm],False,insufficient_pre_event_iwv,False,offline_verification,CANDIDATE_CLOUDBURST,10
Guwahati,13,ISRO1071_15F42F(Ananda),27.44861,94.22945,2014-12-03,64.0,T2,0.8125,COARSE,CLOUDBURST_CANDIDATE,L=0.812 | R_core=64.0mm | R_bg=12.0mm (nearest_proxy (452km)) | scale=COARSE | gradient: [ZC:30km=0.0mm] [ZC:32km=51.0mm] [ZC:80km=0.0mm] [ZC:85km=24.0mm] [ZC:167km=15.0mm] [ZC:216km=17.0mm] [ZC:285km=0.0mm] [ZC:308km=27.0mm] [ZC:441km=49.0mm] [ZC:452km=12.0mm],False,insufficient_pre_event_iwv,False,offline_verification,CANDIDATE_CLOUDBURST,10
